eBird English Name,eBird Scientific Name,India,Subcontinent,Mainland India,Western Ghats,Southern Andhra Pradesh,Southern Deccan Plateau,Central India,Western Himalayas,Eastern Himalayas,Himalayas,Assam Plains,Indus Plains,Northern Myanmar Lowlands,Andaman and Nicobar islands
Fulvous Whistling-Duck,Dendrocygna bicolor,,,,,,,,,,,,,,
Lesser Whistling-Duck,Dendrocygna javanica,,,,,,,,,,,,,,
White-headed Duck,Oxyura leucocephala,,,,,,,,,,,,,,
Mute Swan,Cygnus olor,,,,,,,,,,,,,,
Tundra Swan,Cygnus columbianus,,,,,,,,,,,,,,
Whooper Swan,Cygnus cygnus,,,,,,,,,,,,,,
Red-breasted Goose,Branta ruficollis,,,,,,,,,,,,,,
Bar-headed Goose,Anser indicus,,,,,,,,,,,,,,
Graylag Goose,Anser anser,,,,,,,,,,,,,,
Taiga Bean-Goose,Anser fabalis,,,,,,,,,,,,,,
Tundra Bean-Goose,Anser serrirostris,,,,,,,,,,,,,,
Greater White-fronted Goose,Anser albifrons,,,,,,,,,,,,,,
Lesser White-fronted Goose,Anser erythropus,,,,,,,,,,,,,,
Long-tailed Duck,Clangula hyemalis,,,,,,,,,,,,,,
Common Goldeneye,Bucephala clangula,,,,,,,,,,,,,,
Smew,Mergellus albellus,,,,,,,,,,,,,,
Common Merganser,Mergus merganser,,,,,,,,,,,,,,
Red-breasted Merganser,Mergus serrator,,,,,,,,,,,,,,
Common Shelduck,Tadorna tadorna,,,,,,,,,,,,,,
Ruddy Shelduck,Tadorna ferruginea,,,,,,,,,,,,,,
Marbled Teal,Marmaronetta angustirostris,,,,,,,,,,,,,,
White-winged Duck,Asarcornis scutulata,,,,,,,,,,,,,,
Red-crested Pochard,Netta rufina,,,,,,,,,,,,,,
Common Pochard,Aythya ferina,,,,,,,,,,,,,,
Baer's Pochard,Aythya baeri,,,,,,,,,,,,,,
Ferruginous Duck,Aythya nyroca,,,,,,,,,,,,,,
Tufted Duck,Aythya fuligula,,,,,,,,,,,,,,
Greater Scaup,Aythya marila,,,,,,,,,,,,,,
Pink-headed Duck,Rhodonessa caryophyllacea,,,,,,,,,,,,,,
Garganey,Spatula querquedula,,,,,,,,,,,,,,
Northern Shoveler,Spatula clypeata,,,,,,,,,,,,,,
Baikal Teal,Sibirionetta formosa,,,,,,,,,,,,,,
Falcated Duck,Mareca falcata,,,,,,,,,,,,,,
Gadwall,Mareca strepera,,,,,,,,,,,,,,
Eurasian Wigeon,Mareca penelope,,,,,,,,,,,,,,
Eastern Spot-billed Duck,Anas zonorhyncha,,,,,,,,,,,,,,
Indian Spot-billed Duck,Anas poecilorhyncha,,,,,,,,,,,,,,
Mallard,Anas platyrhynchos,,,,,,,,,,,,,,
Andaman Teal,Anas albogularis,1,1,,,,,,,,,,,,1
Northern Pintail,Anas acuta,,,,,,,,,,,,,,
Green-winged Teal,Anas crecca,,,,,,,,,,,,,,
Knob-billed Duck,Sarkidiornis melanotos,,,,,,,,,,,,,,
Mandarin Duck,Aix galericulata,,,,,,,,,,,,,,
Cotton Pygmy-Goose,Nettapus coromandelianus,,,,,,,,,,,,,,
Nicobar Scrubfowl,Megapodius nicobariensis,1,1,,,,,,,,,,,,1
Hill Partridge,Arborophila torqueola,,,,,,,,,,1,,,,
Rufous-throated Partridge,Arborophila rufogularis,,,,,,,,,,,,,,
White-cheeked Partridge,Arborophila atrogularis,,,,,,,,,1,1,,,,
Chestnut-breasted Partridge,Arborophila mandellii,,1,,,,,,,1,1,,,,
Indian Peafowl,Pavo cristatus,,1,,,,,,,,,,,,
Green Peafowl,Pavo muticus,,,,,,,,,,,,,,
Gray Peacock-Pheasant,Polyplectron bicalcaratum,,,,,,,,,,,,,,
Common Quail,Coturnix coturnix,,,,,,,,,,,,,,
Japanese Quail,Coturnix japonica,,,,,,,,,,,,,,
Rain Quail,Coturnix coromandelica,,,,,,,,,,,,,,
Blue-breasted Quail,Synoicus chinensis,,,,,,,,,,,,,,
Himalayan Snowcock,Tetraogallus himalayensis,,,,,,,,,,1,,,,
Tibetan Snowcock,Tetraogallus tibetanus,,,,,,,,,,,,,,
Chukar,Alectoris chukar,,,,,,,,,,,,,,
Snow Partridge,Lerwa lerwa,,,,,,,,,,,,,,
Jungle Bush-Quail,Perdicula asiatica,,1,,,,,,,,,,,,
Rock Bush-Quail,Perdicula argoondah,1,1,1,,,,,,,,,,,
Painted Bush-Quail,Perdicula erythrorhyncha,1,1,1,,,,,,,,,,,
Manipur Bush-Quail,Perdicula manipurensis,1,1,1,,,,,,,,1,,,
Himalayan Quail,Ophrysia superciliosa,1,1,1,,,,,1,,1,,,,
Black Francolin,Francolinus francolinus,,,,,,,,,,,,,,
Painted Francolin,Francolinus pictus,,1,,,,,,,,,,,,
Chinese Francolin,Francolinus pintadeanus,,,,,,,,,,,,,,
Gray Francolin,Francolinus pondicerianus,,,,,,,,,,,,,,
Swamp Francolin,Francolinus gularis,,1,,,,,,,,,,,,
Mountain Bamboo-Partridge,Bambusicola fytchii,,,,,,,,,,,,,,
Red Junglefowl,Gallus gallus,,,,,,,,,,,,,,
Gray Junglefowl,Gallus sonneratii,1,1,1,,,,,,,,,,,
Himalayan Monal,Lophophorus impejanus,,,,,,,,,,1,,,,
Sclater's Monal,Lophophorus sclateri,,,,,,,,,1,1,,,,
Western Tragopan,Tragopan melanocephalus,,1,,,,,,1,,1,,,,
Satyr Tragopan,Tragopan satyra,,1,,,,,,,,1,,,,
Blyth's Tragopan,Tragopan blythii,,,,,,,,,1,1,,,,
Temminck's Tragopan,Tragopan temminckii,,,,,,,,,,,,,,
Hume's Pheasant,Syrmaticus humiae,,,,,,,,,,,,,,
Cheer Pheasant,Catreus wallichii,,1,,,,,,1,,1,,,,
Kalij Pheasant,Lophura leucomelanos,,,,,,,,,,,,,,
Tibetan Partridge,Perdix hodgsoniae,,,,,,,,,,,,,,
Red Spurfowl,Galloperdix spadicea,1,1,1,,,,,,,,,,,
Painted Spurfowl,Galloperdix lunulata,1,1,1,,,,,,,,,,,
Koklass Pheasant,Pucrasia macrolopha,,,,,,,,,,,,,,
Blood Pheasant,Ithaginis cruentus,,,,,,,,,,,,,,
Greater Flamingo,Phoenicopterus roseus,,,,,,,,,,,,,,
Lesser Flamingo,Phoeniconaias minor,,,,,,,,,,,,,,
Little Grebe,Tachybaptus ruficollis,,,,,,,,,,,,,,
Red-necked Grebe,Podiceps grisegena,,,,,,,,,,,,,,
Great Crested Grebe,Podiceps cristatus,,,,,,,,,,,,,,
Horned Grebe,Podiceps auritus,,,,,,,,,,,,,,
Eared Grebe,Podiceps nigricollis,,,,,,,,,,,,,,
Rock Pigeon,Columba livia,,,,,,,,,,,,,,
Hill Pigeon,Columba rupestris,,,,,,,,,,,,,,
Snow Pigeon,Columba leuconota,,,,,,,,,,,,,,
Pale-backed Pigeon,Columba eversmanni,,,,,,,,,,,,,,
Common Wood-Pigeon,Columba palumbus,,,,,,,,,,,,,,
Speckled Wood-Pigeon,Columba hodgsonii,,,,,,,,,,,,,,
Ashy Wood-Pigeon,Columba pulchricollis,,,,,,,,,,,,,,
Nilgiri Wood-Pigeon,Columba elphinstonii,1,1,1,1,,,,,,,,,,
Pale-capped Pigeon,Columba punicea,,,,,,,,,,,,,,
Andaman Wood-Pigeon,Columba palumboides,1,1,,,,,,,,,,,,1
European Turtle-Dove,Streptopelia turtur,,,,,,,,,,,,,,
Oriental Turtle-Dove,Streptopelia orientalis,,,,,,,,,,,,,,
Eurasian Collared-Dove,Streptopelia decaocto,,,,,,,,,,,,,,
Red Collared-Dove,Streptopelia tranquebarica,,,,,,,,,,,,,,
Spotted Dove,Streptopelia chinensis,,,,,,,,,,,,,,
Laughing Dove,Streptopelia senegalensis,,,,,,,,,,,,,,
Barred Cuckoo-Dove,Macropygia unchall,,,,,,,,,,,,,,
Andaman Cuckoo-Dove,Macropygia rufipennis,1,1,,,,,,,,,,,,1
Orange-breasted Pigeon,Treron bicinctus,,,,,,,,,,,,,,
Ashy-headed Green-Pigeon,Treron phayrei,,,,,,,,,,,,,,
Gray-fronted Green-Pigeon,Treron affinis,1,1,1,1,,,,,,,,,,
Andaman Green-Pigeon,Treron chloropterus,1,1,,,,,,,,,,,,1
Thick-billed Pigeon,Treron curvirostra,,,,,,,,,,,,,,
Yellow-footed Pigeon,Treron phoenicopterus,,,,,,,,,,,,,,
Pin-tailed Pigeon,Treron apicauda,,,,,,,,,,,,,,
Wedge-tailed Pigeon,Treron sphenurus,,,,,,,,,,,,,,
Nicobar Pigeon,Caloenas nicobarica,,,,,,,,,,,,,,
Asian Emerald Dove,Chalcophaps indica,,,,,,,,,,,,,,
Namaqua Dove,Oena capensis,,,,,,,,,,,,,,
Green Imperial-Pigeon,Ducula aenea,,,,,,,,,,,,,,
Nicobar Imperial-Pigeon,Ducula nicobarica,1,1,,,,,,,,,,,,1
Mountain Imperial-Pigeon,Ducula badia,,,,,,,,,,,,,,
Pied Imperial-Pigeon,Ducula bicolor,,,,,,,,,,,,,,
Tibetan Sandgrouse,Syrrhaptes tibetanus,,,,,,,,,,,,,,
Pallas's Sandgrouse,Syrrhaptes paradoxus,,,,,,,,,,,,,,
Pin-tailed Sandgrouse,Pterocles alchata,,,,,,,,,,,,,,
Chestnut-bellied Sandgrouse,Pterocles exustus,,,,,,,,,,,,,,
Spotted Sandgrouse,Pterocles senegallus,,,,,,,,,,,,,,
Black-bellied Sandgrouse,Pterocles orientalis,,,,,,,,,,,,,,
Painted Sandgrouse,Pterocles indicus,,1,,,,,,,,,,,,
Red-billed Tropicbird,Phaethon aethereus,,,,,,,,,,,,,,
Red-tailed Tropicbird,Phaethon rubricauda,,,,,,,,,,,,,,
White-tailed Tropicbird,Phaethon lepturus,,,,,,,,,,,,,,
Sri Lanka Frogmouth,Batrachostomus moniliger,,1,,,,,,,,,,,,
Hodgson's Frogmouth,Batrachostomus hodgsoni,,,,,,,,,,,,,,
Great Eared-Nightjar,Lyncornis macrotis,,,,,,,,,,,,,,
Gray Nightjar,Caprimulgus jotaka,,,,,,,,,,,,,,
Jungle Nightjar,Caprimulgus indicus,,1,,,,,,,,,,,,
Eurasian Nightjar,Caprimulgus europaeus,,,,,,,,,,,,,,
Sykes's Nightjar,Caprimulgus mahrattensis,,,,,,,,,,,,,,
Jerdon's Nightjar,Caprimulgus atripennis,,1,,,,,,,,,,,,
Large-tailed Nightjar,Caprimulgus macrurus,,,,,,,,,,,,,,
Andaman Nightjar,Caprimulgus andamanicus,1,1,,,,,,,,,,,,1
Indian Nightjar,Caprimulgus asiaticus,,,,,,,,,,,,,,
Savanna Nightjar,Caprimulgus affinis,,,,,,,,,,,,,,
Crested Treeswift,Hemiprocne coronata,,,,,,,,,,,,,,
White-rumped Needletail,Zoonavena sylvatica,,1,,,,,,,,,,,,
White-throated Needletail,Hirundapus caudacutus,,,,,,,,,,,,,,
Silver-backed Needletail,Hirundapus cochinchinensis,,,,,,,,,,,,,,
Brown-backed Needletail,Hirundapus giganteus,,,,,,,,,,,,,,
Plume-toed Swiftlet,Collocalia affinis,,,,,,,,,,,,,,
Himalayan Swiftlet,Aerodramus brevirostris,,,,,,,,,,,,,,
Indian Swiftlet,Aerodramus unicolor,,1,,,,,,,,,,,,
White-nest Swiftlet,Aerodramus fuciphagus,,,,,,,,,,,,,,
Asian Palm-Swift,Cypsiurus balasiensis,,,,,,,,,,,,,,
Alpine Swift,Apus melba,,,,,,,,,,,,,,
Dark-rumped Swift,Apus acuticauda,,,,,,,,,,,,,,
Pacific Swift,Apus pacificus,,,,,,,,,,,,,,
Blyth's Swift,Apus leuconyx,,,,,,,,,,,,,,
House Swift,Apus nipalensis,,,,,,,,,,,,,,
Little Swift,Apus affinis,,,,,,,,,,,,,,
Common Swift,Apus apus,,,,,,,,,,,,,,
Greater Coucal,Centropus sinensis,,,,,,,,,,,,,,
Andaman Coucal,Centropus andamanensis,,,,,,,,,,,,,,1
Lesser Coucal,Centropus bengalensis,,,,,,,,,,,,,,
Sirkeer Malkoha,Taccocua leschenaultii,,1,,,,,,,,,,,,
Blue-faced Malkoha,Phaenicophaeus viridirostris,,1,,,,,,,,,,,,
Green-billed Malkoha,Phaenicophaeus tristis,,,,,,,,,,,,,,
Pied Cuckoo,Clamator jacobinus,,,,,,,,,,,,,,
Chestnut-winged Cuckoo,Clamator coromandus,,,,,,,,,,,,,,
Asian Koel,Eudynamys scolopaceus,,,,,,,,,,,,,,
Asian Emerald Cuckoo,Chrysococcyx maculatus,,,,,,,,,,,,,,
Violet Cuckoo,Chrysococcyx xanthorhynchus,,,,,,,,,,,,,,
Horsfield's Bronze-Cuckoo,Chrysococcyx basalis,,,,,,,,,,,,,,
Banded Bay Cuckoo,Cacomantis sonneratii,,,,,,,,,,,,,,
Plaintive Cuckoo,Cacomantis merulinus,,,,,,,,,,,,,,
Gray-bellied Cuckoo,Cacomantis passerinus,,1,,,,,,,,,,,,
Fork-tailed Drongo-Cuckoo,Surniculus dicruroides,,,,,,,,,,,,,,
Square-tailed Drongo-Cuckoo,Surniculus lugubris,,,,,,,,,,,,,,
Large Hawk-Cuckoo,Hierococcyx sparverioides,,,,,,,,,,,,,,
Common Hawk-Cuckoo,Hierococcyx varius,,1,,,,,,,,,,,,
Hodgson's Hawk-Cuckoo,Hierococcyx nisicolor,,,,,,,,,,,,,,
Indian Cuckoo,Cuculus micropterus,,,,,,,,,,,,,,
Common Cuckoo,Cuculus canorus,,,,,,,,,,,,,,
Himalayan Cuckoo,Cuculus saturatus,,,,,,,,,,,,,,
Lesser Cuckoo,Cuculus poliocephalus,,,,,,,,,,,,,,
Andaman Crake,Rallina canningi,1,1,,,,,,,,,,,,1
Slaty-legged Crake,Rallina eurizonoides,,,,,,,,,,,,,,
Water Rail,Rallus aquaticus,,,,,,,,,,,,,,
Brown-cheeked Rail,Rallus indicus,,,,,,,,,,,,,,
Slaty-breasted Rail,Lewinia striata,,,,,,,,,,,,,,
Corn Crake,Crex crex,,,,,,,,,,,,,,
Spotted Crake,Porzana porzana,,,,,,,,,,,,,,
Ruddy-breasted Crake,Zapornia fusca,,,,,,,,,,,,,,
Brown Crake,Zapornia akool,,,,,,,,,,,,,,
Little Crake,Zapornia parva,,,,,,,,,,,,,,
Baillon's Crake,Zapornia pusilla,,,,,,,,,,,,,,
Black-tailed Crake,Zapornia bicolor,,,,,,,,,,,,,,
White-breasted Waterhen,Amaurornis phoenicurus,,,,,,,,,,,,,,
White-browed Crake,Amaurornis cinerea,,,,,,,,,,,,,,
Watercock,Gallicrex cinerea,,,,,,,,,,,,,,
Gray-headed Swamphen,Porphyrio poliocephalus,,,,,,,,,,,,,,
Eurasian Moorhen,Gallinula chloropus,,,,,,,,,,,,,,
Eurasian Coot,Fulica atra,,,,,,,,,,,,,,
Masked Finfoot,Heliopais personatus,,,,,,,,,,,,,,
Siberian Crane,Leucogeranus leucogeranus,,,,,,,,,,,,,,
Sarus Crane,Antigone antigone,,,,,,,,,,,,,,
Demoiselle Crane,Anthropoides virgo,,,,,,,,,,,,,,
Common Crane,Grus grus,,,,,,,,,,,,,,
Black-necked Crane,Grus nigricollis,,,,,,,,,,,,,,
Indian Bustard,Ardeotis nigriceps,,1,,,,,,,,,,,,
Little Bustard,Tetrax tetrax,,,,,,,,,,,,,,
Bengal Florican,Houbaropsis bengalensis,,,,,,,,,,,,,,
Lesser Florican,Sypheotides indicus,,1,,,,,,,,,,,,
Macqueen's Bustard,Chlamydotis macqueenii,,,,,,,,,,,,,,
Red-throated Loon,Gavia stellata,,,,,,,,,,,,,,
Arctic Loon,Gavia arctica,,,,,,,,,,,,,,
Wilson's Storm-Petrel,Oceanites oceanicus,,,,,,,,,,,,,,
White-faced Storm-Petrel,Pelagodroma marina,,,,,,,,,,,,,,
Black-bellied Storm-Petrel,Fregetta tropica,,,,,,,,,,,,,,
Swinhoe's Storm-Petrel,Oceanodroma monorhis,,,,,,,,,,,,,,
Barau's Petrel,Pterodroma baraui,,,,,,,,,,,,,,
Wedge-tailed Shearwater,Ardenna pacifica,,,,,,,,,,,,,,
Short-tailed Shearwater,Ardenna tenuirostris,,,,,,,,,,,,,,
Flesh-footed Shearwater,Ardenna carneipes,,,,,,,,,,,,,,
Streaked Shearwater,Calonectris leucomelas,,,,,,,,,,,,,,
Cory's Shearwater,Calonectris diomedea,,,,,,,,,,,,,,
Tropical Shearwater,Puffinus bailloni,,,,,,,,,,,,,,
Persian Shearwater,Puffinus persicus,,,,,,,,,,,,,,
Jouanin's Petrel,Bulweria fallax,,,,,,,,,,,,,,
Greater Adjutant,Leptoptilos dubius,,,,,,,,,,,,,,
Lesser Adjutant,Leptoptilos javanicus,,,,,,,,,,,,,,
Painted Stork,Mycteria leucocephala,,,,,,,,,,,,,,
Asian Openbill,Anastomus oscitans,,,,,,,,,,,,,,
Black Stork,Ciconia nigra,,,,,,,,,,,,,,
Woolly-necked Stork,Ciconia episcopus,,,,,,,,,,,,,,
White Stork,Ciconia ciconia,,,,,,,,,,,,,,
Black-necked Stork,Ephippiorhynchus asiaticus,,,,,,,,,,,,,,
Great White Pelican,Pelecanus onocrotalus,,,,,,,,,,,,,,
Spot-billed Pelican,Pelecanus philippensis,,,,,,,,,,,,,,
Dalmatian Pelican,Pelecanus crispus,,,,,,,,,,,,,,
Great Bittern,Botaurus stellaris,,,,,,,,,,,,,,
Little Bittern,Ixobrychus minutus,,,,,,,,,,,,,,
Yellow Bittern,Ixobrychus sinensis,,,,,,,,,,,,,,
Cinnamon Bittern,Ixobrychus cinnamomeus,,,,,,,,,,,,,,
Black Bittern,Ixobrychus flavicollis,,,,,,,,,,,,,,
Malayan Night-Heron,Gorsachius melanolophus,,,,,,,,,,,,,,
Black-crowned Night-Heron,Nycticorax nycticorax,,,,,,,,,,,,,,
White-eared Night-Heron,Gorsachius magnificus,,,,,,,,,,,,,,
Striated Heron,Butorides striata,,,,,,,,,,,,,,
Indian Pond-Heron,Ardeola grayii,,,,,,,,,,,,,,
Chinese Pond-Heron,Ardeola bacchus,,,,,,,,,,,,,,
Javan Pond-Heron,Ardeola speciosa,,,,,,,,,,,,,,
Cattle Egret,Bubulcus ibis,,,,,,,,,,,,,,
Gray Heron,Ardea cinerea,,,,,,,,,,,,,,
White-bellied Heron,Ardea insignis,,,,,,,,,,,,,,
Goliath Heron,Ardea goliath,,,,,,,,,,,,,,
Purple Heron,Ardea purpurea,,,,,,,,,,,,,,
Great Egret,Ardea alba,,,,,,,,,,,,,,
Intermediate Egret,Ardea intermedia,,,,,,,,,,,,,,
Little Egret,Egretta garzetta,,,,,,,,,,,,,,
Western Reef-Heron,Egretta gularis,,,,,,,,,,,,,,
Pacific Reef-Heron,Egretta sacra,,,,,,,,,,,,,,
Chinese Egret,Egretta eulophotes,,,,,,,,,,,,,,
Black-headed Ibis,Threskiornis melanocephalus,,,,,,,,,,,,,,
Eurasian Spoonbill,Platalea leucorodia,,,,,,,,,,,,,,
Red-naped Ibis,Pseudibis papillosa,,1,,,,,,,,,,,,
Glossy Ibis,Plegadis falcinellus,,,,,,,,,,,,,,
Lesser Frigatebird,Fregata ariel,,,,,,,,,,,,,,
Great Frigatebird,Fregata minor,,,,,,,,,,,,,,
Christmas Island Frigatebird,Fregata andrewsi,,,,,,,,,,,,,,
Red-footed Booby,Sula sula,,,,,,,,,,,,,,
Brown Booby,Sula leucogaster,,,,,,,,,,,,,,
Masked Booby,Sula dactylatra,,,,,,,,,,,,,,
Little Cormorant,Microcarbo niger,,,,,,,,,,,,,,
Great Cormorant,Phalacrocorax carbo,,,,,,,,,,,,,,
Indian Cormorant,Phalacrocorax fuscicollis,,,,,,,,,,,,,,
Oriental Darter,Anhinga melanogaster,,,,,,,,,,,,,,
Indian Thick-knee,Burhinus indicus,,,,,,,,,,,,,,
Great Thick-knee,Esacus recurvirostris,,,,,,,,,,,,,,
Beach Thick-knee,Esacus magnirostris,,,,,,,,,,,,,,
Eurasian Oystercatcher,Haematopus ostralegus,,,,,,,,,,,,,,
Ibisbill,Ibidorhyncha struthersii,,,,,,,,,,,,,,
Pied Avocet,Recurvirostra avosetta,,,,,,,,,,,,,,
Black-winged Stilt,Himantopus himantopus,,,,,,,,,,,,,,
Black-bellied Plover,Pluvialis squatarola,,,,,,,,,,,,,,
European Golden-Plover,Pluvialis apricaria,,,,,,,,,,,,,,
Pacific Golden-Plover,Pluvialis fulva,,,,,,,,,,,,,,
Common Ringed Plover,Charadrius hiaticula,,,,,,,,,,,,,,
Long-billed Plover,Charadrius placidus,,,,,,,,,,,,,,
Little Ringed Plover,Charadrius dubius,,,,,,,,,,,,,,
Kentish Plover,Charadrius alexandrinus,,,,,,,,,,,,,,
Lesser Sand-Plover,Charadrius mongolus,,,,,,,,,,,,,,
Greater Sand-Plover,Charadrius leschenaultii,,,,,,,,,,,,,,
Caspian Plover,Charadrius asiaticus,,,,,,,,,,,,,,
Oriental Plover,Charadrius veredus,,,,,,,,,,,,,,
Northern Lapwing,Vanellus vanellus,,,,,,,,,,,,,,
River Lapwing,Vanellus duvaucelii,,,,,,,,,,,,,,
Yellow-wattled Lapwing,Vanellus malabaricus,,1,,,,,,,,,,,,
Gray-headed Lapwing,Vanellus cinereus,,,,,,,,,,,,,,
Red-wattled Lapwing,Vanellus indicus,,,,,,,,,,,,,,
Sociable Lapwing,Vanellus gregarius,,,,,,,,,,,,,,
White-tailed Lapwing,Vanellus leucurus,,,,,,,,,,,,,,
Greater Painted-Snipe,Rostratula benghalensis,,,,,,,,,,,,,,
Pheasant-tailed Jacana,Hydrophasianus chirurgus,,,,,,,,,,,,,,
Bronze-winged Jacana,Metopidius indicus,,,,,,,,,,,,,,
Whimbrel,Numenius phaeopus,,,,,,,,,,,,,,
Eurasian Curlew,Numenius arquata,,,,,,,,,,,,,,
Bar-tailed Godwit,Limosa lapponica,,,,,,,,,,,,,,
Black-tailed Godwit,Limosa limosa,,,,,,,,,,,,,,
Ruddy Turnstone,Arenaria interpres,,,,,,,,,,,,,,
Great Knot,Calidris tenuirostris,,,,,,,,,,,,,,
Red Knot,Calidris canutus,,,,,,,,,,,,,,
Ruff,Calidris pugnax,,,,,,,,,,,,,,
Broad-billed Sandpiper,Calidris falcinellus,,,,,,,,,,,,,,
Sharp-tailed Sandpiper,Calidris acuminata,,,,,,,,,,,,,,
Curlew Sandpiper,Calidris ferruginea,,,,,,,,,,,,,,
Temminck's Stint,Calidris temminckii,,,,,,,,,,,,,,
Long-toed Stint,Calidris subminuta,,,,,,,,,,,,,,
Spoon-billed Sandpiper,Calidris pygmea,,,,,,,,,,,,,,
Red-necked Stint,Calidris ruficollis,,,,,,,,,,,,,,
Sanderling,Calidris alba,,,,,,,,,,,,,,
Dunlin,Calidris alpina,,,,,,,,,,,,,,
Little Stint,Calidris minuta,,,,,,,,,,,,,,
Buff-breasted Sandpiper,Calidris subruficollis,,,,,,,,,,,,,,
Pectoral Sandpiper,Calidris melanotos,,,,,,,,,,,,,,
Asian Dowitcher,Limnodromus semipalmatus,,,,,,,,,,,,,,
Long-billed Dowitcher,Limnodromus scolopaceus,,,,,,,,,,,,,,
Eurasian Woodcock,Scolopax rusticola,,,,,,,,,,,,,,
Solitary Snipe,Gallinago solitaria,,,,,,,,,,,,,,
Wood Snipe,Gallinago nemoricola,,,,,,,,,,,,,,
Pin-tailed Snipe,Gallinago stenura,,,,,,,,,,,,,,
Swinhoe's Snipe,Gallinago megala,,,,,,,,,,,,,,
Great Snipe,Gallinago media,,,,,,,,,,,,,,
Common Snipe,Gallinago gallinago,,,,,,,,,,,,,,
Jack Snipe,Lymnocryptes minimus,,,,,,,,,,,,,,
Terek Sandpiper,Xenus cinereus,,,,,,,,,,,,,,
Common Sandpiper,Actitis hypoleucos,,,,,,,,,,,,,,
Green Sandpiper,Tringa ochropus,,,,,,,,,,,,,,
Gray-tailed Tattler,Tringa brevipes,,,,,,,,,,,,,,
Spotted Redshank,Tringa erythropus,,,,,,,,,,,,,,
Common Greenshank,Tringa nebularia,,,,,,,,,,,,,,
Common Redshank,Tringa totanus,,,,,,,,,,,,,,
Wood Sandpiper,Tringa glareola,,,,,,,,,,,,,,
Marsh Sandpiper,Tringa stagnatilis,,,,,,,,,,,,,,
Red-necked Phalarope,Phalaropus lobatus,,,,,,,,,,,,,,
Red Phalarope,Phalaropus fulicarius,,,,,,,,,,,,,,
Small Buttonquail,Turnix sylvaticus,,,,,,,,,,,,,,
Yellow-legged Buttonquail,Turnix tanki,,,,,,,,,,,,,,
Barred Buttonquail,Turnix suscitator,,,,,,,,,,,,,,
Crab-Plover,Dromas ardeola,,,,,,,,,,,,,,
Jerdon's Courser,Rhinoptilus bitorquatus,1,1,1,,1,,,,,,,,,
Cream-colored Courser,Cursorius cursor,,,,,,,,,,,,,,
Indian Courser,Cursorius coromandelicus,,1,,,,,,,,,,,,
Collared Pratincole,Glareola pratincola,,,,,,,,,,,,,,
Oriental Pratincole,Glareola maldivarum,,,,,,,,,,,,,,
Small Pratincole,Glareola lactea,,,,,,,,,,,,,,
Long-tailed Jaeger,Stercorarius longicaudus,,,,,,,,,,,,,,
Parasitic Jaeger,Stercorarius parasiticus,,,,,,,,,,,,,,
Pomarine Jaeger,Stercorarius pomarinus,,,,,,,,,,,,,,
South Polar Skua,Stercorarius maccormicki,,,,,,,,,,,,,,
Brown Skua,Stercorarius antarcticus,,,,,,,,,,,,,,
Brown Noddy,Anous stolidus,,,,,,,,,,,,,,
Lesser Noddy,Anous tenuirostris,,,,,,,,,,,,,,
Black Noddy,Anous minutus,,,,,,,,,,,,,,
White Tern,Gygis alba,,,,,,,,,,,,,,
Indian Skimmer,Rynchops albicollis,,,,,,,,,,,,,,
Black-legged Kittiwake,Rissa tridactyla,,,,,,,,,,,,,,
Sabine's Gull,Xema sabini,,,,,,,,,,,,,,
Slender-billed Gull,Chroicocephalus genei,,,,,,,,,,,,,,
Brown-headed Gull,Chroicocephalus brunnicephalus,,,,,,,,,,,,,,
Black-headed Gull,Chroicocephalus ridibundus,,,,,,,,,,,,,,
Little Gull,Hydrocoloeus minutus,,,,,,,,,,,,,,
Franklin's Gull,Leucophaeus pipixcan,,,,,,,,,,,,,,
White-eyed Gull,Ichthyaetus leucophthalmus,,,,,,,,,,,,,,
Sooty Gull,Ichthyaetus hemprichii,,,,,,,,,,,,,,
Pallas's Gull,Ichthyaetus ichthyaetus,,,,,,,,,,,,,,
Mew Gull,Larus canus,,,,,,,,,,,,,,
Lesser Black-backed Gull,Larus fuscus,,,,,,,,,,,,,,
Caspian Gull,Larus cachinnans,,,,,,,,,,,,,,
Herring Gull,Larus argentatus,,,,,,,,,,,,,,
Sooty Tern,Onychoprion fuscatus,,,,,,,,,,,,,,
Bridled Tern,Onychoprion anaethetus,,,,,,,,,,,,,,
Little Tern,Sternula albifrons,,,,,,,,,,,,,,
Saunders's Tern,Sternula saundersi,,,,,,,,,,,,,,
Gull-billed Tern,Gelochelidon nilotica,,,,,,,,,,,,,,
Caspian Tern,Hydroprogne caspia,,,,,,,,,,,,,,
Whiskered Tern,Chlidonias hybrida,,,,,,,,,,,,,,
White-winged Tern,Chlidonias leucopterus,,,,,,,,,,,,,,
Black Tern,Chlidonias niger,,,,,,,,,,,,,,
River Tern,Sterna aurantia,,,,,,,,,,,,,,
Roseate Tern,Sterna dougallii,,,,,,,,,,,,,,
Black-naped Tern,Sterna sumatrana,,,,,,,,,,,,,,
Common Tern,Sterna hirundo,,,,,,,,,,,,,,
White-cheeked Tern,Sterna repressa,,,,,,,,,,,,,,
Arctic Tern,Sterna paradisaea,,,,,,,,,,,,,,
Black-bellied Tern,Sterna acuticauda,,,,,,,,,,,,,,
Lesser Crested Tern,Thalasseus bengalensis,,,,,,,,,,,,,,
Sandwich Tern,Thalasseus sandvicensis,,,,,,,,,,,,,,
Great Crested Tern,Thalasseus bergii,,,,,,,,,,,,,,
Osprey,Pandion haliaetus,,,,,,,,,,,,,,
Black-winged Kite,Elanus caeruleus,,,,,,,,,,,,,,
Oriental Honey-buzzard,Pernis ptilorhynchus,,,,,,,,,,,,,,
Jerdon's Baza,Aviceda jerdoni,,,,,,,,,,,,,,
Black Baza,Aviceda leuphotes,,,,,,,,,,,,,,
Bearded Vulture,Gypaetus barbatus,,,,,,,,,,,,,,
Egyptian Vulture,Neophron percnopterus,,,,,,,,,,,,,,
Crested Serpent-Eagle,Spilornis cheela,,,,,,,,,,,,,,
Nicobar Serpent-Eagle,Spilornis klossi,1,1,,,,,,,,,,,,1
Andaman Serpent-Eagle,Spilornis elgini,1,1,,,,,,,,,,,,1
Short-toed Snake-Eagle,Circaetus gallicus,,,,,,,,,,,,,,
Red-headed Vulture,Sarcogyps calvus,,,,,,,,,,,,,,
Himalayan Griffon,Gyps himalayensis,,,,,,,,,,,,,,
White-rumped Vulture,Gyps bengalensis,,,,,,,,,,,,,,
Indian Vulture,Gyps indicus,,1,,,,,,,,,,,,
Slender-billed Vulture,Gyps tenuirostris,,,,,,,,,,,,,,
Eurasian Griffon,Gyps fulvus,,,,,,,,,,,,,,
Cinereous Vulture,Aegypius monachus,,,,,,,,,,,,,,
Mountain Hawk-Eagle,Nisaetus nipalensis,,,,,,,,,,,,,,
Legge's Hawk-Eagle,Nisaetus kelaarti,,1,,,,,,,,,,,,
Changeable Hawk-Eagle,Nisaetus limnaeetus,,,,,,,,,,,,,,
Crested Hawk-Eagle,Nisaetus cirrhatus,,,,,,,,,,,,,,
Rufous-bellied Eagle,Lophotriorchis kienerii,,,,,,,,,,,,,,
Black Eagle,Ictinaetus malaiensis,,,,,,,,,,,,,,
Indian Spotted Eagle,Clanga hastata,,,,,,,,,,,,,,
Greater Spotted Eagle,Clanga clanga,,,,,,,,,,,,,,
Tawny Eagle,Aquila rapax,,,,,,,,,,,,,,
Steppe Eagle,Aquila nipalensis,,,,,,,,,,,,,,
Imperial Eagle,Aquila heliaca,,,,,,,,,,,,,,
Golden Eagle,Aquila chrysaetos,,,,,,,,,,,,,,
Bonelli's Eagle,Aquila fasciata,,,,,,,,,,,,,,
Booted Eagle,Hieraaetus pennatus,,,,,,,,,,,,,,
Eurasian Marsh-Harrier,Circus aeruginosus,,,,,,,,,,,,,,
Eastern Marsh-Harrier,Circus spilonotus,,,,,,,,,,,,,,
Hen Harrier,Circus cyaneus,,,,,,,,,,,,,,
Pallid Harrier,Circus macrourus,,,,,,,,,,,,,,
Pied Harrier,Circus melanoleucos,,,,,,,,,,,,,,
Montagu's Harrier,Circus pygargus,,,,,,,,,,,,,,
Crested Goshawk,Accipiter trivirgatus,,,,,,,,,,,,,,
Shikra,Accipiter badius,,,,,,,,,,,,,,
Nicobar Sparrowhawk,Accipiter butleri,1,1,,,,,,,,,,,,1
Chinese Sparrowhawk,Accipiter soloensis,,,,,,,,,,,,,,
Japanese Sparrowhawk,Accipiter gularis,,,,,,,,,,,,,,
Besra,Accipiter virgatus,,,,,,,,,,,,,,
Eurasian Sparrowhawk,Accipiter nisus,,,,,,,,,,,,,,
Northern Goshawk,Accipiter gentilis,,,,,,,,,,,,,,
White-bellied Sea-Eagle,Haliaeetus leucogaster,,,,,,,,,,,,,,
Pallas's Fish-Eagle,Haliaeetus leucoryphus,,,,,,,,,,,,,,
White-tailed Eagle,Haliaeetus albicilla,,,,,,,,,,,,,,
Lesser Fish-Eagle,Haliaeetus humilis,,,,,,,,,,,,,,
Gray-headed Fish-Eagle,Haliaeetus ichthyaetus,,,,,,,,,,,,,,
Brahminy Kite,Haliastur indus,,,,,,,,,,,,,,
Red Kite,Milvus milvus,,,,,,,,,,,,,,
Black Kite,Milvus migrans,,,,,,,,,,,,,,
White-eyed Buzzard,Butastur teesa,,,,,,,,,,,,,,
Gray-faced Buzzard,Butastur indicus,,,,,,,,,,,,,,
Common Buzzard,Buteo buteo,,,,,,,,,,,,,,
Himalayan Buzzard,Buteo refectus,,,,,,,,,,,,,,
Long-legged Buzzard,Buteo rufinus,,,,,,,,,,,,,,
Upland Buzzard,Buteo hemilasius,,,,,,,,,,,,,,
Oriental Bay-Owl,Phodilus badius,,,,,,,,,,,,,,
Sri Lanka Bay-Owl,Phodilus assimilis,,1,,,,,,,,,,,,
Australasian Grass-Owl,Tyto longimembris,,,,,,,,,,,,,,
Andaman Masked-Owl,Tyto deroepstorffi,1,1,,,,,,,,,,,,1
Barn Owl,Tyto alba,,,,,,,,,,,,,,
Brown Boobook,Ninox scutulata,,,,,,,,,,,,,,
Hume's Boobook,Ninox obscura,1,1,,,,,,,,,,,,1
Andaman Boobook,Ninox affinis,1,1,,,,,,,,,,,,1
Collared Owlet,Glaucidium brodiei,,,,,,,,,,,,,,
Asian Barred Owlet,Glaucidium cuculoides,,,,,,,,,,,,,,
Jungle Owlet,Glaucidium radiatum,,1,,,,,,,,,,,,
Spotted Owlet,Athene brama,,,,,,,,,,,,,,
Little Owl,Athene noctua,,,,,,,,,,,,,,
Forest Owlet,Athene blewitti,1,1,1,,,,1,,,,,,,
Boreal Owl,Aegolius funereus,,,,,,,,,,,,,,
Andaman Scops-Owl,Otus balli,1,1,,,,,,,,,,,,1
Mountain Scops-Owl,Otus spilocephalus,,,,,,,,,,,,,,
Eurasian Scops-Owl,Otus scops,,,,,,,,,,,,,,
Pallid Scops-Owl,Otus brucei,,,,,,,,,,,,,,
Oriental Scops-Owl,Otus sunia,,,,,,,,,,,,,,
Nicobar Scops-Owl,Otus alius,1,1,,,,,,,,,,,,1
Indian Scops-Owl,Otus bakkamoena,,1,,,,,,,,,,,,
Collared Scops-Owl,Otus lettia,,,,,,,,,,,,,,
Long-eared Owl,Asio otus,,,,,,,,,,,,,,
Short-eared Owl,Asio flammeus,,,,,,,,,,,,,,
Mottled Wood-Owl,Strix ocellata,,1,1,,,,,,,,,,,
Brown Wood-Owl,Strix leptogrammica,,,,,,,,,,,,,,
Tawny Owl,Strix aluco,,,,,,,,,,,,,,
Himalayan Owl,Strix nivicolum,,,,,,,,,,,,,,
Eurasian Eagle-Owl,Bubo bubo,,,,,,,,,,,,,,
Rock Eagle-Owl,Bubo bengalensis,,1,,,,,,,,,,,,
Spot-bellied Eagle-Owl,Bubo nipalensis,,,,,,,,,,,,,,
Dusky Eagle-Owl,Bubo coromandus,,,,,,,,,,,,,,
Brown Fish-Owl,Ketupa zeylonensis,,,,,,,,,,,,,,
Tawny Fish-Owl,Ketupa flavipes,,,,,,,,,,,,,,
Buffy Fish-Owl,Ketupa ketupu,,,,,,,,,,,,,,
Malabar Trogon,Harpactes fasciatus,,1,,,,,,,,,,,,
Red-headed Trogon,Harpactes erythrocephalus,,,,,,,,,,,,,,
Ward's Trogon,Harpactes wardi,,,,,,,,,1,1,,,,
Great Hornbill,Buceros bicornis,,,,,,,,,,,,,,
Malabar Pied-Hornbill,Anthracoceros coronatus,,1,,,,,,,,,,,,
Oriental Pied-Hornbill,Anthracoceros albirostris,,,,,,,,,,,,,,
Brown Hornbill,Anorrhinus austeni,,,,,,,,,,,,,,
Malabar Gray Hornbill,Ocyceros griseus,1,1,1,1,,,,,,,,,,
Indian Gray Hornbill,Ocyceros birostris,,1,,,,,,,,,,,,
Rufous-necked Hornbill,Aceros nipalensis,,,,,,,,,,,,,,
Narcondam Hornbill,Rhyticeros narcondami,1,1,,,,,,,,,,,,1
Wreathed Hornbill,Rhyticeros undulatus,,,,,,,,,,,,,,
Eurasian Hoopoe,Upupa epops,,,,,,,,,,,,,,
Yellow-rumped Honeyguide,Indicator xanthonotus,,,,,,,,,,1,,,,
Eurasian Wryneck,Jynx torquilla,,,,,,,,,,,,,,
White-browed Piculet,Sasia ochracea,,,,,,,,,,,,,,
Speckled Piculet,Picumnus innominatus,,,,,,,,,,,,,,
Heart-spotted Woodpecker,Hemicircus canente,,,,,,,,,,,,,,
Himalayan Flameback,Dinopium shorii,,,,,,,,,,1,,,,
Common Flameback,Dinopium javanense,,,,,,,,,,,,,,
Black-rumped Flameback,Dinopium benghalense,,1,,,,,,,,,,,,
Pale-headed Woodpecker,Gecinulus grantia,,,,,,,,,,,,,,
Rufous Woodpecker,Micropternus brachyurus,,,,,,,,,,,,,,
Greater Yellownape,Chrysophlegma flavinucha,,,,,,,,,,,,,,
Lesser Yellownape,Picus chlorolophus,,,,,,,,,,,,,,
Streak-throated Woodpecker,Picus xanthopygaeus,,,,,,,,,,,,,,
Gray-headed Woodpecker,Picus canus,,,,,,,,,,,,,,
Scaly-bellied Woodpecker,Picus squamatus,,,,,,,,,,1,,,,
Great Slaty Woodpecker,Mulleripicus pulverulentus,,,,,,,,,,,,,,
White-bellied Woodpecker,Dryocopus javensis,,,,,,,,,,,,,,
Andaman Woodpecker,Dryocopus hodgei,1,1,,,,,,,,,,,,1
Bay Woodpecker,Blythipicus pyrrhotis,,,,,,,,,,,,,,
Greater Flameback,Chrysocolaptes guttacristatus,,,,,,,,,,,,,,
White-naped Woodpecker,Chrysocolaptes festivus,,1,,,,,,,,,,,,
Brown-capped Woodpecker,Yungipicus nanus,,1,,,,,,,,,,,,
Gray-capped Woodpecker,Yungipicus canicapillus,,,,,,,,,,,,,,
Fulvous-breasted Woodpecker,Dendrocopos macei,,,,,,,,,,,,,,
Freckle-breasted Woodpecker,Dendrocopos analis,,,,,,,,,,,,,,
Stripe-breasted Woodpecker,Dendrocopos atratus,,,,,,,,,,,,,,
Brown-fronted Woodpecker,Dendrocoptes auriceps,,,,,,,,,,1,,,,
Yellow-crowned Woodpecker,Leiopicus mahrattensis,,,,,,,,,,,,,,
Crimson-breasted Woodpecker,Dryobates cathpharius,,,,,,,,,,,,,,
Darjeeling Woodpecker,Dendrocopos darjellensis,,,,,,,,,,,,,,
Himalayan Woodpecker,Dendrocopos himalayensis,,,,,,,,,,1,,,,
Sind Woodpecker,Dendrocopos assimilis,,,,,,,,,,,,,,
Great Spotted Woodpecker,Dendrocopos major,,,,,,,,,,,,,,
Rufous-bellied Woodpecker,Dendrocopos hyperythrus,,,,,,,,,,,,,,
Great Barbet,Psilopogon virens,,,,,,,,,,,,,,
Brown-headed Barbet,Psilopogon zeylanicus,,1,,,,,,,,,,,,
Lineated Barbet,Psilopogon lineatus,,,,,,,,,,,,,,
White-cheeked Barbet,Psilopogon viridis,1,1,1,,,,,,,,,,,
Golden-throated Barbet,Psilopogon franklinii,,,,,,,,,,,,,,
Blue-throated Barbet,Psilopogon asiaticus,,,,,,,,,,,,,,
Blue-eared Barbet,Psilopogon duvaucelii,,,,,,,,,,,,,,
Malabar Barbet,Psilopogon malabaricus,1,1,1,1,,,,,,,,,,
Coppersmith Barbet,Psilopogon haemacephalus,,,,,,,,,,,,,,
Blue-bearded Bee-eater,Nyctyornis athertoni,,,,,,,,,,,,,,
Green Bee-eater,Merops orientalis,,,,,,,,,,,,,,
Chestnut-headed Bee-eater,Merops leschenaulti,,,,,,,,,,,,,,
Blue-throated Bee-eater,Merops viridis,,,,,,,,,,,,,,
Blue-tailed Bee-eater,Merops philippinus,,,,,,,,,,,,,,
Blue-cheeked Bee-eater,Merops persicus,,,,,,,,,,,,,,
European Bee-eater,Merops apiaster,,,,,,,,,,,,,,
Indian Roller,Coracias benghalensis,,,,,,,,,,,,,,
European Roller,Coracias garrulus,,,,,,,,,,,,,,
Dollarbird,Eurystomus orientalis,,,,,,,,,,,,,,
Black-backed Dwarf-Kingfisher,Ceyx erithaca,,,,,,,,,,,,,,
Rufous-backed Dwarf-Kingfisher,Ceyx rufidorsa,,,,,,,,,,,,,,
Blue-eared Kingfisher,Alcedo meninting,,,,,,,,,,,,,,
Blyth's Kingfisher,Alcedo hercules,,,,,,,,,,,,,,
Common Kingfisher,Alcedo atthis,,,,,,,,,,,,,,
Crested Kingfisher,Megaceryle lugubris,,,,,,,,,,,,,,
Pied Kingfisher,Ceryle rudis,,,,,,,,,,,,,,
Stork-billed Kingfisher,Pelargopsis capensis,,,,,,,,,,,,,,
Brown-winged Kingfisher,Pelargopsis amauroptera,,,,,,,,,,,,,,
Ruddy Kingfisher,Halcyon coromanda,,,,,,,,,,,,,,
White-throated Kingfisher,Halcyon smyrnensis,,,,,,,,,,,,,,
Black-capped Kingfisher,Halcyon pileata,,,,,,,,,,,,,,
Collared Kingfisher,Todiramphus chloris,,,,,,,,,,,,,,
Collared Falconet,Microhierax caerulescens,,,,,,,,,,,,,,
Pied Falconet,Microhierax melanoleucos,,,,,,,,,,,,,,
Lesser Kestrel,Falco naumanni,,,,,,,,,,,,,,
Eurasian Kestrel,Falco tinnunculus,,,,,,,,,,,,,,
Red-necked Falcon,Falco chicquera,,,,,,,,,,,,,,
Red-footed Falcon,Falco vespertinus,,,,,,,,,,,,,,
Amur Falcon,Falco amurensis,,,,,,,,,,,,,,
Merlin,Falco columbarius,,,,,,,,,,,,,,
Eurasian Hobby,Falco subbuteo,,,,,,,,,,,,,,
Oriental Hobby,Falco severus,,,,,,,,,,,,,,
Laggar Falcon,Falco jugger,,,,,,,,,,,,,,
Saker Falcon,Falco cherrug,,,,,,,,,,,,,,
Peregrine Falcon,Falco peregrinus,,,,,,,,,,,,,,
Gray-headed Parakeet,Psittacula finschii,,,,,,,,,,,,,,
Slaty-headed Parakeet,Psittacula himalayana,,1,,,,,,,,1,,,,
Blossom-headed Parakeet,Psittacula roseata,,,,,,,,,,,,,,
Plum-headed Parakeet,Psittacula cyanocephala,,1,,,,,,,,,,,,
Red-breasted Parakeet,Psittacula alexandri,,,,,,,,,,,,,,
Derbyan Parakeet,Psittacula derbiana,,,,,,,,,,,,,,
Long-tailed Parakeet,Psittacula longicauda,1,1,,,,,,,,,,,,1
Malabar Parakeet,Psittacula columboides,1,1,1,1,,,,,,,,,,
Alexandrine Parakeet,Psittacula eupatria,,,,,,,,,,,,,,
Rose-ringed Parakeet,Psittacula krameri,,,,,,,,,,,,,,
Nicobar Parakeet,Psittacula caniceps,1,1,,,,,,,,,,,,1
Vernal Hanging-Parrot,Loriculus vernalis,,,,,,,,,,,,,,
Blue-naped Pitta,Hydrornis nipalensis,,,,,,,,,,,,,,
Blue Pitta,Hydrornis cyaneus,,,,,,,,,,,,,,
Indian Pitta,Pitta brachyura,,1,,,,,,,,,,,,
Blue-winged Pitta,Pitta moluccensis,,,,,,,,,,,,,,
Mangrove Pitta,Pitta megarhyncha,,,,,,,,,,,,,,
Hooded Pitta,Pitta sordida,,,,,,,,,,,,,,
Long-tailed Broadbill,Psarisomus dalhousiae,,,,,,,,,,,,,,
Silver-breasted Broadbill,Serilophus lunatus,,,,,,,,,,,,,,
White-bellied Minivet,Pericrocotus erythropygius,1,1,1,,,,,,,,,,,
Small Minivet,Pericrocotus cinnamomeus,,,,,,,,,,,,,,
Gray-chinned Minivet,Pericrocotus solaris,,,,,,,,,,,,,,
Short-billed Minivet,Pericrocotus brevirostris,,,,,,,,,,,,,,
Long-tailed Minivet,Pericrocotus ethologus,,,,,,,,,,,,,,
Orange Minivet,Pericrocotus flammeus,,1,,,,,,,,,,,,
Scarlet Minivet,Pericrocotus speciosus,,,,,,,,,,,,,,
Ashy Minivet,Pericrocotus divaricatus,,,,,,,,,,,,,,
Brown-rumped Minivet,Pericrocotus cantonensis,,,,,,,,,,,,,,
Rosy Minivet,Pericrocotus roseus,,,,,,,,,,,,,,
Large Cuckooshrike,Coracina macei,,,,,,,,,,,,,,
Andaman Cuckooshrike,Coracina dobsoni,1,1,,,,,,,,,,,,1
Pied Triller,Lalage nigra,,,,,,,,,,,,,,
Black-winged Cuckooshrike,Lalage melaschistos,,,,,,,,,,,,,,
Black-headed Cuckooshrike,Lalage melanoptera,,1,,,,,,,,,,,,
Mangrove Whistler,Pachycephala cinerea,,,,,,,,,,,,,,
Black-headed Shrike-Babbler,Pteruthius rufiventer,,,,,,,,,1,1,,,,
Himalayan Shrike-Babbler,Pteruthius ripleyi,,,,,,,,,,1,,,,
Blyth's Shrike-Babbler,Pteruthius aeralatus,,,,,,,,,,,,,,
Green Shrike-Babbler,Pteruthius xanthochlorus,,,,,,,,,,,,,,
Black-eared Shrike-Babbler,Pteruthius melanotis,,,,,,,,,,,,,,
Clicking Shrike-Babbler,Pteruthius intermedius,,,,,,,,,,,,,,
White-bellied Erpornis,Erpornis zantholeuca,,,,,,,,,,,,,,
Maroon Oriole,Oriolus traillii,,,,,,,,,,,,,,
Black-hooded Oriole,Oriolus xanthornus,,,,,,,,,,,,,,
Eurasian Golden Oriole,Oriolus oriolus,,,,,,,,,,,,,,
Indian Golden Oriole,Oriolus kundoo,,,,,,,,,,,,,,
Black-naped Oriole,Oriolus chinensis,,,,,,,,,,,,,,
Slender-billed Oriole,Oriolus tenuirostris,,,,,,,,,,,,,,
White-breasted Woodswallow,Artamus leucorynchus,,,,,,,,,,,,,,
Ashy Woodswallow,Artamus fuscus,,,,,,,,,,,,,,
Bar-winged Flycatcher-shrike,Hemipus picatus,,,,,,,,,,,,,,
Malabar Woodshrike,Tephrodornis sylvicola,1,1,1,1,,,,,,,,,,
Large Woodshrike,Tephrodornis virgatus,,,,,,,,,,,,,,
Common Woodshrike,Tephrodornis pondicerianus,,,,,,,,,,,,,,
Common Iora,Aegithina tiphia,,,,,,,,,,,,,,
White-tailed Iora,Aegithina nigrolutea,,1,,,,,,,,,,,,
Black Drongo,Dicrurus macrocercus,,,,,,,,,,,,,,
Ashy Drongo,Dicrurus leucophaeus,,,,,,,,,,,,,,
White-bellied Drongo,Dicrurus caerulescens,,1,,,,,,,,,,,,
Crow-billed Drongo,Dicrurus annectens,,,,,,,,,,,,,,
Bronzed Drongo,Dicrurus aeneus,,,,,,,,,,,,,,
Lesser Racket-tailed Drongo,Dicrurus remifer,,,,,,,,,,,,,,
Hair-crested Drongo,Dicrurus hottentottus,,,,,,,,,,,,,,
Andaman Drongo,Dicrurus andamanensis,,1,,,,,,,,,,,,1
Greater Racket-tailed Drongo,Dicrurus paradiseus,,,,,,,,,,,,,,
White-browed Fantail,Rhipidura aureola,,,,,,,,,,,,,,
Spot-breasted Fantail,Rhipidura albogularis,1,1,1,,,,,,,,,,,
White-throated Fantail,Rhipidura albicollis,,,,,,,,,,,,,,
Brown Shrike,Lanius cristatus,,,,,,,,,,,,,,
Red-backed Shrike,Lanius collurio,,,,,,,,,,,,,,
Red-tailed Shrike,Lanius phoenicuroides,,,,,,,,,,,,,,
Isabelline Shrike,Lanius isabellinus,,,,,,,,,,,,,,
Burmese Shrike,Lanius collurioides,,,,,,,,,,,,,,
Bay-backed Shrike,Lanius vittatus,,,,,,,,,,,,,,
Long-tailed Shrike,Lanius schach,,,,,,,,,,,,,,
Gray-backed Shrike,Lanius tephronotus,,,,,,,,,,,,,,
Lesser Gray Shrike,Lanius minor,,,,,,,,,,,,,,
Great Gray Shrike,Lanius excubitor,,,,,,,,,,,,,,
Woodchat Shrike,Lanius senator,,,,,,,,,,,,,,
Masked Shrike,Lanius nubicus,,,,,,,,,,,,,,
Rufous Treepie,Dendrocitta vagabunda,,,,,,,,,,,,,,
Gray Treepie,Dendrocitta formosae,,,,,,,,,,,,,,
White-bellied Treepie,Dendrocitta leucogastra,1,1,1,1,,,,,,,,,,
Collared Treepie,Dendrocitta frontalis,,,,,,,,,,,,,,
Andaman Treepie,Dendrocitta bayleii,1,1,,,,,,,,,,,,1
Red-billed Chough,Pyrrhocorax pyrrhocorax,,,,,,,,,,,,,,
Yellow-billed Chough,Pyrrhocorax graculus,,,,,,,,,,,,,,
Yellow-billed Blue-Magpie,Urocissa flavirostris,,,,,,,,,,1,,,,
Red-billed Blue-Magpie,Urocissa erythroryncha,,,,,,,,,,,,,,
Common Green-Magpie,Cissa chinensis,,,,,,,,,,,,,,
Eurasian Jay,Garrulus glandarius,,,,,,,,,,,,,,
Black-headed Jay,Garrulus lanceolatus,,,,,,,,1,,1,,,,
Eurasian Magpie,Pica pica,,,,,,,,,,,,,,
Eurasian Nutcracker,Nucifraga caryocatactes,,,,,,,,,,,,,,
Kashmir Nutcracker,Nucifraga multipunctata,,,,,,,,1,,1,,,,
Eurasian Jackdaw,Corvus monedula,,,,,,,,,,,,,,
Rook,Corvus frugilegus,,,,,,,,,,,,,,
Common Raven,Corvus corax,,,,,,,,,,,,,,
Carrion Crow,Corvus corone,,,,,,,,,,,,,,
Hooded Crow,Corvus cornix,,,,,,,,,,,,,,
House Crow,Corvus splendens,,,,,,,,,,,,,,
Large-billed Crow,Corvus macrorhynchos,,,,,,,,,,,,,,
Pied Crow,Corvus albus,,,,,,,,,,,,,,
Black-naped Monarch,Hypothymis azurea,,,,,,,,,,,,,,
Amur Paradise-Flycatcher,Terpsiphone incei,,,,,,,,,,,,,,
Blyth's Paradise-Flycatcher,Terpsiphone affinis,,,,,,,,,,,,,,
Indian Paradise-Flycatcher,Terpsiphone paradisi,,,,,,,,,,,,,,
Yellow-bellied Flowerpecker,Dicaeum melanoxanthum,,,,,,,,,,,,,,
Yellow-vented Flowerpecker,Dicaeum chrysorrheum,,,,,,,,,,,,,,
Thick-billed Flowerpecker,Dicaeum agile,,,,,,,,,,,,,,
Pale-billed Flowerpecker,Dicaeum erythrorhynchos,,1,,,,,,,,,,,,
Nilgiri Flowerpecker,Dicaeum concolor,1,1,1,1,,,,,,,,,,
Plain Flowerpecker,Dicaeum minullum,,,,,,,,,,,,,,
Andaman Flowerpecker,Dicaeum virescens,1,1,,,,,,,,,,,,1
Scarlet-backed Flowerpecker,Dicaeum cruentatum,,,,,,,,,,,,,,
Fire-breasted Flowerpecker,Dicaeum ignipectus,,,,,,,,,,,,,,
Little Spiderhunter,Arachnothera longirostra,,,,,,,,,,,,,,
Streaked Spiderhunter,Arachnothera magna,,,,,,,,,,,,,,
Ruby-cheeked Sunbird,Chalcoparia singalensis,,,,,,,,,,,,,,
Purple-rumped Sunbird,Leptocoma zeylonica,,1,,,,,,,,,,,,
Crimson-backed Sunbird,Leptocoma minima,1,1,1,1,,,,,,,,,,
Van Hasselt's Sunbird,Leptocoma brasiliana,,,,,,,,,,,,,,
Purple Sunbird,Cinnyris asiaticus,,,,,,,,,,,,,,
Olive-backed Sunbird,Cinnyris jugularis,,,,,,,,,,,,,,
Long-billed Sunbird,Cinnyris lotenius,,1,,,,,,,,,,,,
Fire-tailed Sunbird,Aethopyga ignicauda,,,,,,,,,,,,,,
Black-throated Sunbird,Aethopyga saturata,,,,,,,,,,,,,,
Green-tailed Sunbird,Aethopyga nipalensis,,,,,,,,,,,,,,
Gould's Sunbird,Aethopyga gouldiae,,,,,,,,,,,,,,
Vigors's Sunbird,Aethopyga vigorsii,1,1,1,1,,,,,,,,,,
Crimson Sunbird,Aethopyga siparaja,,,,,,,,,,,,,,
Asian Fairy-bluebird,Irena puella,,,,,,,,,,,,,,
Golden-fronted Leafbird,Chloropsis aurifrons,,,,,,,,,,,,,,
Jerdon's Leafbird,Chloropsis jerdoni,,1,,,,,,,,,,,,
Orange-bellied Leafbird,Chloropsis hardwickii,,,,,,,,,,,,,,
Blue-winged Leafbird,Chloropsis cochinchinensis,,,,,,,,,,,,,,
Himalayan Accentor,Prunella himalayana,,,,,,,,,,,,,,
Alpine Accentor,Prunella collaris,,,,,,,,,,,,,,
Maroon-backed Accentor,Prunella immaculata,,,,,,,,,,,,,,
Robin Accentor,Prunella rubeculoides,,,,,,,,,,,,,,
Rufous-breasted Accentor,Prunella strophiata,,,,,,,,,,,,,,
Brown Accentor,Prunella fulvescens,,,,,,,,,,,,,,
Black-throated Accentor,Prunella atrogularis,,,,,,,,,,,,,,
Bengal Weaver,Ploceus benghalensis,,1,,,,,,,,,,,,
Streaked Weaver,Ploceus manyar,,,,,,,,,,,,,,
Baya Weaver,Ploceus philippinus,,,,,,,,,,,,,,
Yellow Weaver,Ploceus megarhynchus,,1,,,,,,,,,,,,
Red Avadavat,Amandava amandava,,,,,,,,,,,,,,
Green Avadavat,Sporaeginthus formosus,1,1,1,,,,1,,,,,,,
Indian Silverbill,Euodice malabarica,,,,,,,,,,,,,,
White-rumped Munia,Lonchura striata,,,,,,,,,,,,,,
Scaly-breasted Munia,Lonchura punctulata,,,,,,,,,,,,,,
Black-throated Munia,Lonchura kelaarti,,1,,,,,,,,,,,,
Tricolored Munia,Lonchura malacca,,1,,,,,,,,,,,,
Chestnut Munia,Lonchura atricapilla,,,,,,,,,,,,,,
House Sparrow,Passer domesticus,,,,,,,,,,,,,,
Spanish Sparrow,Passer hispaniolensis,,,,,,,,,,,,,,
Sind Sparrow,Passer pyrrhonotus,,1,,,,,,,,,,1,,
Russet Sparrow,Passer cinnamomeus,,,,,,,,,,,,,,
Eurasian Tree Sparrow,Passer montanus,,,,,,,,,,,,,,
Pale Rockfinch,Carpospiza brachydactyla,,,,,,,,,,,,,,
Rock Sparrow,Petronia petronia,,,,,,,,,,,,,,
Chestnut-shouldered Petronia,Gymnornis xanthocollis,,,,,,,,,,,,,,
Black-winged Snowfinch,Montifringilla adamsi,,,,,,,,,,,,,,
White-rumped Snowfinch,Montifringilla taczanowskii,,,,,,,,,,,,,,
Rufous-necked Snowfinch,Montifringilla ruficollis,,,,,,,,,,,,,,
Blanford's Snowfinch,Montifringilla blanfordi,,,,,,,,,,,,,,
Forest Wagtail,Dendronanthus indicus,,,,,,,,,,,,,,
Tree Pipit,Anthus trivialis,,,,,,,,,,,,,,
Olive-backed Pipit,Anthus hodgsoni,,,,,,,,,,,,,,
Red-throated Pipit,Anthus cervinus,,,,,,,,,,,,,,
Rosy Pipit,Anthus roseatus,,,,,,,,,,,,,,
American Pipit,Anthus rubescens,,,,,,,,,,,,,,
Water Pipit,Anthus spinoletta,,,,,,,,,,,,,,
Upland Pipit,Anthus sylvanus,,,,,,,,,,,,,,
Nilgiri Pipit,Anthus nilghiriensis,1,1,1,1,,,,,,,,,,
Richard's Pipit,Anthus richardi,,,,,,,,,,,,,,
Paddyfield Pipit,Anthus rufulus,,,,,,,,,,,,,,
Blyth's Pipit,Anthus godlewskii,,,,,,,,,,,,,,
Tawny Pipit,Anthus campestris,,,,,,,,,,,,,,
Long-billed Pipit,Anthus similis,,,,,,,,,,,,,,
Western Yellow Wagtail,Motacilla flava,,,,,,,,,,,,,,
Gray Wagtail,Motacilla cinerea,,,,,,,,,,,,,,
Citrine Wagtail,Motacilla citreola,,,,,,,,,,,,,,
Eastern Yellow Wagtail,Motacilla tschutschensis,,,,,,,,,,,,,,
White-browed Wagtail,Motacilla maderaspatensis,,,,,,,,,,,,,,
White Wagtail,Motacilla alba,,,,,,,,,,,,,,
Common Chaffinch,Fringilla coelebs,,,,,,,,,,,,,,
Brambling,Fringilla montifringilla,,,,,,,,,,,,,,
Black-and-yellow Grosbeak,Mycerobas icterioides,,,,,,,,1,,1,,,,
Collared Grosbeak,Mycerobas affinis,,,,,,,,,,,,,,
Spot-winged Grosbeak,Mycerobas melanozanthos,,,,,,,,,,,,,,
White-winged Grosbeak,Mycerobas carnipes,,,,,,,,,,,,,,
Hawfinch,Coccothraustes coccothraustes,,,,,,,,,,,,,,
Common Rosefinch,Carpodacus erythrinus,,,,,,,,,,,,,,
Scarlet Finch,Carpodacus sipahi,,,,,,,,,,,,,,
Sillem's Rosefinch,Carpodacus sillemi,,,,,,,,,,,,,,
Streaked Rosefinch,Carpodacus rubicilloides,,,,,,,,,,,,,,
Great Rosefinch,Carpodacus rubicilla,,,,,,,,,,,,,,
Red-fronted Rosefinch,Carpodacus puniceus,,,,,,,,,,,,,,
Crimson-browed Finch,Carpodacus subhimachalus,,,,,,,,,,,,,,
Himalayan White-browed Rosefinch,Carpodacus thura,,,,,,,,,,1,,,,
Chinese White-browed Rosefinch,Carpodacus dubius,,,,,,,,,,,,,,
Blyth's Rosefinch,Carpodacus grandis,,,,,,,,,,1,,,,
Himalayan Beautiful Rosefinch,Carpodacus pulcherrimus,,,,,,,,,,,,,,
Pink-rumped Rosefinch,Carpodacus waltoni,,,,,,,,,,,,,,
Dark-rumped Rosefinch,Carpodacus edwardsii,,,,,,,,,,,,,,
Pink-browed Rosefinch,Carpodacus rodochroa,,,,,,,,,,1,,,,
Spot-winged Rosefinch,Carpodacus rodopeplus,,,,,,,,,,1,,,,
Vinaceous Rosefinch,Carpodacus vinaceus,,,,,,,,,,,,,,
Pale Rosefinch,Carpodacus stoliczkae,,,,,,,,,,,,,,
Brown Bullfinch,Pyrrhula nipalensis,,,,,,,,,,,,,,
Orange Bullfinch,Pyrrhula aurantiaca,,1,,,,,,1,,1,,,,
Red-headed Bullfinch,Pyrrhula erythrocephala,,,,,,,,,,1,,,,
Gray-headed Bullfinch,Pyrrhula erythaca,,,,,,,,,,,,,,
Crimson-winged Finch,Rhodopechys sanguineus,,,,,,,,,,,,,,
Trumpeter Finch,Bucanetes githagineus,,,,,,,,,,,,,,
Mongolian Finch,Bucanetes mongolicus,,,,,,,,,,,,,,
Blanford's Rosefinch,Agraphospiza rubescens,,,,,,,,,,,,,,
Spectacled Finch,Callacanthis burtoni,,,,,,,,1,,1,,,,
Gold-naped Finch,Pyrrhoplectes epauletta,,,,,,,,,,1,,,,
Dark-breasted Rosefinch,Procarduelis nipalensis,,,,,,,,,,,,,,
Plain Mountain-Finch,Leucosticte nemoricola,,,,,,,,,,,,,,
Black-headed Mountain-Finch,Leucosticte brandti,,,,,,,,,,,,,,
Desert Finch,Rhodospiza obsoleta,,,,,,,,,,,,,,
Yellow-breasted Greenfinch,Chloris spinoides,,,,,,,,,,1,,,,
Black-headed Greenfinch,Chloris ambigua,,,,,,,,,,,,,,
Twite,Linaria flavirostris,,,,,,,,,,,,,,
Eurasian Linnet,Linaria cannabina,,,,,,,,,,,,,,
Red Crossbill,Loxia curvirostra,,,,,,,,,,,,,,
European Goldfinch,Carduelis carduelis,,,,,,,,,,,,,,
Fire-fronted Serin,Serinus pusillus,,,,,,,,,,,,,,
Tibetan Serin,Spinus thibetanus,,,,,,,,,,,,,,
Eurasian Siskin,Spinus spinus,,,,,,,,,,,,,,
Crested Bunting,Emberiza lathami,,,,,,,,,,,,,,
Black-headed Bunting,Emberiza melanocephala,,,,,,,,,,,,,,
Red-headed Bunting,Emberiza bruniceps,,,,,,,,,,,,,,
Chestnut-eared Bunting,Emberiza fucata,,,,,,,,,,,,,,
Rock Bunting,Emberiza cia,,,,,,,,,,,,,,
Godlewski's Bunting,Emberiza godlewskii,,,,,,,,,,,,,,
Gray-necked Bunting,Emberiza buchanani,,,,,,,,,,,,,,
Ortolan Bunting,Emberiza hortulana,,,,,,,,,,,,,,
Chestnut-breasted Bunting,Emberiza stewarti,,,,,,,,,,,,,,
Yellowhammer,Emberiza citrinella,,,,,,,,,,,,,,
Pine Bunting,Emberiza leucocephalos,,,,,,,,,,,,,,
Striolated Bunting,Emberiza striolata,,,,,,,,,,,,,,
Reed Bunting,Emberiza schoeniclus,,,,,,,,,,,,,,
Yellow-breasted Bunting,Emberiza aureola,,,,,,,,,,,,,,
Black-faced Bunting,Emberiza spodocephala,,,,,,,,,,,,,,
Chestnut Bunting,Emberiza rutila,,,,,,,,,,,,,,
Yellow-browed Bunting,Emberiza chrysophrys,,,,,,,,,,,,,,
Tristram's Bunting,Emberiza tristrami,,,,,,,,,,,,,,
Little Bunting,Emberiza pusilla,,,,,,,,,,,,,,
Yellow-bellied Fairy-Fantail,Chelidorhynx hypoxanthus,,,,,,,,,,,,,,
Gray-headed Canary-Flycatcher,Culicicapa ceylonensis,,,,,,,,,,,,,,
Fire-capped Tit,Cephalopyrus flammiceps,,,,,,,,,,,,,,
Yellow-browed Tit,Sylviparus modestus,,,,,,,,,,,,,,
Sultan Tit,Melanochlora sultanea,,,,,,,,,,,,,,
Coal Tit,Periparus ater,,,,,,,,,,,,,,
Black-breasted Tit,Periparus rufonuchalis,,,,,,,,,,,,,,
Rufous-vented Tit,Periparus rubidiventris,,,,,,,,,,,,,,
Gray-crested Tit,Lophophanes dichrous,,,,,,,,,,,,,,
Azure Tit,Cyanistes cyanus,,,,,,,,,,,,,,
Ground Tit,Pseudopodoces humilis,,,,,,,,,,,,,,
Green-backed Tit,Parus monticolus,,,,,,,,,,,,,,
Cinereous Tit,Parus cinereus,,,,,,,,,,,,,,
White-naped Tit,Machlolophus nuchalis,1,1,1,,,,,,,,,,,
Himalayan Black-lored Tit,Machlolophus xanthogenys,,,,,,,,,,1,,,,
Indian Yellow Tit,Machlolophus aplonotus,1,1,1,,,,,,,,,,,
Yellow-cheeked Tit,Machlolophus spilonotus,,,,,,,,,,,,,,
White-crowned Penduline-Tit,Remiz coronatus,,,,,,,,,,,,,,
Greater Hoopoe-Lark,Alaemon alaudipes,,,,,,,,,,,,,,
Rufous-tailed Lark,Ammomanes phoenicura,,1,,,,,,,,,,,,
Desert Lark,Ammomanes deserti,,,,,,,,,,,,,,
Black-crowned Sparrow-Lark,Eremopterix nigriceps,,,,,,,,,,,,,,
Ashy-crowned Sparrow-Lark,Eremopterix griseus,,1,,,,,,,,,,,,
Singing Bushlark,Mirafra cantillans,,,,,,,,,,,,,,
Bengal Bushlark,Mirafra assamica,,1,,,,,,,,,,,,
Indian Bushlark,Mirafra erythroptera,,1,,,,,,,,,,,,
Jerdon's Bushlark,Mirafra affinis,,1,,,,,,,,,,,,
Lesser Short-toed Lark,Alaudala rufescens,,,,,,,,,,,,,,
Sand Lark,Alaudala raytal,,,,,,,,,,,,,,
Bimaculated Lark,Melanocorypha bimaculata,,,,,,,,,,,,,,
Tibetan Lark,Melanocorypha maxima,,,,,,,,,,,,,,
Hume's Lark,Calandrella acutirostris,,,,,,,,,,,,,,
Greater Short-toed Lark,Calandrella brachydactyla,,,,,,,,,,,,,,
Sykes's Short-toed Lark,Calandrella dukhunensis,,,,,,,,,,,,,,
Horned Lark,Eremophila alpestris,,,,,,,,,,,,,,
Eurasian Skylark,Alauda arvensis,,,,,,,,,,,,,,
Oriental Skylark,Alauda gulgula,,,,,,,,,,,,,,
Crested Lark,Galerida cristata,,,,,,,,,,,,,,
Malabar Lark,Galerida malabarica,1,1,1,,,,,,,,,,,
Tawny Lark,Galerida deva,1,1,1,,,,,,,,,,,
Zitting Cisticola,Cisticola juncidis,,,,,,,,,,,,,,
Golden-headed Cisticola,Cisticola exilis,,,,,,,,,,,,,,
Striated Prinia,Prinia crinigera,,,,,,,,,,,,,,
Black-throated Prinia,Prinia atrogularis,,,,,,,,,,1,,,,
Hill Prinia,Prinia superciliaris,,,,,,,,,,,,,,
Gray-crowned Prinia,Prinia cinereocapilla,,1,,,,,,,,1,,,,
Rufous-fronted Prinia,Prinia buchanani,,1,,,,,,,,,,,,
Rufescent Prinia,Prinia rufescens,,,,,,,,,,,,,,
Gray-breasted Prinia,Prinia hodgsonii,,,,,,,,,,,,,,
Graceful Prinia,Prinia gracilis,,,,,,,,,,,,,,
Jungle Prinia,Prinia sylvatica,,1,,,,,,,,,,,,
Yellow-bellied Prinia,Prinia flaviventris,,,,,,,,,,,,,,
Ashy Prinia,Prinia socialis,,1,,,,,,,,,,,,
Plain Prinia,Prinia inornata,,,,,,,,,,,,,,
Common Tailorbird,Orthotomus sutorius,,,,,,,,,,,,,,
Dark-necked Tailorbird,Orthotomus atrogularis,,,,,,,,,,,,,,
Pallas's Grasshopper-Warbler,Locustella certhiola,,,,,,,,,,,,,,
Lanceolated Warbler,Locustella lanceolata,,,,,,,,,,,,,,
Brown Bush Warbler,Locustella luteoventris,,,,,,,,,,,,,,
Chinese Bush Warbler,Locustella tacsanowskia,,,,,,,,,,,,,,
Long-billed Bush Warbler,Locustella major,,,,,,,,,,,,,,
Common Grasshopper-Warbler,Locustella naevia,,,,,,,,,,,,,,
Baikal Bush Warbler,Locustella davidi,,,,,,,,,,,,,,
West Himalayan Bush Warbler,Locustella kashmirensis,,,,,,,,1,,1,,,,
Spotted Bush Warbler,Locustella thoracica,,,,,,,,,,,,,,
Russet Bush Warbler,Locustella mandelli,,,,,,,,,,,,,,
Striated Grassbird,Megalurus palustris,,,,,,,,,,,,,,
Broad-tailed Grassbird,Schoenicola platyurus,1,1,1,1,,,,,,,,,,
Bristled Grassbird,Chaetornis striata,,1,,,,,,,,,,,,
Thick-billed Warbler,Arundinax aedon,,,,,,,,,,,,,,
Booted Warbler,Iduna caligata,,,,,,,,,,,,,,
Sykes's Warbler,Iduna rama,,,,,,,,,,,,,,
Black-browed Reed Warbler,Acrocephalus bistrigiceps,,,,,,,,,,,,,,
Moustached Warbler,Acrocephalus melanopogon,,,,,,,,,,,,,,
Sedge Warbler,Acrocephalus schoenobaenus,,,,,,,,,,,,,,
Large-billed Reed Warbler,Acrocephalus orinus,,,,,,,,,,,,,,
Blyth's Reed Warbler,Acrocephalus dumetorum,,,,,,,,,,,,,,
Paddyfield Warbler,Acrocephalus agricola,,,,,,,,,,,,,,
Blunt-winged Warbler,Acrocephalus concinens,,,,,,,,,,,,,,
Great Reed Warbler,Acrocephalus arundinaceus,,,,,,,,,,,,,,
Oriental Reed Warbler,Acrocephalus orientalis,,,,,,,,,,,,,,
Clamorous Reed Warbler,Acrocephalus stentoreus,,,,,,,,,,,,,,
Immaculate Cupwing,Pnoepyga immaculata,,,,,,,,,,1,,,,
Pygmy Cupwing,Pnoepyga pusilla,,,,,,,,,,,,,,
Scaly-breasted Cupwing,Pnoepyga albiventer,,,,,,,,,,,,,,
Common House-Martin,Delichon urbicum,,,,,,,,,,,,,,
Asian House-Martin,Delichon dasypus,,,,,,,,,,,,,,
Nepal House-Martin,Delichon nipalense,,,,,,,,,,,,,,
Streak-throated Swallow,Petrochelidon fluvicola,,,,,,,,,,,,,,
Red-rumped Swallow,Cecropis daurica,,,,,,,,,,,,,,
Striated Swallow,Cecropis striolata,,,,,,,,,,,,,,
Hill Swallow,Hirundo domicola,,1,,,,,,,,,,,,
Pacific Swallow,Hirundo tahitica,,,,,,,,,,,,,,
Wire-tailed Swallow,Hirundo smithii,,,,,,,,,,,,,,
Barn Swallow,Hirundo rustica,,,,,,,,,,,,,,
Eurasian Crag-Martin,Ptyonoprogne rupestris,,,,,,,,,,,,,,
Dusky Crag-Martin,Ptyonoprogne concolor,,,,,,,,,,,,,,
Gray-throated Martin,Riparia chinensis,,,,,,,,,,,,,,
Bank Swallow,Riparia riparia,,,,,,,,,,,,,,
Pale Sand Martin,Riparia diluta,,,,,,,,,,,,,,
White-throated Bulbul,Alophoixus flaveolus,,,,,,,,,,,,,,
Cachar Bulbul,Iole cacharensis,,,,,,,,,,,,,1,
Ashy Bulbul,Hemixos flavala,,,,,,,,,,,,,,
Nicobar Bulbul,Hypsipetes nicobariensis,1,1,,,,,,,,,,,,1
Mountain Bulbul,Ixos mcclellandii,,,,,,,,,,,,,,
Square-tailed Bulbul,Hypsipetes ganeesa,,1,,,,,,,,,,,,
Black Bulbul,Hypsipetes leucocephalus,,,,,,,,,,,,,,
Crested Finchbill,Spizixos canifrons,,,,,,,,,,,,,,
Striated Bulbul,Pycnonotus striatus,,,,,,,,,,,,,,
Flame-throated Bulbul,Rubigula gularis,1,1,1,1,,,,,,,,,,
Black-crested Bulbul,Rubigula flaviventris,,,,,,,,,,,,,,
Red-whiskered Bulbul,Pycnonotus jocosus,,,,,,,,,,,,,,
Himalayan Bulbul,Pycnonotus leucogenys,,,,,,,,,,1,,,,
White-eared Bulbul,Pycnonotus leucotis,,,,,,,,,,,,,,
Red-vented Bulbul,Pycnonotus cafer,,,,,,,,,,,,,,
Yellow-throated Bulbul,Pycnonotus xantholaemus,1,1,1,,,1,,,,,,,,
Flavescent Bulbul,Pycnonotus flavescens,,,,,,,,,,,,,,
White-browed Bulbul,Pycnonotus luteolus,,1,,,,,,,,,,,,
Black-headed Bulbul,Brachypodius atriceps,,,,,,,,,,,,,,
Andaman Bulbul,Brachypodius fuscoflavescens,1,1,,,,,,,,,,,,1
Gray-headed Bulbul,Brachypodius priocephalus,1,1,1,1,,,,,,,,,,
Yellow-browed Bulbul,Iole indica,,1,,,,,,,,,,,,
Wood Warbler,Phylloscopus sibilatrix,,,,,,,,,,,,,,
Chinese Leaf Warbler,Phylloscopus yunnanensis,,,,,,,,,,,,,,
Brooks's Leaf Warbler,Phylloscopus subviridis,,,,,,,,,,,,,,
Yellow-browed Warbler,Phylloscopus inornatus,,,,,,,,,,,,,,
Hume's Warbler,Phylloscopus humei,,,,,,,,,,,,,,
Pale-rumped Warbler,Phylloscopus chloronotus,,,,,,,,,,,,,,
Buff-barred Warbler,Phylloscopus pulcher,,,,,,,,,,,,,,
Ashy-throated Warbler,Phylloscopus maculipennis,,,,,,,,,,,,,,
Dusky Warbler,Phylloscopus fuscatus,,,,,,,,,,,,,,
Smoky Warbler,Phylloscopus fuligiventer,,,,,,,,,,,,,,
Buff-throated Warbler,Phylloscopus subaffinis,,,,,,,,,,,,,,
Common Chiffchaff,Phylloscopus collybita,,,,,,,,,,,,,,
Mountain Chiffchaff,Phylloscopus sindianus,,,,,,,,,,,,,,
Plain Leaf Warbler,Phylloscopus neglectus,,,,,,,,,,,,,,
Tytler's Leaf Warbler,Phylloscopus tytleri,,,,,,,,,,,,,,
Sulphur-bellied Warbler,Phylloscopus griseolus,,,,,,,,,,,,,,
Tickell's Leaf Warbler,Phylloscopus affinis,,,,,,,,,,,,,,
White-spectacled Warbler,Phylloscopus intermedius,,,,,,,,,,,,,,
Gray-cheeked Warbler,Phylloscopus poliogenys,,,,,,,,,,,,,,
Golden-spectacled Warbler,Phylloscopus burkii,,,,,,,,,,,,,,
Gray-crowned Warbler,Phylloscopus tephrocephalus,,,,,,,,,,,,,,
Whistler's Warbler,Phylloscopus whistleri,,,,,,,,,,,,,,
Chestnut-crowned Warbler,Phylloscopus castaniceps,,,,,,,,,,,,,,
Green Warbler,Phylloscopus nitidus,,,,,,,,,,,,,,
Greenish Warbler,Phylloscopus trochiloides,,,,,,,,,,,,,,
Two-barred Warbler,Phylloscopus plumbeitarsus,,,,,,,,,,,,,,
Arctic Warbler,Phylloscopus borealis,,,,,,,,,,,,,,
Pale-legged Leaf Warbler,Phylloscopus tenellipes,,,,,,,,,,,,,,
Large-billed Leaf Warbler,Phylloscopus magnirostris,,,,,,,,,,,,,,
Yellow-vented Warbler,Phylloscopus cantator,,,,,,,,,1,1,,,,
Claudia's Leaf Warbler,Phylloscopus claudiae,,,,,,,,,,,,,,
Blyth's Leaf Warbler,Phylloscopus reguloides,,,,,,,,,,,,,,
Western Crowned Warbler,Phylloscopus occipitalis,,,,,,,,,,,,,,
Gray-hooded Warbler,Phylloscopus xanthoschistos,,,,,,,,,,1,,,,
Slaty-bellied Tesia,Tesia olivea,,,,,,,,,,,,,,
Gray-bellied Tesia,Tesia cyaniventer,,,,,,,,,,,,,,
Chestnut-crowned Bush Warbler,Cettia major,,,,,,,,,,,,,,
Gray-sided Bush Warbler,Cettia brunnifrons,,,,,,,,,,,,,,
Chestnut-headed Tesia,Cettia castaneocoronata,,,,,,,,,,,,,,
Cetti's Warbler,Cettia cetti,,,,,,,,,,,,,,
Pale-footed Bush Warbler,Urosphena pallidipes,,,,,,,,,,,,,,
Asian Stubtail,Urosphena squameiceps,,,,,,,,,,,,,,
Yellow-bellied Warbler,Abroscopus superciliaris,,,,,,,,,,,,,,
Rufous-faced Warbler,Abroscopus albogularis,,,,,,,,,,,,,,
Black-faced Warbler,Abroscopus schisticeps,,,,,,,,,,,,,,
Mountain Tailorbird,Phyllergates cucullatus,,,,,,,,,,,,,,
Broad-billed Warbler,Tickellia hodgsoni,,,,,,,,,1,1,,,,
Brownish-flanked Bush Warbler,Horornis fortipes,,,,,,,,,,,,,,
Hume's Bush Warbler,Horornis brunnescens,,,,,,,,,,1,,,,
Aberrant Bush Warbler,Horornis flavolivaceus,,,,,,,,,,,,,,
Japanese Bush Warbler,Horornis diphone,,,,,,,,,,,,,,
White-browed Tit-Warbler,Leptopoecile sophiae,,,,,,,,,,,,,,
Crested Tit-Warbler,Leptopoecile elegans,,,,,,,,,,,,,,
Black-throated Tit,Aegithalos concinnus,,,,,,,,,,,,,,
White-cheeked Tit,Aegithalos leucogenys,,,,,,,,1,,1,,,,
White-throated Tit,Aegithalos niveogularis,,1,,,,,,1,,1,,,,
Black-browed Tit,Aegithalos iouschistos,,,,,,,,,,,,,,
Garden Warbler,Sylvia borin,,,,,,,,,,,,,,
Asian Desert Warbler,Sylvia nana,,,,,,,,,,,,,,
Barred Warbler,Sylvia nisoria,,,,,,,,,,,,,,
Eastern Orphean Warbler,Sylvia crassirostris,,,,,,,,,,,,,,
Desert Whitethroat,Sylvia minula,,,,,,,,,,,,,,
Hume's Whitethroat,Sylvia althaea,,,,,,,,,,,,,,
Lesser Whitethroat,Sylvia curruca,,,,,,,,,,,,,,
Greater Whitethroat,Sylvia communis,,,,,,,,,,,,,,
Fire-tailed Myzornis,Myzornis pyrrhoura,,,,,,,,,,1,,,,
Golden-breasted Fulvetta,Lioparus chrysotis,,,,,,,,,,,,,,
Yellow-eyed Babbler,Chrysomma sinense,,,,,,,,,,,,,,
Jerdon's Babbler,Chrysomma altirostre,,,,,,,,,,,,,,
White-browed Fulvetta,Fulvetta vinipectus,,,,,,,,,,,,,,
Ludlow's Fulvetta,Alcippe ludlowi,,,,,,,,,1,1,,,,
Streak-throated Fulvetta,Fulvetta manipurensis,,,,,,,,,,,,,,
Black-breasted Parrotbill,Paradoxornis flavirostris,,1,,,,,,,,,1,,,
Spot-breasted Parrotbill,Paradoxornis guttaticollis,,,,,,,,,,,,,,
White-breasted Parrotbill,Psittiparus ruficeps,,,,,,,,,1,1,,,,
Rufous-headed Parrotbill,Psittiparus bakeri,,,,,,,,,,,,,,
Gray-headed Parrotbill,Psittiparus gularis,,,,,,,,,,,,,,
Great Parrotbill,Conostoma aemodium,,,,,,,,,,,,,,
Brown Parrotbill,Cholornis unicolor,,,,,,,,,,,,,,
Fulvous Parrotbill,Suthora fulvifrons,,,,,,,,,,,,,,
Black-throated Parrotbill,Suthora nipalensis,,,,,,,,,,,,,,
Pale-billed Parrotbill,Chleuasicus atrosuperciliaris,,,,,,,,,,,,,,
Striated Yuhina,Yuhina castaniceps,,,,,,,,,,,,,,
Black-chinned Yuhina,Yuhina nigrimenta,,,,,,,,,,,,,,
Stripe-throated Yuhina,Yuhina gularis,,,,,,,,,,,,,,
Whiskered Yuhina,Yuhina flavicollis,,,,,,,,,,,,,,
Rufous-vented Yuhina,Yuhina occipitalis,,,,,,,,,1,1,,,,
White-naped Yuhina,Yuhina bakeri,,,,,,,,,1,1,,,,
Chestnut-flanked White-eye,Zosterops erythropleurus,,,,,,,,,,,,,,
Oriental White-eye,Zosterops palpebrosus,,,,,,,,,,,,,,
Rufous-throated Wren-Babbler,Spelaeornis caudatus,,1,,,,,,,1,1,,,,
Rusty-throated Wren-Babbler,Spelaeornis badeigularis,1,1,1,,,,,,1,1,,,,
Bar-winged Wren-Babbler,Spelaeornis troglodytoides,,,,,,,,,,,,,,
Long-tailed Wren-Babbler,Spelaeornis chocolatinus,1,1,1,,,,,,1,1,,,,
Chin Hills Wren-Babbler,Spelaeornis oatesi,,,,,,,,,,,,,,
Gray-bellied Wren-Babbler,Spelaeornis reptatus,,,,,,,,,,,,,,
Tawny-breasted Wren-Babbler,Spelaeornis longicaudatus,1,1,1,,,,,,1,1,,,,
Red-billed Scimitar-Babbler,Pomatorhinus ochraceiceps,,,,,,,,,,,,,,
Coral-billed Scimitar-Babbler,Pomatorhinus ferruginosus,,,,,,,,,,,,,,
Slender-billed Scimitar-Babbler,Pomatorhinus superciliaris,,,,,,,,,,,,,,
Indian Scimitar-Babbler,Pomatorhinus horsfieldii,1,1,1,,,,,,,,,,,
White-browed Scimitar-Babbler,Pomatorhinus schisticeps,,,,,,,,,,,,,,
Streak-breasted Scimitar-Babbler,Pomatorhinus ruficollis,,,,,,,,,,,,,,
Large Scimitar-Babbler,Megapomatorhinus hypoleucos,,,,,,,,,,,,,,
Rusty-cheeked Scimitar-Babbler,Megapomatorhinus erythrogenys,,,,,,,,,,,,,,
Spot-breasted Scimitar-Babbler,Megapomatorhinus mcclellandi,,,,,,,,,1,1,,,,
Gray-throated Babbler,Stachyris nigriceps,,,,,,,,,,,,,,
Blackish-breasted Babbler,Stachyris humei,,,,,,,,,1,1,,,,
Chevron-breasted Babbler,Stachyris roberti,,,,,,,,,1,1,,,,
Snowy-throated Babbler,Stachyris oglei,,,,,,,,,1,1,,,,
Tawny-bellied Babbler,Dumetia hyperythra,,1,,,,,,,,,,,,
Dark-fronted Babbler,Rhopocichla atriceps,,1,,,,,,,,,,,,
Chestnut-capped Babbler,Timalia pileata,,,,,,,,,,,,,,
Pin-striped Tit-Babbler,Mixornis gularis,,,,,,,,,,,,,,
Golden Babbler,Cyanoderma chrysaeum,,,,,,,,,,,,,,
Black-chinned Babbler,Cyanoderma pyrrhops,,,,,,,,,,1,,,,
Rufous-capped Babbler,Cyanoderma ruficeps,,,,,,,,,,,,,,
Buff-chested Babbler,Cyanoderma ambiguum,,,,,,,,,,,,,,
White-hooded Babbler,Gampsorhynchus rufulus,,,,,,,,,,,,,,
Rusty-capped Fulvetta,Schoeniparus dubius,,,,,,,,,,,,,,
Rufous-throated Fulvetta,Schoeniparus rufogularis,,,,,,,,,,,,,,
Yellow-throated Fulvetta,Schoeniparus cinereus,,,,,,,,,1,1,,,,
Rufous-winged Fulvetta,Schoeniparus castaneceps,,,,,,,,,,,,,,
Rufous-vented Prinia,Laticilla burnesii,,1,,,,,,,,,,1,,
Swamp Prinia,Laticilla cinerascens,,1,,,,,,,,,1,,,
Puff-throated Babbler,Pellorneum ruficeps,,,,,,,,,,,,,,
Marsh Babbler,Pellorneum palustre,,1,,,,,,,,,1,,,
Spot-throated Babbler,Pellorneum albiventre,,,,,,,,,,,,,,
Buff-breasted Babbler,Pellorneum tickelli,,,,,,,,,,,,,,
Abbott's Babbler,Turdinus abbotti,,,,,,,,,,,,,,
Streaked Wren-Babbler,Turdinus brevicaudatus,,,,,,,,,,,,,,
Eyebrowed Wren-Babbler,Napothera epilepidota,,,,,,,,,,,,,,
Long-billed Wren-Babbler,Napothera malacoptila,,,,,,,,,1,1,,,,
Indian Grassbird,Graminicola bengalensis,,1,,,,,,,,,,,,
Brown-cheeked Fulvetta,Alcippe poioicephala,,,,,,,,,,,,,,
Nepal Fulvetta,Alcippe nipalensis,,,,,,,,,,,,,,
Striated Laughingthrush,Grammatoptila striata,,,,,,,,,,1,,,,
Himalayan Cutia,Cutia nipalensis,,,,,,,,,,,,,,
Large Gray Babbler,Turdoides malcolmi,,1,,,,,,,,,,,,
Rufous Babbler,Turdoides subrufa,1,1,1,1,,,,,,,,,,
Striated Babbler,Turdoides earlei,,,,,,,,,,,,,,
Common Babbler,Turdoides caudata,,1,,,,,,,,,,,,
Slender-billed Babbler,Turdoides longirostris,,1,,,,,,,,,,,,
Jungle Babbler,Turdoides striata,,1,,,,,,,,,,,,
Yellow-billed Babbler,Turdoides affinis,,1,,,,,,,,,,,,
Spot-breasted Laughingthrush,Garrulax merulinus,,,,,,,,,1,1,,,,
Lesser Necklaced Laughingthrush,Garrulax monileger,,,,,,,,,,,,,,
White-crested Laughingthrush,Garrulax leucolophus,,,,,,,,,,,,,,
Spotted Laughingthrush,Ianthocincla ocellata,,,,,,,,,,,,,,
Moustached Laughingthrush,Ianthocincla cineracea,,,,,,,,,1,1,,,,
Rufous-chinned Laughingthrush,Ianthocincla rufogularis,,,,,,,,,,1,,,,
White-browed Laughingthrush,Ianthocincla sannio,,,,,,,,,,,,,,
Chestnut-backed Laughingthrush,Ianthocincla nuchalis,,,,,,,,,1,1,,,,
Greater Necklaced Laughingthrush,Ianthocincla pectoralis,,,,,,,,,,,,,,
Chinese Babax,Ianthocincla lanceolata,,,,,,,,,,,,,,
White-throated Laughingthrush,Ianthocincla albogularis,,,,,,,,,,,,,,
Gray-sided Laughingthrush,Ianthocincla caerulata,,,,,,,,,1,1,,,,
Rufous-necked Laughingthrush,Ianthocincla ruficollis,,,,,,,,,,,,,,
Yellow-throated Laughingthrush,Ianthocincla galbana,,,,,,,,,1,1,,,,
Wynaad Laughingthrush,Ianthocincla delesserti,1,1,1,1,,,,,,,,,,
Rufous-vented Laughingthrush,Ianthocincla gularis,,,,,,,,,1,1,,,,
Scaly Laughingthrush,Trochalopteron subunicolor,,,,,,,,,,,,,,
Brown-capped Laughingthrush,Trochalopteron austeni,,,,,,,,,1,1,,,,
Blue-winged Laughingthrush,Trochalopteron squamatum,,,,,,,,,1,1,,,,
Streaked Laughingthrush,Trochalopteron lineatum,,,,,,,,,,1,,,,
Bhutan Laughingthrush,Trochalopteron imbricatum,,,,,,,,,1,1,,,,
Striped Laughingthrush,Trochalopteron virgatum,,,,,,,,,1,1,,,,
Variegated Laughingthrush,Trochalopteron variegatum,,,,,,,,,,1,,,,
Black-faced Laughingthrush,Trochalopteron affine,,,,,,,,,,,,,,
Elliot's Laughingthrush,Trochalopteron elliotii,,,,,,,,,,,,,,
Chestnut-crowned Laughingthrush,Trochalopteron erythrocephalum,,,,,,,,,,1,,,,
Assam Laughingthrush,Trochalopteron chrysopterum,,,,,,,,,1,1,,,,
Banasura Laughingthrush,Montecincla jerdoni,1,1,1,1,,,,,,,,,,
Nilgiri Laughingthrush,Montecincla cachinnans,1,1,1,1,,,,,,,,,,
Palani Laughingthrush,Montecincla fairbanki,1,1,1,1,,,,,,,,,,
Ashambu Laughingthrush,Montecincla meridionalis,1,1,1,1,,,,,,,,,,
Long-tailed Sibia,Heterophasia picaoides,,,,,,,,,,,,,,
Beautiful Sibia,Heterophasia pulchella,,,,,,,,,1,1,,,,
Rufous Sibia,Heterophasia capistrata,,,,,,,,,,1,,,,
Gray Sibia,Heterophasia gracilis,,,,,,,,,1,1,,,,
Silver-eared Mesia,Leiothrix argentauris,,,,,,,,,,,,,,
Red-billed Leiothrix,Leiothrix lutea,,,,,,,,,,,,,,
Rufous-backed Sibia,Minla annectens,,,,,,,,,,,,,,
Red-tailed Minla,Minla ignotincta,,,,,,,,,,,,,,
Red-faced Liocichla,Liocichla phoenicea,,,,,,,,,,,,,,
Bugun Liocichla,Liocichla bugunorum,1,1,1,,,,,,1,1,,,,
Hoary-throated Barwing,Actinodura nipalensis,,,,,,,,,1,1,,,,
Streak-throated Barwing,Actinodura waldeni,,,,,,,,,1,1,,,,
Blue-winged Minla,Actinodura cyanouroptera,,,,,,,,,,,,,,
Chestnut-tailed Minla,Actinodura strigula,,,,,,,,,,,,,,
Rusty-fronted Barwing,Actinodura egertoni,,,,,,,,,1,1,,,,
Goldcrest,Regulus regulus,,,,,,,,,,,,,,
Spotted Elachura,Elachura formosa,,,,,,,,,,,,,,
Bohemian Waxwing,Bombycilla garrulus,,,,,,,,,,,,,,
Hypocolius,Hypocolius ampelinus,,,,,,,,,,,,,,
Rusty-flanked Treecreeper,Certhia nipalensis,,,,,,,,,,1,,,,
Sikkim Treecreeper,Certhia discolor,,,,,,,,,,1,,,,
Hume's Treecreeper,Certhia manipurensis,,,,,,,,,,,,,,
Bar-tailed Treecreeper,Certhia himalayana,,,,,,,,,,,,,,
Hodgson's Treecreeper,Certhia hodgsoni,,,,,,,,,,,,,,
Chestnut-vented Nuthatch,Sitta nagaensis,,,,,,,,,,,,,,
Kashmir Nuthatch,Sitta cashmirensis,,,,,,,,1,,1,,,,
Indian Nuthatch,Sitta castanea,,1,,,,,,,,,,,,
Chestnut-bellied Nuthatch,Sitta cinnamoventris,,,,,,,,,,,,,,
White-tailed Nuthatch,Sitta himalayensis,,,,,,,,,,1,,,,
Yunnan Nuthatch,Sitta yunnanensis,,,,,,,,,,,,,,
White-cheeked Nuthatch,Sitta leucopsis,,,,,,,,1,,1,,,,
Velvet-fronted Nuthatch,Sitta frontalis,,,,,,,,,,,,,,
Beautiful Nuthatch,Sitta formosa,,,,,,,,,,,,,,
Indian Spotted Creeper,Salpornis spilonota,1,1,,,,,1,,,,,,,
Wallcreeper,Tichodroma muraria,,,,,,,,,,,,,,
Eurasian Wren,Troglodytes troglodytes,,,,,,,,,,,,,,
European Starling,Sturnus vulgaris,,,,,,,,,,,,,,
Rosy Starling,Pastor roseus,,,,,,,,,,,,,,
Daurian Starling,Agropsar sturninus,,,,,,,,,,,,,,
Chestnut-cheeked Starling,Agropsar philippensis,,,,,,,,,,,,,,
Asian Pied Starling,Gracupica contra,,,,,,,,,,,,,,
Brahminy Starling,Sturnia pagodarum,,,,,,,,,,,,,,
Chestnut-tailed Starling,Sturnia malabarica,,,,,,,,,,,,,,
Malabar Starling,Sturnia blythii,1,1,1,1,,,,,,,,,,
White-headed Starling,Sturnia erythropygia,1,1,,,,,,,,,,,,1
White-cheeked Starling,Spodiopsar cineraceus,,,,,,,,,,,,,,
Common Myna,Acridotheres tristis,,,,,,,,,,,,,,
Bank Myna,Acridotheres ginginianus,,1,,,,,,,,,,,,
Jungle Myna,Acridotheres fuscus,,,,,,,,,,,,,,
Collared Myna,Acridotheres albocinctus,,,,,,,,,,,,,,
Great Myna,Acridotheres grandis,,,,,,,,,,,,,,
Spot-winged Starling,Saroglossa spilopterus,,,,,,,,,,,,,,
Southern Hill Myna,Gracula indica,,1,,,,,,,,,,,,
Common Hill Myna,Gracula religiosa,,,,,,,,,,,,,,
Golden-crested Myna,Ampeliceps coronatus,,,,,,,,,,,,,,
Asian Glossy Starling,Aplonis panayensis,,,,,,,,,,,,,,
White-throated Dipper,Cinclus cinclus,,,,,,,,,,,,,,
Brown Dipper,Cinclus pallasii,,,,,,,,,,,,,,
Rufous-tailed Scrub-Robin,Cercotrichas galactotes,,,,,,,,,,,,,,
Indian Robin,Copsychus fulicatus,,1,,,,,,,,,,,,
Oriental Magpie-Robin,Copsychus saularis,,,,,,,,,,,,,,
White-rumped Shama,Copsychus malabaricus,,,,,,,,,,,,,,
Andaman Shama,Copsychus albiventris,1,1,,,,,,,,,,,,1
Spotted Flycatcher,Muscicapa striata,,,,,,,,,,,,,,
Dark-sided Flycatcher,Muscicapa sibirica,,,,,,,,,,,,,,
Asian Brown Flycatcher,Muscicapa dauurica,,,,,,,,,,,,,,
Brown-breasted Flycatcher,Muscicapa muttui,,,,,,,,,,,,,,
Ferruginous Flycatcher,Muscicapa ferruginea,,,,,,,,,,,,,,
Nilgiri Sholakili,Sholicola major,1,1,1,1,,,,,,,,,,
White-bellied Sholakili,Sholicola albiventris,1,1,1,1,,,,,,,,,,
Pale Blue Flycatcher,Cyornis unicolor,,,,,,,,,,,,,,
White-bellied Blue Flycatcher,Cyornis pallidipes,1,1,1,1,,,,,,,,,,
Pale-chinned Blue Flycatcher,Cyornis poliogenys,,,,,,,,,,,,,,
Large Blue Flycatcher,Cyornis magnirostris,,,,,,,,,,,,,,
Hill Blue Flycatcher,Cyornis banyumas,,,,,,,,,,,,,,
Tickell's Blue Flycatcher,Cyornis tickelliae,,1,,,,,,,,,,,,
Blue-throated Flycatcher,Cyornis rubeculoides,,,,,,,,,,,,,,
White-tailed Flycatcher,Cyornis concretus,,,,,,,,,,,,,,
Nicobar Jungle-Flycatcher,Cyornis nicobaricus,1,1,,,,,,,,,,,,1
White-gorgeted Flycatcher,Anthipes monileger,,,,,,,,,,,,,,
Rufous-bellied Niltava,Niltava sundara,,,,,,,,,,,,,,
Vivid Niltava,Niltava vivida,,,,,,,,,,,,,,
Large Niltava,Niltava grandis,,,,,,,,,,,,,,
Small Niltava,Niltava macgrigoriae,,,,,,,,,,,,,,
Blue-and-white Flycatcher,Cyanoptila cyanomelana,,,,,,,,,,,,,,
Zappey's Flycatcher,Cyanoptila cumatilis,,,,,,,,,,,,,,
Verditer Flycatcher,Eumyias thalassinus,,,,,,,,,,,,,,
Nilgiri Flycatcher,Eumyias albicaudatus,1,1,1,1,,,,,,,,,,
White-browed Shortwing,Brachypteryx montana,,,,,,,,,,,,,,
Lesser Shortwing,Brachypteryx leucophris,,,,,,,,,,,,,,
Rusty-bellied Shortwing,Brachypteryx hyperythra,,,,,,,,,1,1,,,,
Gould's Shortwing,Brachypteryx stellata,,,,,,,,,1,1,,,,
Indian Blue Robin,Larvivora brunnea,,,,,,,,,,,,,,
Siberian Blue Robin,Larvivora cyane,,,,,,,,,,,,,,
Bluethroat,Luscinia svecica,,,,,,,,,,,,,,
White-bellied Redstart,Luscinia phaenicuroides,,,,,,,,,,,,,,
Little Forktail,Enicurus scouleri,,,,,,,,,,,,,,
Black-backed Forktail,Enicurus immaculatus,,,,,,,,,,,,,,
Slaty-backed Forktail,Enicurus schistaceus,,,,,,,,,,,,,,
White-crowned Forktail,Enicurus leschenaulti,,,,,,,,,,,,,,
Spotted Forktail,Enicurus maculatus,,,,,,,,,,,,,,
Blue-fronted Robin,Cinclidium frontale,,,,,,,,,,,,,,
Malabar Whistling-Thrush,Myophonus horsfieldii,1,1,1,,,,,,,,,,,
Blue Whistling-Thrush,Myophonus caeruleus,,,,,,,,,,,,,,
Firethroat,Calliope pectardens,,,,,,,,,,,,,,
Himalayan Rubythroat,Calliope pectoralis,,,,,,,,,,,,,,
Chinese Rubythroat,Calliope tschebaiewi,,,,,,,,,,,,,,
Siberian Rubythroat,Calliope calliope,,,,,,,,,,,,,,
White-tailed Robin,Myiomela leucura,,,,,,,,,,,,,,
White-browed Bush-Robin,Tarsiger indicus,,,,,,,,,,,,,,
Golden Bush-Robin,Tarsiger chrysaeus,,,,,,,,,,,,,,
Red-flanked Bluetail,Tarsiger cyanurus,,,,,,,,,,,,,,
Himalayan Bluetail,Tarsiger rufilatus,,,,,,,,,,,,,,
Rufous-breasted Bush-Robin,Tarsiger hyperythrus,,,,,,,,,,1,,,,
Rusty-tailed Flycatcher,Ficedula ruficauda,,,,,,,,,,,,,,
Kashmir Flycatcher,Ficedula subrubra,,1,,,,,,,,,,,,
Red-breasted Flycatcher,Ficedula parva,,,,,,,,,,,,,,
Taiga Flycatcher,Ficedula albicilla,,,,,,,,,,,,,,
Snowy-browed Flycatcher,Ficedula hyperythra,,,,,,,,,,,,,,
Rufous-gorgeted Flycatcher,Ficedula strophiata,,,,,,,,,,,,,,
Ultramarine Flycatcher,Ficedula superciliaris,,,,,,,,,,,,,,
Little Pied Flycatcher,Ficedula westermanni,,,,,,,,,,,,,,
Mugimaki Flycatcher,Ficedula mugimaki,,,,,,,,,,,,,,
Yellow-rumped Flycatcher,Ficedula zanthopygia,,,,,,,,,,,,,,
Slaty-blue Flycatcher,Ficedula tricolor,,,,,,,,,,,,,,
Black-and-orange Flycatcher,Ficedula nigrorufa,1,1,1,1,,,,,,,,,,
Pygmy Flycatcher,Ficedula hodgsoni,,,,,,,,,,,,,,
Slaty-backed Flycatcher,Ficedula sordida,,,,,,,,,,,,,,
Sapphire Flycatcher,Ficedula sapphira,,,,,,,,,,,,,,
Rufous-backed Redstart,Phoenicurus erythronotus,,,,,,,,,,,,,,
Blue-fronted Redstart,Phoenicurus frontalis,,,,,,,,,,,,,,
Blue-capped Redstart,Phoenicurus coeruleocephala,,,,,,,,,,,,,,
White-throated Redstart,Phoenicurus schisticeps,,,,,,,,,,,,,,
White-capped Redstart,Phoenicurus leucocephalus,,,,,,,,,,,,,,
Plumbeous Redstart,Phoenicurus fuliginosus,,,,,,,,,,,,,,
Black Redstart,Phoenicurus ochruros,,,,,,,,,,,,,,
Common Redstart,Phoenicurus phoenicurus,,,,,,,,,,,,,,
Daurian Redstart,Phoenicurus auroreus,,,,,,,,,,,,,,
White-winged Redstart,Phoenicurus erythrogastrus,,,,,,,,,,,,,,
Hodgson's Redstart,Phoenicurus hodgsoni,,,,,,,,,,,,,,
Blue-capped Rock-Thrush,Monticola cinclorhyncha,,,,,,,,,,,,,,
Chestnut-bellied Rock-Thrush,Monticola rufiventris,,,,,,,,,,,,,,
Rufous-tailed Rock-Thrush,Monticola saxatilis,,,,,,,,,,,,,,
Blue Rock-Thrush,Monticola solitarius,,,,,,,,,,,,,,
White-browed Bushchat,Saxicola macrorhynchus,,1,,,,,,,,,,,,
White-throated Bushchat,Saxicola insignis,,,,,,,,,,,,,,
Siberian Stonechat,Saxicola maurus,,,,,,,,,,,,,,
White-tailed Stonechat,Saxicola leucurus,,,,,,,,,,,,,,
Pied Bushchat,Saxicola caprata,,,,,,,,,,,,,,
Jerdon's Bushchat,Saxicola jerdoni,,,,,,,,,,,,,,
Gray Bushchat,Saxicola ferreus,,,,,,,,,,,,,,
Northern Wheatear,Oenanthe oenanthe,,,,,,,,,,,,,,
Isabelline Wheatear,Oenanthe isabellina,,,,,,,,,,,,,,
Desert Wheatear,Oenanthe deserti,,,,,,,,,,,,,,
Pied Wheatear,Oenanthe pleschanka,,,,,,,,,,,,,,
Indian Chat,Cercomela fusca,,1,,,,,,,,,,,,
Finsch's Wheatear,Oenanthe finschii,,,,,,,,,,,,,,
Variable Wheatear,Oenanthe picata,,,,,,,,,,,,,,
Hume's Wheatear,Oenanthe albonigra,,,,,,,,,,,,,,
Red-tailed Wheatear,Oenanthe xanthoprymna,,,,,,,,,,,,,,
Grandala,Grandala coelicolor,,,,,,,,,,,,,,
Long-tailed Thrush,Zoothera dixoni,,,,,,,,,,,,,,
Alpine Thrush,Zoothera mollissima,,,,,,,,,,,,,,
Himalayan Thrush,Zoothera salimalii,,,,,,,,,,,,,,
Dark-sided Thrush,Zoothera marginata,,,,,,,,,,1,,,,
Long-billed Thrush,Zoothera monticola,,,,,,,,,,1,,,,
Scaly Thrush,Zoothera dauma,,,,,,,,,,,,,,
Nilgiri Thrush,Zoothera neilgherriensis,1,1,1,1,,,,,,,,,,
Purple Cochoa,Cochoa purpurea,,,,,,,,,,,,,,
Green Cochoa,Cochoa viridis,,,,,,,,,,,,,,
Siberian Thrush,Geokichla sibirica,,,,,,,,,,,,,,
Pied Thrush,Geokichla wardii,,1,,,,,,,,,,,,
Orange-headed Thrush,Geokichla citrina,,,,,,,,,,,,,,
Chinese Thrush,Otocichla mupinensis,,,,,,,,,,,,,,
Mistle Thrush,Turdus viscivorus,,,,,,,,,,,,,,
Song Thrush,Turdus philomelos,,,,,,,,,,,,,,
Gray-winged Blackbird,Turdus boulboul,,,,,,,,,,,,,,
Indian Blackbird,Turdus simillimus,,1,,,,,,,,,,,,
Black-breasted Thrush,Turdus dissimilis,,,,,,,,,,,,,,
Tickell's Thrush,Turdus unicolor,,1,,,,,,,,,,,,
Eyebrowed Thrush,Turdus obscurus,,,,,,,,,,,,,,
Gray-sided Thrush,Turdus feae,,,,,,,,,,,,,,
White-backed Thrush,Turdus kessleri,,,,,,,,,,,,,,
Tibetan Blackbird,Turdus maximus,,,,,,,,,,1,,,,
Fieldfare,Turdus pilaris,,,,,,,,,,,,,,
White-collared Blackbird,Turdus albocinctus,,,,,,,,,,1,,,,
Chestnut Thrush,Turdus rubrocanus,,,,,,,,,,,,,,
Dusky Thrush,Turdus eunomus,,,,,,,,,,,,,,
Naumann's Thrush,Turdus naumanni,,,,,,,,,,,,,,
Black-throated Thrush,Turdus atrogularis,,,,,,,,,,,,,,
Red-throated Thrush,Turdus ruficollis,,,,,,,,,,,,,,