"Common Name","Scientific Name","Long-term Analysis","Current change Analysis","Subcontinental Endemics","Himalayan/NE Near-Endemics","Significant - Indian Context","Not Relevant - Indian Context","Diurnal","Selected - SOIB"
"Fulvous Whistling Duck","Dendrocygna bicolor","","X","","","X","","X","X"
"Lesser Whistling Duck","Dendrocygna javanica","X","X","","","","","X","X"
"Bar-headed Goose","Anser indicus","X","X","","","X","","X","X"
"Greylag Goose","Anser anser","X","X","","","","","X","X"
"Greater White-fronted Goose","Anser albifrons","","","","","","X","X",""
"Lesser White-fronted Goose","Anser erythropus","","","","","","X","X",""
"Taiga Bean-Goose","Anser fabalis","","","","","","X","X",""
"Tundra Bean-Goose","Anser serrirostris","","","","","","X","X",""
"Red-breasted Goose","Branta ruficollis","","","","","","X","",""
"Mute Swan","Cygnus olor","","","","","","X","X",""
"Tundra Swan","Cygnus columbianus","","","","","","X","",""
"Whooper Swan","Cygnus cygnus","","","","","","X","",""
"Comb Duck","Sarkidiornis melanotos","X","X","","","X","","X","X"
"Ruddy Shelduck","Tadorna ferruginea","X","X","","","","","X","X"
"Common Shelduck","Tadorna tadorna","","","","","","","X",""
"Cotton Teal","Nettapus coromandelianus","X","X","","","","","X","X"
"Mandarin Duck","Aix galericulata","","","","","","X","X",""
"Baikal Teal","Sibirionetta formosa","","","","","","","X",""
"Garganey","Spatula querquedula","X","X","","","","","X","X"
"Northern Shoveler","Spatula clypeata","X","X","","","","","X","X"
"Gadwall","Mareca strepera","X","X","","","","","X","X"
"Falcated Duck","Mareca falcata","","","","","","","X",""
"Eurasian Wigeon","Mareca penelope","X","X","","","","","X","X"
"Indian Spot-billed Duck","Anas poecilorhyncha","X","X","","","","","X","X"
"Chinese Spot-billed Duck","Anas zonorhyncha","","","","","","X","X",""
"Mallard","Anas platyrhynchos","X","X","","","","","X","X"
"Northern Pintail","Anas acuta","X","X","","","","","X","X"
"Common Teal","Anas crecca","X","X","","","","","X","X"
"Andaman Teal","Anas albogularis","","","X","","","","X","X"
"Marbled Teal","Marmaronetta angustirostris","","","","","","","X",""
"Pink-headed Duck","Rhodonessa caryophyllacea","","","","","","X","",""
"White-winged Wood Duck","Asarcornis scutulata","","","","","X","","X","X"
"Red-crested Pochard","Netta rufina","X","X","","","","","X","X"
"Common Pochard","Aythya ferina","X","X","","","","","X","X"
"Ferruginous Duck","Aythya nyroca","X","X","","","","","X","X"
"Baer's Pochard","Aythya baeri","","","","","","","X",""
"Tufted Duck","Aythya fuligula","X","X","","","","","X","X"
"Greater Scaup","Aythya marila","","","","","","","X",""
"Long-tailed Duck","Clangula hyemalis","","","","","","X","",""
"Common Goldeneye","Bucephala clangula","","","","","","X","X",""
"Smew","Mergellus albellus","","","","","","X","X",""
"Common Merganser","Mergus merganser","","X","","","","","X","X"
"Red-breasted Merganser","Mergus serrator","","","","","","X","X",""
"White-headed Duck","Oxyura leucocephala","","","","","","X","",""
"Nicobar Megapode","Megapodius nicobariensis","","","X","","","","X","X"
"Common Hill Partridge","Arborophila torqueola","","X","","X","","","X","X"
"Chestnut-breasted Hill Partridge","Arborophila mandellii","","","X","X","","","X","X"
"Rufous-throated Hill Partridge","Arborophila rufogularis","","","","","X","","X","X"
"White-cheeked Hill Partridge","Arborophila atrogularis","","","","X","","","X","X"
"Indian Peafowl","Pavo cristatus","X","X","X","","","","X","X"
"Green Peafowl","Pavo muticus","","","","","","X","X",""
"Red Spurfowl","Galloperdix spadicea","X","X","X","","","","X","X"
"Painted Spurfowl","Galloperdix lunulata","X","X","X","","","","X","X"
"Grey Peacock Pheasant","Polyplectron bicalcaratum","","","","","","","X",""
"Blue-breasted Quail","Synoicus chinensis","","","","","","","X",""
"Japanese Quail","Coturnix japonica","","","","","","X","",""
"Common Quail","Coturnix coturnix","","","","","","","X",""
"Rain Quail","Coturnix coromandelica","X","X","","","X","","X","X"
"Chukar Partridge","Alectoris chukar","","X","","","","","X","X"
"Tibetan Snowcock","Tetraogallus tibetanus","","","","","","","X",""
"Himalayan Snowcock","Tetraogallus himalayensis","","","","X","","","X","X"
"Jungle Bush Quail","Perdicula asiatica","X","X","X","","","","X","X"
"Rock Bush Quail","Perdicula argoondah","","X","X","","","","X","X"
"Painted Bush Quail","Perdicula erythrorhyncha","","","X","","","","X","X"
"Manipur Bush Quail","Perdicula manipurensis","","","X","","","","X","X"
"Himalayan Quail","Ophrysia superciliosa","","","X","X","","","X","X"
"Black Francolin","Francolinus francolinus","X","X","","","X","","X","X"
"Painted Francolin","Francolinus pictus","","X","X","","","","X","X"
"Chinese Francolin","Francolinus pintadeanus","","","","","","X","X",""
"Grey Francolin","Francolinus pondicerianus","X","X","","","X","","X","X"
"Swamp Francolin","Francolinus gularis","","","X","","","","X","X"
"Mountain Bamboo Partridge","Bambusicola fytchii","","","","","X","","X","X"
"Red Junglefowl","Gallus gallus","X","X","","","","","X","X"
"Grey Junglefowl","Gallus sonneratii","X","X","X","","","","X","X"
"Blood Pheasant","Ithaginis cruentus","","","","","X","","X","X"
"Himalayan Monal","Lophophorus impejanus","","X","","X","","","X","X"
"Sclater's Monal","Lophophorus sclateri","","","","X","","","X","X"
"Snow Partridge","Lerwa lerwa","","","","","X","","X","X"
"Western Tragopan","Tragopan melanocephalus","","","X","X","","","X","X"
"Satyr Tragopan","Tragopan satyra","","","X","X","","","X","X"
"Blyth's Tragopan","Tragopan blythii","","","","X","","","X","X"
"Temminck's Tragopan","Tragopan temminckii","","","","","","","X",""
"Mrs Hume's Pheasant","Syrmaticus humiae","","","","","","X","X",""
"Cheer Pheasant","Catreus wallichii","","","X","X","","","X","X"
"Kalij Pheasant","Lophura leucomelanos","X","X","","","X","","X","X"
"Tibetan Partridge","Perdix hodgsoniae","","","","","","","X",""
"Koklass Pheasant","Pucrasia macrolopha","","","","","X","","X","X"
"Greater Flamingo","Phoenicopterus roseus","X","X","","","X","","X","X"
"Lesser Flamingo","Phoeniconaias minor","","X","","","X","","X","X"
"Little Grebe","Tachybaptus ruficollis","X","X","","","","","X","X"
"Horned Grebe","Podiceps auritus","","","","","","X","X",""
"Red-necked Grebe","Podiceps grisegena","","","","","","X","X",""
"Great Crested Grebe","Podiceps cristatus","X","X","","","","","X","X"
"Black-necked Grebe","Podiceps nigricollis","","","","","","","X",""
"Rock Pigeon","Columba livia","X","X","","","","","X","X"
"Hill Pigeon","Columba rupestris","","X","","","X","","X","X"
"Snow Pigeon","Columba leuconota","","X","","","X","","X","X"
"Yellow-eyed Pigeon","Columba eversmanni","","","","","X","","X","X"
"Common Wood Pigeon","Columba palumbus","","","","","","","X",""
"Speckled Wood Pigeon","Columba hodgsonii","","X","","","X","","X","X"
"Ashy Wood Pigeon","Columba pulchricollis","","","","","X","","X","X"
"Nilgiri Wood Pigeon","Columba elphinstonii","X","X","X","","","","X","X"
"Pale-capped Pigeon","Columba punicea","","","","","X","","X","X"
"Andaman Wood Pigeon","Columba palumboides","","","X","","","","X","X"
"European Turtle Dove","Streptopelia turtur","","","","","","X","X",""
"Oriental Turtle Dove","Streptopelia orientalis","X","X","","","","","X","X"
"Eurasian Collared Dove","Streptopelia decaocto","X","X","","","","","X","X"
"Red Collared Dove","Streptopelia tranquebarica","X","X","","","","","X","X"
"Spotted Dove","Streptopelia chinensis","X","X","","","","","X","X"
"Laughing Dove","Streptopelia senegalensis","X","X","","","","","X","X"
"Barred Cuckoo Dove","Macropygia unchall","","X","","","","","X","X"
"Andaman Cuckoo Dove","Macropygia rufipennis","","","X","","","","X","X"
"Namaqua Dove","Oena capensis","","","","","","X","X",""
"Asian Emerald Dove","Chalcophaps indica","X","X","","","","","X","X"
"Nicobar Pigeon","Caloenas nicobarica","","","","","","","X",""
"Orange-breasted Green Pigeon","Treron bicinctus","","X","","","X","","X","X"
"Grey-fronted Green Pigeon","Treron affinis","X","X","X","","","","X","X"
"Andaman Green Pigeon","Treron chloropterus","","X","X","","","","X","X"
"Ashy-headed Green Pigeon","Treron phayrei","","","","","","","X",""
"Thick-billed Green Pigeon","Treron curvirostra","","","","","","","X",""
"Yellow-legged Green Pigeon","Treron phoenicopterus","X","X","","","X","","X","X"
"Pin-tailed Green Pigeon","Treron apicauda","","X","","","","","X","X"
"Wedge-tailed Green Pigeon","Treron sphenurus","","X","","","","","X","X"
"Green Imperial-Pigeon","Ducula aenea","X","X","","","X","","X","X"
"Nicobar Imperial-Pigeon","Ducula nicobarica","","","X","","","","X","X"
"Mountain Imperial Pigeon","Ducula badia","X","X","","","X","","X","X"
"Pied Imperial Pigeon","Ducula bicolor","","","","","","","X",""
"Tibetan Sandgrouse","Syrrhaptes tibetanus","","","","","X","","X","X"
"Pallas's Sandgrouse","Syrrhaptes paradoxus","","","","","","X","X",""
"Pin-tailed Sandgrouse","Pterocles alchata","","","","","","X","X",""
"Chestnut-bellied Sandgrouse","Pterocles exustus","X","X","","","X","","X","X"
"Spotted Sandgrouse","Pterocles senegallus","","","","","","","X",""
"Black-bellied Sandgrouse","Pterocles orientalis","","","","","","","X",""
"Painted Sandgrouse","Pterocles indicus","","X","X","","","","X","X"
"Great Indian Bustard","Ardeotis nigriceps","","X","X","","","","X","X"
"Macqueen's Bustard","Chlamydotis macqueenii","","","","","","","X",""
"Bengal Florican","Houbaropsis bengalensis","","","","","X","","X","X"
"Lesser Florican","Sypheotides indicus","","","X","","","","X","X"
"Little Bustard","Tetrax tetrax","","","","","","","X",""
"Andaman Coucal","Centropus andamanensis","","X","","","X","","X","X"
"Greater Coucal","Centropus sinensis","X","X","","","X","","X","X"
"Lesser Coucal","Centropus bengalensis","","X","","","X","","X","X"
"Sirkeer Malkoha","Taccocua leschenaultii","X","X","X","","","","X","X"
"Blue-faced Malkoha","Phaenicophaeus viridirostris","X","X","X","","","","X","X"
"Green-billed Malkoha","Phaenicophaeus tristis","X","X","","","","","X","X"
"Chestnut-winged Cuckoo","Clamator coromandus","","","","","","","X",""
"Pied Cuckoo","Clamator jacobinus","X","X","","","X","","X","X"
"Asian Koel","Eudynamys scolopaceus","X","X","","","X","","X","X"
"Asian Emerald Cuckoo","Chrysococcyx maculatus","","","","","","","X",""
"Violet Cuckoo","Chrysococcyx xanthorhynchus","","","","","","","X",""
"Horsfield's Bronze-Cuckoo","Chrysococcyx basalis","","","","","","X","X",""
"Banded Bay Cuckoo","Cacomantis sonneratii","X","X","","","","","X","X"
"Plaintive Cuckoo","Cacomantis merulinus","","X","","","","","X","X"
"Grey-bellied Cuckoo","Cacomantis passerinus","X","X","X","","","","X","X"
"Fork-tailed Drongo Cuckoo","Surniculus dicruroides","","X","","","","","X","X"
"Square-tailed Drongo Cuckoo","Surniculus lugubris","","X","","","","","X","X"
"Large Hawk Cuckoo","Hierococcyx sparverioides","X","X","","","","","X","X"
"Common Hawk Cuckoo","Hierococcyx varius","X","X","X","","","","X","X"
"Whistling Hawk Cuckoo","Hierococcyx nisicolor","","","","","","","X",""
"Lesser Cuckoo","Cuculus poliocephalus","","X","","","","","X","X"
"Indian Cuckoo","Cuculus micropterus","X","X","","","X","","X","X"
"Himalayan Cuckoo","Cuculus saturatus","","X","","","X","","X","X"
"Common Cuckoo","Cuculus canorus","X","X","","","","","X","X"
"Sri Lanka Frogmouth","Batrachostomus moniliger","","","X","","","","",""
"Hodgson's Frogmouth","Batrachostomus hodgsoni","","","","","X","","",""
"Great Eared Nightjar","Lyncornis macrotis","","","","","X","","",""
"Jungle Nightjar","Caprimulgus indicus","","","X","","","","",""
"Grey Nightjar","Caprimulgus jotaka","","","","","","","",""
"European Nightjar","Caprimulgus europaeus","","","","","","X","",""
"Sykes's Nightjar","Caprimulgus mahrattensis","","","","","X","","",""
"Large-tailed Nightjar","Caprimulgus macrurus","","","","","","","",""
"Andaman Nightjar","Caprimulgus andamanicus","","","X","","","","",""
"Jerdon's Nightjar","Caprimulgus atripennis","","","X","","","","",""
"Indian Nightjar","Caprimulgus asiaticus","","","","","X","","",""
"Savanna Nightjar","Caprimulgus affinis","","","","","X","","",""
"White-rumped Spinetail","Zoonavena sylvatica","X","X","X","","","","X","X"
"White-throated Needletail","Hirundapus caudacutus","","","","","","","X",""
"Silver-backed Needletail","Hirundapus cochinchinensis","","","","","","","X",""
"Brown-backed Needletail","Hirundapus giganteus","X","X","","","X","","X","X"
"Glossy Swiftlet","Collocalia esculenta","","X","","","X","","X","X"
"Indian Swiftlet","Aerodramus unicolor","X","X","X","","","","X","X"
"Himalayan Swiftlet","Aerodramus brevirostris","X","X","","","X","","X","X"
"Edible-nest Swiftlet","Aerodramus fuciphagus","","","","","","","X",""
"Alpine Swift","Tachymarptis melba","X","X","","","","","X","X"
"Common Swift","Apus apus","","","","","","","X",""
"Pacific Swift","Apus pacificus","","","","","","X","X",""
"Blyth's Swift","Apus leuconyx","","","","","X","","X","X"
"Dark-rumped Swift","Apus acuticauda","","","","","X","","X","X"
"Indian House Swift","Apus affinis","X","X","","","X","","X","X"
"Nepal House Swift","Apus nipalensis","","","","","","X","X",""
"Asian Palm Swift","Cypsiurus balasiensis","X","X","","","X","","X","X"
"Crested Treeswift","Hemiprocne coronata","X","X","","","X","","X","X"
"Western Water Rail","Rallus aquaticus","","","","","","","X",""
"Eastern Water Rail","Rallus indicus","","","","","","","X",""
"Corncrake","Crex crex","","","","","","X","X",""
"Slaty-breasted Rail","Lewinia striata","","X","","","","","X","X"
"Spotted Crake","Porzana porzana","","","","","","","X",""
"Common Moorhen","Gallinula chloropus","X","X","","","","","X","X"
"Common Coot","Fulica atra","X","X","","","","","X","X"
"Purple Swamphen","Porphyrio porphyrio","X","X","","","","","X","X"
"Watercock","Gallicrex cinerea","","X","","","","","X","X"
"White-breasted Waterhen","Amaurornis phoenicurus","X","X","","","","","X","X"
"White-browed Crake","Amaurornis cinerea","","","","","","X","X",""
"Andaman Crake","Rallina canningi","","","X","","","","X","X"
"Slaty-legged Crake","Rallina eurizonoides","","","","","X","","X","X"
"Ruddy-breasted Crake","Zapornia fusca","","X","","","","","X","X"
"Brown Crake","Zapornia akool","X","X","","","X","","X","X"
"Little Crake","Zapornia parva","","","","","","X","X",""
"Baillon's Crake","Zapornia pusilla","","X","","","X","","X","X"
"Black-tailed Crake","Zapornia bicolor","","","","","X","","X","X"
"Masked Finfoot","Heliopais personatus","","","","","","X","X",""
"Demoiselle Crane","Grus virgo","","X","","","X","","X","X"
"Siberian Crane","Leucogeranus leucogeranus","","","","","","X","",""
"Sarus Crane","Antigone antigone","X","X","","","X","","X","X"
"Common Crane","Grus grus","X","X","","","","","X","X"
"Black-necked Crane","Grus nigricollis","","","","","X","","X","X"
"Indian Thick-knee","Burhinus indicus","X","X","","","X","","X","X"
"Great Thick-knee","Esacus recurvirostris","X","X","","","X","","X","X"
"Beach Thick-knee","Esacus magnirostris","","","","","","X","X",""
"Black-winged Stilt","Himantopus himantopus","X","X","","","","","X","X"
"Pied Avocet","Recurvirostra avosetta","X","X","","","","","X","X"
"Ibisbill","Ibidorhyncha struthersii","","","","","","","X",""
"Eurasian Oystercatcher","Haematopus ostralegus","","X","","","","","X","X"
"Grey Plover","Pluvialis squatarola","X","X","","","","","X","X"
"Eurasian Golden Plover","Pluvialis apricaria","","","","","","X","X",""
"Pacific Golden Plover","Pluvialis fulva","X","X","","","","","X","X"
"Northern Lapwing","Vanellus vanellus","","X","","","","","X","X"
"River Lapwing","Vanellus duvaucelii","X","X","","","","","X","X"
"Yellow-wattled Lapwing","Vanellus malabaricus","X","X","X","","","","X","X"
"Grey-headed Lapwing","Vanellus cinereus","X","X","","","","","X","X"
"Red-wattled Lapwing","Vanellus indicus","X","X","","","","","X","X"
"Sociable Lapwing","Vanellus gregarius","","","","","X","","X","X"
"White-tailed Lapwing","Vanellus leucurus","X","X","","","","","X","X"
"Lesser Sand Plover","Charadrius mongolus","X","X","","","","","X","X"
"Greater Sand Plover","Charadrius leschenaultii","","X","","","","","X","X"
"Caspian Plover","Charadrius asiaticus","","","","","","X","X",""
"Kentish Plover","Charadrius alexandrinus","X","X","","","","","X","X"
"Common Ringed Plover","Charadrius hiaticula","","","","","","","X",""
"Long-billed Plover","Charadrius placidus","","","","","","","X",""
"Little Ringed Plover","Charadrius dubius","X","X","","","","","X","X"
"Oriental Plover","Charadrius veredus","","","","","","X","X",""
"Greater Painted-snipe","Rostratula benghalensis","X","X","","","","","X","X"
"Pheasant-tailed Jacana","Hydrophasianus chirurgus","X","X","","","","","X","X"
"Bronze-winged Jacana","Metopidius indicus","X","X","","","","","X","X"
"Whimbrel","Numenius phaeopus","X","X","","","","","X","X"
"Eurasian Curlew","Numenius arquata","X","X","","","","","X","X"
"Bar-tailed Godwit","Limosa lapponica","","X","","","","","X","X"
"Black-tailed Godwit","Limosa limosa","X","X","","","","","X","X"
"Ruddy Turnstone","Arenaria interpres","","X","","","","","X","X"
"Great Knot","Calidris tenuirostris","","","","","X","","X","X"
"Red Knot","Calidris canutus","","","","","","X","X",""
"Ruff","Calidris pugnax","X","X","","","","","X","X"
"Broad-billed Sandpiper","Calidris falcinellus","","X","","","","","X","X"
"Sharp-tailed Sandpiper","Calidris acuminata","","","","","","X","X",""
"Curlew Sandpiper","Calidris ferruginea","X","X","","","","","X","X"
"Temminck's Stint","Calidris temminckii","X","X","","","","","X","X"
"Long-toed Stint","Calidris subminuta","","","","","","","X",""
"Spoon-billed Sandpiper","Calidris pygmaea","","","","","","X","X",""
"Red-necked Stint","Calidris ruficollis","","","","","","","X",""
"Sanderling","Calidris alba","","X","","","","","X","X"
"Dunlin","Calidris alpina","X","X","","","","","X","X"
"Little Stint","Calidris minuta","X","X","","","","","X","X"
"Buff-breasted Sandpiper","Calidris subruficollis","","","","","","X","X",""
"Pectoral Sandpiper","Calidris melanotos","","","","","","X","X",""
"Asian Dowitcher","Limnodromus semipalmatus","","","","","","X","X",""
"Long-billed Dowitcher","Limnodromus scolopaceus","","","","","","X","X",""
"Jack Snipe","Lymnocryptes minimus","","","","","","","X",""
"Eurasian Woodcock","Scolopax rusticola","","","","","","","X",""
"Solitary Snipe","Gallinago solitaria","","","","","","","X",""
"Wood Snipe","Gallinago nemoricola","","","","","","","X",""
"Great Snipe","Gallinago media","","","","","","X","X",""
"Common Snipe","Gallinago gallinago","X","X","","","","","X","X"
"Pintail Snipe","Gallinago stenura","X","X","","","","","X","X"
"Swinhoe's Snipe","Gallinago megala","","","","","","X","X",""
"Terek Sandpiper","Xenus cinereus","","X","","","","","X","X"
"Red-necked Phalarope","Phalaropus lobatus","","","","","","","X",""
"Red Phalarope","Phalaropus fulicarius","","","","","","X","X",""
"Common Sandpiper","Actitis hypoleucos","X","X","","","","","X","X"
"Green Sandpiper","Tringa ochropus","X","X","","","","","X","X"
"Grey-tailed Tattler","Tringa brevipes","","","","","","X","X",""
"Spotted Redshank","Tringa erythropus","X","X","","","","","X","X"
"Common Greenshank","Tringa nebularia","X","X","","","","","X","X"
"Marsh Sandpiper","Tringa stagnatilis","X","X","","","","","X","X"
"Wood Sandpiper","Tringa glareola","X","X","","","","","X","X"
"Common Redshank","Tringa totanus","X","X","","","","","X","X"
"Small Buttonquail","Turnix sylvaticus","","","","","","","X",""
"Yellow-legged Buttonquail","Turnix tanki","","","","","X","","X","X"
"Barred Buttonquail","Turnix suscitator","X","X","","","","","X","X"
"Crab-plover","Dromas ardeola","","","","","","","X",""
"Cream-coloured Courser","Cursorius cursor","","","","","","","X",""
"Indian Courser","Cursorius coromandelicus","X","X","X","","","","X","X"
"Jerdon's Courser","Rhinoptilus bitorquatus","","","X","","","","","X"
"Collared Pratincole","Glareola pratincola","","","","","","","X",""
"Oriental Pratincole","Glareola maldivarum","","X","","","X","","X","X"
"Little Pratincole","Glareola lactea","X","X","","","","","X","X"
"South Polar Skua","Stercorarius maccormicki","","","","","","X","X",""
"Brown Skua","Stercorarius antarcticus","","","","","","X","X",""
"Pomarine Skua","Stercorarius pomarinus","","","","","","","X",""
"Arctic Skua","Stercorarius parasiticus","","","","","","","X",""
"Long-tailed Skua","Stercorarius longicaudus","","","","","","X","X",""
"Black-legged Kittiwake","Rissa tridactyla","","","","","","X","X",""
"Sabine's Gull","Xema sabini","","","","","","X","X",""
"Slender-billed Gull","Chroicocephalus genei","","X","","","","","X","X"
"Black-headed Gull","Chroicocephalus ridibundus","X","X","","","","","X","X"
"Brown-headed Gull","Chroicocephalus brunnicephalus","X","X","","","","","X","X"
"Little Gull","Hydrocoloeus minutus","","","","","","X","X",""
"Franklin's Gull","Leucophaeus pipixcan","","","","","","X","X",""
"White-eyed Gull","Ichthyaetus leucophthalmus","","","","","","X","X",""
"Sooty Gull","Ichthyaetus hemprichii","","","","","","X","X",""
"Pallas's Gull","Ichthyaetus ichthyaetus","X","X","","","","","X","X"
"Mew Gull","Larus canus","","","","","","X","X",""
"Mongolian Gull","Larus smithsonianus mongolicus","","","","","","X","X",""
"Caspian Gull","Larus cachinnans","","","","","","X","X",""
"Lesser Black-backed Gull","Larus fuscus","X","X","","","","","X","X"
"Brown Noddy","Anous stolidus","","","","","","X","X",""
"Black Noddy","Anous minutus","","","","","","X","X",""
"Lesser Noddy","Anous tenuirostris","","","","","","X","X",""
"White Tern","Gygis alba","","","","","","X","X",""
"Sooty Tern","Onychoprion fuscatus","","","","","","","X",""
"Bridled Tern","Onychoprion anaethetus","","","","","","","X",""
"Little Tern","Sternula albifrons","X","X","","","","","X","X"
"Saunders's Tern","Sternula saundersi","","","","","","","X",""
"Gull-billed Tern","Gelochelidon nilotica","X","X","","","","","X","X"
"Caspian Tern","Hydroprogne caspia","X","X","","","","","X","X"
"Black Tern","Chlidonias niger","","","","","","X","X",""
"White-winged Tern","Chlidonias leucopterus","","","","","","","X",""
"Whiskered Tern","Chlidonias hybrida","X","X","","","","","X","X"
"Roseate Tern","Sterna dougallii","","","","","","X","X",""
"Black-naped Tern","Sterna sumatrana","","","","","","X","X",""
"Common Tern","Sterna hirundo","","X","","","","","X","X"
"Arctic Tern","Sterna paradisaea","","","","","","X","X",""
"Black-bellied Tern","Sterna acuticauda","","","","","X","","X","X"
"River Tern","Sterna aurantia","X","X","","","X","","X","X"
"White-cheeked Tern","Sterna repressa","","","","","","X","X",""
"Greater Crested Tern","Thalasseus bergii","","X","","","","","X","X"
"Sandwich Tern","Thalasseus sandvicensis","","","","","","","X",""
"Lesser Crested Tern","Thalasseus bengalensis","","X","","","","","X","X"
"Indian Skimmer","Rynchops albicollis","","","","","X","","X","X"
"White-tailed Tropicbird","Phaethon lepturus","","","","","","X","X",""
"Red-billed Tropicbird","Phaethon aethereus","","","","","","X","X",""
"Red-tailed Tropicbird","Phaethon rubricauda","","","","","","X","X",""
"Red-throated Diver","Gavia stellata","","","","","","X","X",""
"Black-throated Diver","Gavia arctica","","","","","","X","X",""
"Wilson's Storm-petrel","Oceanites oceanicus","","","","","","","X",""
"White-faced Storm-petrel","Pelagodroma marina","","","","","","X","X",""
"Black-bellied Storm-petrel","Fregetta tropica","","","","","","X","X",""
"Swinhoe's Storm-petrel","Hydrobates monorhis","","","","","","","X",""
"Barau's Petrel","Pterodroma baraui","","","","","","X","X",""
"Jouanin's Petrel","Bulweria fallax","","","","","","X","X",""
"Streaked Shearwater","Calonectris leucomelas","","","","","","X","X",""
"Cory's Shearwater","Calonectris borealis","","","","","","X","X",""
"Flesh-footed Shearwater","Ardenna carneipes","","","","","","","X",""
"Wedge-tailed Shearwater","Ardenna pacifica","","","","","","X","X",""
"Short-tailed Shearwater","Ardenna tenuirostris","","","","","","X","X",""
"Tropical Shearwater","Puffinus bailloni","","","","","","X","X",""
"Persian Shearwater","Puffinus persicus","","","","","","","X",""
"Asian Openbill","Anastomus oscitans","X","X","","","","","X","X"
"Black Stork","Ciconia nigra","X","X","","","","","X","X"
"Woolly-necked Stork","Ciconia episcopus","X","X","","","X","","X","X"
"European White Stork","Ciconia ciconia","","","","","","","X",""
"Black-necked Stork","Ephippiorhynchus asiaticus","X","X","","","","","X","X"
"Lesser Adjutant","Leptoptilos javanicus","X","X","","","","","X","X"
"Greater Adjutant","Leptoptilos dubius","","","","","X","","X","X"
"Painted Stork","Mycteria leucocephala","X","X","","","X","","X","X"
"Lesser Frigatebird","Fregata ariel","","","","","","X","X",""
"Christmas Island Frigatebird","Fregata andrewsi","","","","","","X","X",""
"Great Frigatebird","Fregata minor","","","","","","X","X",""
"Masked Booby","Sula dactylatra","","","","","","","X",""
"Brown Booby","Sula leucogaster","","","","","","X","X",""
"Red-footed Booby","Sula sula","","","","","","X","X",""
"Oriental Darter","Anhinga melanogaster","X","X","","","","","X","X"
"Little Cormorant","Microcarbo niger","X","X","","","","","X","X"
"Great Cormorant","Phalacrocorax carbo","X","X","","","","","X","X"
"Indian Cormorant","Phalacrocorax fuscicollis","X","X","","","X","","X","X"
"Great White Pelican","Pelecanus onocrotalus","X","X","","","","","X","X"
"Spot-billed Pelican","Pelecanus philippensis","X","X","","","X","","X","X"
"Dalmatian Pelican","Pelecanus crispus","","X","","","","","X","X"
"Eurasian Bittern","Botaurus stellaris","","","","","","","X",""
"Yellow Bittern","Ixobrychus sinensis","X","X","","","","","X","X"
"Little Bittern","Ixobrychus minutus","","","","","","","X",""
"Cinnamon Bittern","Ixobrychus cinnamomeus","X","X","","","","","X","X"
"Black Bittern","Ixobrychus flavicollis","X","X","","","","","X","X"
"Grey Heron","Ardea cinerea","X","X","","","","","X","X"
"White-bellied Heron","Ardea insignis","","","","","X","","X","X"
"Goliath Heron","Ardea goliath","","","","","","","X",""
"Purple Heron","Ardea purpurea","X","X","","","","","X","X"
"Great Egret","Ardea alba","X","X","","","","","X","X"
"Intermediate Egret","Ardea intermedia","X","X","","","","","X","X"
"Chinese Egret","Egretta eulophotes","","","","","","X","",""
"Little Egret","Egretta garzetta","X","X","","","","","X","X"
"Western Reef Egret","Egretta gularis","X","X","","","","","X","X"
"Pacific Reef Egret","Egretta sacra","","","","","","","X",""
"Cattle Egret","Bubulcus ibis","X","X","","","","","X","X"
"Indian Pond Heron","Ardeola grayii","X","X","","","X","","X","X"
"Chinese Pond Heron","Ardeola bacchus","","","","","","X","X",""
"Javan Pond Heron","Ardeola speciosa","","","","","","X","X",""
"Striated Heron","Butorides striata","X","X","","","","","X","X"
"Black-crowned Night Heron","Nycticorax nycticorax","X","X","","","","","X","X"
"White-eared Night Heron","Gorsachius magnificus","","","","","","X","X",""
"Malayan Night Heron","Gorsachius melanolophus","","","","","X","","X","X"
"Glossy Ibis","Plegadis falcinellus","X","X","","","","","X","X"
"Black-headed Ibis","Threskiornis melanocephalus","X","X","","","","","X","X"
"Indian Black Ibis","Pseudibis papillosa","X","X","X","","","","X","X"
"Eurasian Spoonbill","Platalea leucorodia","X","X","","","","","X","X"
"Osprey","Pandion haliaetus","X","X","","","","","X","X"
"Black-winged Kite","Elanus caeruleus","X","X","","","","","X","X"
"Bearded Vulture","Gypaetus barbatus","X","X","","","","","X","X"
"Egyptian Vulture","Neophron percnopterus","X","X","","","","","X","X"
"Oriental Honey Buzzard","Pernis ptilorhynchus","X","X","","","","","X","X"
"Jerdon's Baza","Aviceda jerdoni","","","","","X","","X","X"
"Black Baza","Aviceda leuphotes","","X","","","","","X","X"
"Red-headed Vulture","Sarcogyps calvus","X","X","","","X","","X","X"
"Cinereous Vulture","Aegypius monachus","","X","","","","","X","X"
"White-rumped Vulture","Gyps bengalensis","X","X","","","X","","X","X"
"Indian Vulture","Gyps indicus","X","X","X","","","","X","X"
"Slender-billed Vulture","Gyps tenuirostris","","","","","X","","X","X"
"Himalayan Vulture","Gyps himalayensis","X","X","","","X","","X","X"
"Griffon Vulture","Gyps fulvus","X","X","","","","","X","X"
"Nicobar Serpent Eagle","Spilornis klossi","","","X","","","","X","X"
"Crested Serpent Eagle","Spilornis cheela","X","X","","","","","X","X"
"Andaman Serpent Eagle","Spilornis elgini","","X","X","","","","X","X"
"Short-toed Snake Eagle","Circaetus gallicus","X","X","","","","","X","X"
"Changeable Hawk Eagle","Nisaetus cirrhatus","","","","","","","X",""
"Mountain Hawk-Eagle","Nisaetus nipalensis","X","X","","","","","X","X"
"Legge's Hawk-Eagle","Nisaetus kelaarti","","","X","","","","X","X"
"Rufous-bellied Eagle","Lophotriorchis kienerii","X","X","","","","","X","X"
"Black Eagle","Ictinaetus malaiensis","X","X","","","","","X","X"
"Indian Spotted Eagle","Clanga hastata","X","X","","","X","","X","X"
"Greater Spotted Eagle","Clanga clanga","X","X","","","","","X","X"
"Booted Eagle","Hieraaetus pennatus","X","X","","","","","X","X"
"Tawny Eagle","Aquila rapax","X","X","","","X","","X","X"
"Steppe Eagle","Aquila nipalensis","X","X","","","X","","X","X"
"Eastern Imperial Eagle","Aquila heliaca","","X","","","","","X","X"
"Golden Eagle","Aquila chrysaetos","","X","","","","","X","X"
"Bonelli's Eagle","Aquila fasciata","X","X","","","X","","X","X"
"White-eyed Buzzard","Butastur teesa","X","X","","","","","X","X"
"Grey-faced Buzzard","Butastur indicus","","","","","","X","X",""
"Western Marsh Harrier","Circus aeruginosus","X","X","","","","","X","X"
"Eastern Marsh Harrier","Circus spilonotus","","","","","","X","X",""
"Hen Harrier","Circus cyaneus","","","","","","","X",""
"Pallid Harrier","Circus macrourus","X","X","","","X","","X","X"
"Pied Harrier","Circus melanoleucos","","","","","","","X",""
"Montagu's Harrier","Circus pygargus","X","X","","","X","","X","X"
"Crested Goshawk","Accipiter trivirgatus","X","X","","","","","X","X"
"Shikra","Accipiter badius","X","X","","","X","","X","X"
"Nicobar Sparrowhawk","Accipiter butleri","","","X","","","","X","X"
"Chinese Sparrowhawk","Accipiter soloensis","","","","","","X","X",""
"Japanese Sparrowhawk","Accipiter gularis","","","","","","X","X",""
"Besra","Accipiter virgatus","X","X","","","","","X","X"
"Eurasian Sparrowhawk","Accipiter nisus","X","X","","","","","X","X"
"Northern Goshawk","Accipiter gentilis","","","","","","","X",""
"Red Kite","Milvus milvus","","","","","","X","X",""
"Black Kite","Milvus migrans","X","X","","","","","X","X"
"Brahminy Kite","Haliastur indus","X","X","","","X","","X","X"
"White-tailed Sea Eagle","Haliaeetus albicilla","","","","","","X","X",""
"Pallas's Fish Eagle","Haliaeetus leucoryphus","X","X","","","X","","X","X"
"White-bellied Sea Eagle","Haliaeetus leucogaster","X","X","","","","","X","X"
"Lesser Fish Eagle","Icthyophaga humilis","","X","","","X","","X","X"
"Grey-headed Fish Eagle","Icthyophaga ichthyaetus","X","X","","","","","X","X"
"Common Buzzard","Buteo buteo","","X","","","","","X","X"
"Himalayan Buzzard","Buteo refectus","X","X","","","","","X","X"
"Long-legged Buzzard","Buteo rufinus","X","X","","","","","X","X"
"Upland Buzzard","Buteo hemilasius","","","","","","","X",""
"Eastern Grass Owl","Tyto longimembris","","","","","","X","",""
"Common Barn Owl","Tyto alba","","","","","X","","",""
"Andaman Barn Owl","Tyto deroepstorffi","","","X","","","","",""
"Oriental Bay Owl","Phodilus badius","","","","","","","",""
"Sri Lanka Bay Owl","Phodilus assimilis","","","X","","","","",""
"Andaman Scops Owl","Otus balli","","","X","","","","",""
"Mountain Scops Owl","Otus spilocephalus","","","","","","","",""
"Indian Scops Owl","Otus bakkamoena","","","X","","","","",""
"Collared Scops Owl","Otus lettia","","","","","","","",""
"Nicobar Scops Owl","Otus alius","","","X","","","","",""
"Eurasian Scops Owl","Otus scops","","","","","","X","",""
"Pallid Scops Owl","Otus brucei","","","","","","","",""
"Oriental Scops Owl","Otus sunia","","","","","","","",""
"Eurasian Eagle Owl","Bubo bubo","","","","","","X","",""
"Indian Eagle Owl","Bubo bengalensis","","","X","","","","",""
"Spot-bellied Eagle Owl","Bubo nipalensis","","","","","","","",""
"Dusky Eagle Owl","Bubo coromandus","","","","","X","","X","X"
"Brown Fish Owl","Ketupa zeylonensis","X","X","","","X","","X","X"
"Tawny Fish Owl","Ketupa flavipes","","","","","X","","",""
"Buffy Fish Owl","Ketupa ketupu","","","","","","X","",""
"Collared Owlet","Glaucidium brodiei","X","X","","","","","X","X"
"Asian Barred Owlet","Glaucidium cuculoides","X","X","","","","","X","X"
"Jungle Owlet","Glaucidium radiatum","X","X","X","","","","X","X"
"Spotted Owlet","Athene brama","","","","","X","","",""
"Little Owl","Athene noctua","","","","","","","X",""
"Forest Owlet","Heteroglaux blewitti","","","X","","","","X","X"
"Mottled Wood Owl","Strix ocellata","","","X","","","","",""
"Brown Wood Owl","Strix leptogrammica","","","","","X","","",""
"Tawny Owl","Strix aluco","","","","","","","",""
"Himalayan Owl","Strix nivicolum","","","","","","","",""
"Northern Long-eared Owl","Asio otus","","","","","","X","",""
"Short-eared Owl","Asio flammeus","","X","","","","","X","X"
"Boreal Owl","Aegolius funereus","","","","","","X","",""
"Andaman Hawk Owl","Ninox affinis","","","X","","","","",""
"Brown Hawk Owl","Ninox scutulata","","","","","","","",""
"Hume's Hawk Owl","Ninox obscura","","","X","","","","",""
"Malabar Trogon","Harpactes fasciatus","X","X","X","","","","X","X"
"Red-headed Trogon","Harpactes erythrocephalus","","X","","","","","X","X"
"Ward's Trogon","Harpactes wardi","","","","X","X","","X","X"
"Common Hoopoe","Upupa epops","X","X","","","","","X","X"
"Great Hornbill","Buceros bicornis","X","X","","","X","","X","X"
"Austen's Brown Hornbill","Anorrhinus austeni","","","","","X","","X","X"
"Indian Grey Hornbill","Ocyceros birostris","X","X","X","","","","X","X"
"Malabar Grey Hornbill","Ocyceros griseus","X","X","X","","","","X","X"
"Malabar Pied Hornbill","Anthracoceros coronatus","X","X","X","","","","X","X"
"Oriental Pied Hornbill","Anthracoceros albirostris","X","X","","","X","","X","X"
"Rufous-necked Hornbill","Aceros nipalensis","","X","","","X","","X","X"
"Wreathed Hornbill","Rhyticeros undulatus","","","","","X","","X","X"
"Narcondam Hornbill","Rhyticeros narcondami","","","X","","","","X","X"
"Blyth's Kingfisher","Alcedo hercules","","","","","","","X",""
"Common Kingfisher","Alcedo atthis","X","X","","","","","X","X"
"Blue-eared Kingfisher","Alcedo meninting","","X","","","X","","X","X"
"Oriental Dwarf Kingfisher","Ceyx erithaca","","X","","","X","","X","X"
"Rufous-backed Dwarf-Kingfisher","Ceyx rufidorsa","","","","","","X","X",""
"Brown-winged Kingfisher","Pelargopsis amauroptera","","","","","","","X",""
"Stork-billed Kingfisher","Pelargopsis capensis","X","X","","","","","X","X"
"Ruddy Kingfisher","Halcyon coromanda","","","","","","","X",""
"White-throated Kingfisher","Halcyon smyrnensis","X","X","","","","","X","X"
"Black-capped Kingfisher","Halcyon pileata","X","X","","","","","X","X"
"Collared Kingfisher","Todiramphus chloris","","X","","","","","X","X"
"Crested Kingfisher","Megaceryle lugubris","X","X","","","","","X","X"
"Pied Kingfisher","Ceryle rudis","X","X","","","","","X","X"
"Blue-bearded Bee-eater","Nyctyornis athertoni","X","X","","","X","","X","X"
"Green Bee-eater","Merops orientalis","X","X","","","","","X","X"
"Blue-throated Bee-eater","Merops viridis","","","","","","X","X",""
"Blue-cheeked Bee-eater","Merops persicus","","X","","","","","X","X"
"Blue-tailed Bee-eater","Merops philippinus","X","X","","","","","X","X"
"European Bee-eater","Merops apiaster","","","","","","","X",""
"Chestnut-headed Bee-eater","Merops leschenaulti","X","X","","","","","X","X"
"European Roller","Coracias garrulus","","X","","","","","X","X"
"Indian Roller","Coracias benghalensis","X","X","","","X","","X","X"
"Indochinese Roller","Coracias affinis","","","","","","","X",""
"Dollarbird","Eurystomus orientalis","X","X","","","","","X","X"
"Malabar Barbet","Psilopogon malabaricus","X","X","X","","","","X","X"
"Coppersmith Barbet","Psilopogon haemacephalus","X","X","","","","","X","X"
"Blue-eared Barbet","Psilopogon duvaucelii","","X","","","","","X","X"
"Great Barbet","Psilopogon virens","X","X","","","","","X","X"
"Lineated Barbet","Psilopogon lineatus","X","X","","","","","X","X"
"Brown-headed Barbet","Psilopogon zeylanicus","X","X","X","","","","X","X"
"White-cheeked Barbet","Psilopogon viridis","X","X","X","","","","X","X"
"Golden-throated Barbet","Psilopogon franklinii","","X","","","","","X","X"
"Blue-throated Barbet","Psilopogon asiaticus","X","X","","","","","X","X"
"Yellow-rumped Honeyguide","Indicator xanthonotus","","","","X","","","X","X"
"Eurasian Wryneck","Jynx torquilla","X","X","","","","","X","X"
"Speckled Piculet","Picumnus innominatus","X","X","","","X","","X","X"
"White-browed Piculet","Sasia ochracea","","X","","","","","X","X"
"Heart-spotted Woodpecker","Hemicircus canente","X","X","","","X","","X","X"
"Brown-capped Pygmy Woodpecker","Dendrocopos nanus","X","X","X","","","","X","X"
"Grey-capped Pygmy Woodpecker","Dendrocopos canicapillus","X","X","","","","","X","X"
"Yellow-fronted Pied Woodpecker","Leiopicus mahrattensis","X","X","","","X","","X","X"
"Brown-fronted Pied Woodpecker","Dendrocopos auriceps","X","X","","X","X","","X","X"
"Rufous-bellied Woodpecker","Dendrocopos hyperythrus","","X","","","","","X","X"
"Fulvous-breasted Pied Woodpecker","Dendrocopos macei","X","X","","","X","","X","X"
"Spot-breasted Pied Woodpecker","Dendrocopos analis","","","","","","","X",""
"Stripe-breasted Pied Woodpecker","Dendrocopos atratus","","","","","","X","X",""
"Darjeeling Pied Woodpecker","Dendrocopos darjellensis","","","","","X","","X","X"
"Great Spotted Woodpecker","Dendrocopos major","","","","","","X","X",""
"Himalayan Pied Woodpecker","Dendrocopos himalayensis","X","X","","X","","","X","X"
"Sind Pied Woodpecker","Dendrocopos assimilis","","","","","","X","X",""
"Crimson-breasted Pied Woodpecker","Dendrocopos cathpharius","","","","","","","X",""
"Bay Woodpecker","Blythipicus pyrrhotis","","X","","","","","X","X"
"Greater Golden-backed Woodpecker","Chrysocolaptes guttacristatus","X","X","","","","","X","X"
"White-naped Woodpecker","Chrysocolaptes festivus","X","X","X","","","","X","X"
"Rufous Woodpecker","Micropternus brachyurus","X","X","","","","","X","X"
"Pale-headed Woodpecker","Gecinulus grantia","","","","","X","","X","X"
"Himalayan Golden-backed Woodpecker","Dinopium shorii","X","X","","X","X","","X","X"
"Common Golden-backed Woodpecker","Dinopium javanense","","X","","","X","","X","X"
"Lesser Golden-backed Woodpecker","Dinopium benghalense","X","X","X","","","","X","X"
"Lesser Yellow-naped Woodpecker","Picus chlorolophus","X","X","","","","","X","X"
"Streak-throated Woodpecker","Picus xanthopygaeus","X","X","","","X","","X","X"
"Scaly-bellied Woodpecker","Picus squamatus","","X","","X","","","X","X"
"Grey-headed Woodpecker","Picus canus","X","X","","","","","X","X"
"Greater Yellow-naped Woodpecker","Chrysophlegma flavinucha","X","X","","","","","X","X"
"Great Slaty Woodpecker","Mulleripicus pulverulentus","","","","","X","","X","X"
"White-bellied Woodpecker","Dryocopus javensis","X","X","","","X","","X","X"
"Andaman Woodpecker","Dryocopus hodgei","","","X","","","","X","X"
"Collared Falconet","Microhierax caerulescens","","","","","X","","X","X"
"Pied Falconet","Microhierax melanoleucos","","","","","","","X",""
"Lesser Kestrel","Falco naumanni","","","","","","","X",""
"Common Kestrel","Falco tinnunculus","X","X","","","","","X","X"
"Red-necked Falcon","Falco chicquera","X","X","","","X","","X","X"
"Red-footed Falcon","Falco vespertinus","","","","","","X","X",""
"Amur Falcon","Falco amurensis","","X","","","X","","X","X"
"Merlin","Falco columbarius","","","","","","","X",""
"Eurasian Hobby","Falco subbuteo","","X","","","","","X","X"
"Oriental Hobby","Falco severus","","","","","","","X",""
"Laggar Falcon","Falco jugger","","X","","","X","","X","X"
"Saker Falcon","Falco cherrug","","","","","","","X",""
"Peregrine Falcon","Falco peregrinus","X","X","","","","","X","X"
"Alexandrine Parakeet","Psittacula eupatria","X","X","","","X","","X","X"
"Rose-ringed Parakeet","Psittacula krameri","X","X","","","X","","X","X"
"Slaty-headed Parakeet","Psittacula himalayana","X","X","X","X","","","X","X"
"Grey-headed Parakeet","Psittacula finschii","","","","","","","X",""
"Plum-headed Parakeet","Psittacula cyanocephala","X","X","X","","","","X","X"
"Blossom-headed Parakeet","Psittacula roseata","","","","","","","X",""
"Malabar Parakeet","Psittacula columboides","X","X","X","","","","X","X"
"Lord Derby's Parakeet","Psittacula derbiana","","","","","","X","X",""
"Red-breasted Parakeet","Psittacula alexandri","X","X","","","","","X","X"
"Nicobar Parakeet","Psittacula caniceps","","","X","","","","X","X"
"Long-tailed Parakeet","Psittacula longicauda","","X","X","","","","X","X"
"Vernal Hanging Parrot","Loriculus vernalis","X","X","","","","","X","X"
"Long-tailed Broadbill","Psarisomus dalhousiae","","X","","","","","X","X"
"Silver-breasted Broadbill","Serilophus lunatus","","","","","","","X",""
"Blue-naped Pitta","Hydrornis nipalensis","","","","","X","","X","X"
"Blue Pitta","Hydrornis cyaneus","","","","","","X","X",""
"Indian Pitta","Pitta brachyura","X","X","X","","","","X","X"
"Blue-winged Pitta","Pitta moluccensis","","","","","","X","X",""
"Hooded Pitta","Pitta sordida","","","","","","","X",""
"Mangrove Pitta","Pitta megarhyncha","","","","","","","X",""
"Malabar Woodshrike","Tephrodornis sylvicola","X","X","X","","","","X","X"
"Large Woodshrike","Tephrodornis virgatus","X","X","","","","","X","X"
"Common Woodshrike","Tephrodornis pondicerianus","X","X","","","X","","X","X"
"Bar-winged Flycatcher-shrike","Hemipus picatus","X","X","","","","","X","X"
"Ashy Woodswallow","Artamus fuscus","X","X","","","X","","X","X"
"White-breasted Woodswallow","Artamus leucoryn","","","","","","X","X",""
"Common Iora","Aegithina tiphia","X","X","","","","","X","X"
"Marshall's Iora","Aegithina nigrolutea","","X","X","","","","X","X"
"White-bellied Minivet","Pericrocotus erythropygius","","X","X","","","","X","X"
"Small Minivet","Pericrocotus cinnamomeus","X","X","","","X","","X","X"
"Grey-chinned Minivet","Pericrocotus solaris","","","","","","","X",""
"Short-billed Minivet","Pericrocotus brevirostris","X","X","","","","","X","X"
"Long-tailed Minivet","Pericrocotus ethologus","X","X","","","","","X","X"
"Orange Minivet","Pericrocotus flammeus","X","X","X","","","","X","X"
"Scarlet Minivet","Pericrocotus speciosus","X","X","","","","","X","X"
"Ashy Minivet","Pericrocotus divaricatus","","","","","","X","X",""
"Swinhoe's Minivet","Pericrocotus cantonensis","","","","","","X","X",""
"Rosy Minivet","Pericrocotus roseus","","","","","","","X",""
"Large Cuckooshrike","Coracina javensis","X","X","","","","","X","X"
"Andaman Cuckooshrike","Coracina dobsoni","","","X","","","","X","X"
"Pied Triller","Lalage nigra","","","","","","X","X",""
"Black-winged Cuckooshrike","Lalage melaschistos","X","X","","","","","X","X"
"Black-headed Cuckooshrike","Lalage melanoptera","X","X","X","","","","X","X"
"Mangrove Whistler","Pachycephala cinerea","","","","","","","X",""
"Red-backed Shrike","Lanius collurio","","","","","","","X",""
"Red-tailed Shrike","Lanius phoenicuroides","","","","","","X","X",""
"Isabelline Shrike","Lanius isabellinus","X","X","","","X","","X","X"
"Brown Shrike","Lanius cristatus","X","X","","","X","","X","X"
"Burmese Shrike","Lanius collurioides","","","","","","","X",""
"Bay-backed Shrike","Lanius vittatus","X","X","","","X","","X","X"
"Long-tailed Shrike","Lanius schach","X","X","","","","","X","X"
"Grey-backed Shrike","Lanius tephronotus","X","X","","","","","X","X"
"Great Grey Shrike","Lanius excubitor","X","X","","","","","X","X"
"Lesser Grey Shrike","Lanius minor","","","","","","X","X",""
"Masked Shrike","Lanius nubicus","","","","","","","X",""
"Woodchat Shrike","Lanius senator","","","","","","X","X",""
"Black-headed Shrike-babbler","Pteruthius rufiventer","","","","X","","","X","X"
"Himalayan Shrike-babbler","Pteruthius ripleyi","","","","X","X","","X","X"
"Blyth's Shrike-babbler","Pteruthius aeralatus","","","","","","","X",""
"Green Shrike-babbler","Pteruthius xanthochlorus","","X","","","X","","X","X"
"Black-eared Shrike-babbler","Pteruthius melanotis","","","","","","","X",""
"Clicking Shrike-babbler","Pteruthius intermedius","","","","","","X","X",""
"White-bellied Erpornis","Erpornis zantholeuca","","X","","","","","X","X"
"Eurasian Golden Oriole","Oriolus oriolus","","","","","","X","X",""
"Indian Golden Oriole","Oriolus kundoo","X","X","","","X","","X","X"
"Black-naped Oriole","Oriolus chinensis","X","X","","","","","X","X"
"Slender-billed Oriole","Oriolus tenuirostris","","","","","","","X",""
"Black-hooded Oriole","Oriolus xanthornus","X","X","","","X","","X","X"
"Maroon Oriole","Oriolus traillii","X","X","","","","","X","X"
"Black Drongo","Dicrurus macrocercus","X","X","","","","","X","X"
"Ashy Drongo","Dicrurus leucophaeus","X","X","","","","","X","X"
"White-bellied Drongo","Dicrurus caerulescens","X","X","X","","","","X","X"
"Crow-billed Drongo","Dicrurus annectens","","","","","","","X",""
"Bronzed Drongo","Dicrurus aeneus","X","X","","","","","X","X"
"Lesser Racket-tailed Drongo","Dicrurus remifer","X","X","","","","","X","X"
"Hair-crested Drongo","Dicrurus hottentottus","X","X","","","X","","X","X"
"Andaman Drongo","Dicrurus andamanensis","","X","X","","","","X","X"
"Greater Racket-tailed Drongo","Dicrurus paradiseus","X","X","","","","","X","X"
"White-throated Fantail","Rhipidura albicollis","X","X","","","","","X","X"
"White-spotted Fantail","Rhipidura albogularis","X","X","X","","","","X","X"
"White-browed Fantail","Rhipidura aureola","X","X","","","X","","X","X"
"Black-naped Monarch","Hypothymis azurea","X","X","","","","","X","X"
"Amur Paradise-flycatcher","Terpsiphone incei","","","","","","X","X",""
"Blyth's Paradise-flycatcher","Terpsiphone affinis","","","","","","X","X",""
"Indian Paradise-flycatcher","Terpsiphone paradisi","X","X","","","X","","X","X"
"Eurasian Jay","Garrulus glandarius","","X","","","","","X","X"
"Black-headed Jay","Garrulus lanceolatus","X","X","","X","","","X","X"
"Yellow-billed Blue Magpie","Urocissa flavirostris","X","X","","X","","","X","X"
"Red-billed Blue Magpie","Urocissa erythroryncha","X","X","","","","","X","X"
"Common Green Magpie","Cissa chinensis","X","X","","","","","X","X"
"Rufous Treepie","Dendrocitta vagabunda","X","X","","","","","X","X"
"Grey Treepie","Dendrocitta formosae","X","X","","","","","X","X"
"White-bellied Treepie","Dendrocitta leucogastra","X","X","X","","","","X","X"
"Collared Treepie","Dendrocitta frontalis","","X","","","X","","X","X"
"Andaman Treepie","Dendrocitta bayleii","","","X","","","","X","X"
"Eurasian Magpie","Pica pica","","","","","","","X",""
"Spotted Nutcracker","Nucifraga caryocatactes","","","","","","","X",""
"Large-spotted Nutcracker","Nucifraga multipunctata","","","","X","","","X","X"
"Red-billed Chough","Pyrrhocorax pyrrhocorax","X","X","","","","","X","X"
"Yellow-billed Chough","Pyrrhocorax graculus","","X","","","","","X","X"
"Eurasian Jackdaw","Corvus monedula","","","","","","","X",""
"House Crow","Corvus splendens","X","X","","","","","X","X"
"Rook","Corvus frugilegus","","","","","","X","X",""
"Carrion Crow","Corvus corone","","","","","","","X",""
"Hooded Crow","Corvus cornix","","","","","","X","X",""
"Large-billed Crow","Corvus macrorhynchos","X","X","","","","","X","X"
"Pied Crow","Corvus albus","","","","","","X","X",""
"Common Raven","Corvus corax","","X","","","","","X","X"
"Greater Hoopoe Lark","Alaemon alaudipes","","","","","","","X",""
"Rufous-tailed Lark","Ammomanes phoenicura","X","X","X","","","","X","X"
"Desert Lark","Ammomanes deserti","","","","","","","X",""
"Black-crowned Sparrow Lark","Eremopterix nigriceps","","","","","","","X",""
"Ashy-crowned Sparrow Lark","Eremopterix griseus","X","X","X","","","","X","X"
"Singing Bushlark","Mirafra cantillans","","X","","","","","X","X"
"Bengal Bushlark","Mirafra assamica","","X","X","","","","X","X"
"Jerdon's Bushlark","Mirafra affinis","X","X","X","","","","X","X"
"Indian Bushlark","Mirafra erythroptera","X","X","X","","","","X","X"
"Horned Lark","Eremophila alpestris","","","","","","","X",""
"Greater Short-toed Lark","Calandrella brachydactyla","X","X","","","","","X","X"
"Sykes's Short-toed Lark","Calandrella dukhunensis","","","","","X","","X","X"
"Hume's Short-toed Lark","Calandrella acutirostris","","","","","","","X",""
"Bimaculated Lark","Melanocorypha bimaculata","","","","","","","X",""
"Tibetan Lark","Melanocorypha maxima","","","","","","X","X",""
"Lesser Short-toed Lark","Alaudala rufescens","","","","","","X","X",""
"Sand Lark","Alaudala raytal","X","X","","","X","","X","X"
"Eurasian Skylark","Alauda arvensis","","","","","","","X",""
"Oriental Skylark","Alauda gulgula","X","X","","","","","X","X"
"Crested Lark","Galerida cristata","X","X","","","","","X","X"
"Malabar Lark","Galerida malabarica","X","X","X","","","","X","X"
"Sykes's Lark","Galerida deva","","X","X","","","","X","X"
"Grey-throated Martin","Riparia chinensis","X","X","","","","","X","X"
"Sand Martin","Riparia riparia","","","","","","","X",""
"Pale Martin","Riparia diluta","","","","","","","X",""
"Eurasian Crag Martin","Ptyonoprogne rupestris","X","X","","","","","X","X"
"Dusky Crag Martin","Ptyonoprogne concolor","X","X","","","X","","X","X"
"Barn Swallow","Hirundo rustica","X","X","","","","","X","X"
"Wire-tailed Swallow","Hirundo smithii","X","X","","","","","X","X"
"Hill Swallow","Hirundo domicola","","X","X","","","","X","X"
"Pacific Swallow","Hirundo tahitica","","","","","","X","X",""
"Red-rumped Swallow","Cecropis daurica","X","X","","","","","X","X"
"Striated Swallow","Cecropis striolata","","","","","","","X",""
"Streak-throated Swallow","Petrochelidon fluvicola","X","X","","","X","","X","X"
"Northern House Martin","Delichon urbicum","","","","","","","X",""
"Asian House Martin","Delichon dasypus","","","","","","","X",""
"Nepal House Martin","Delichon nipalense","","X","","","X","","X","X"
"Yellow-bellied Fairy-fantail","Chelidorhynx hypoxanthus","X","X","","","","","X","X"
"Grey-headed Canary-flycatcher","Culicicapa ceylonensis","X","X","","","X","","X","X"
"Fire-capped Tit","Cephalopyrus flammiceps","","","","","X","","X","X"
"Yellow-browed Tit","Sylviparus modestus","X","X","","","","","X","X"
"Sultan Tit","Melanochlora sultanea","","X","","","","","X","X"
"Coal Tit","Periparus ater","X","X","","","","","X","X"
"Rufous-naped Tit","Periparus rufonuchalis","","X","","","X","","X","X"
"Rufous-vented Tit","Periparus rubidiventris","","X","","","","","X","X"
"Grey-crested Tit","Lophophanes dichrous","","X","","","","","X","X"
"Azure Tit","Cyanistes cyanus","","","","","","X","X",""
"Ground Tit","Pseudopodoces humilis","","","","","","","X",""
"Green-backed Tit","Parus monticolus","X","X","","","","","X","X"
"Cinereous Tit","Parus cinereus","X","X","","","","","X","X"
"White-naped Tit","Machlolophus nuchalis","","","X","","","","X","X"
"Himalayan Black-lored Tit","Machlolophus xanthogenys","X","X","","X","","","X","X"
"Indian Yellow Tit","Machlolophus aplonotus","X","X","X","","","","X","X"
"Yellow-cheeked Tit","Machlolophus spilonotus","","X","","","","","X","X"
"White-crowned Penduline Tit","Remiz coronatus","","","","","","X","X",""
"White-browed Tit Warbler","Leptopoecile sophiae","","","","","","","X",""
"Crested Tit Warbler","Leptopoecile elegans","","","","","","X","X",""
"White-cheeked Tit","Aegithalos leucogenys","","","","X","","X","X",""
"Black-throated Tit","Aegithalos concinnus","X","X","","","","","X","X"
"White-throated Tit","Aegithalos niveogularis","","","X","X","","","X","X"
"Black-browed Tit","Aegithalos iouschistos","","","","","X","","X","X"
"Indian Nuthatch","Sitta castanea","X","X","X","","","","X","X"
"Chestnut-bellied Nuthatch","Sitta cinnamoventris","X","X","","","","","X","X"
"Chestnut-vented Nuthatch","Sitta nagaensis","","","","","","","X",""
"Kashmir Nuthatch","Sitta cashmirensis","","","","X","","","X","X"
"White-tailed Nuthatch","Sitta himalayensis","X","X","","X","X","","X","X"
"White-cheeked Nuthatch","Sitta leucopsis","","","","X","","","X","X"
"Yunnan Nuthatch","Sitta yunnanensis","","","","","","X","X",""
"Velvet-fronted Nuthatch","Sitta frontalis","X","X","","","","","X","X"
"Beautiful Nuthatch","Sitta formosa","","","","","X","","X","X"
"Wallcreeper","Tichodroma muraria","X","X","","","","","X","X"
"Hodgson's Treecreeper","Certhia hodgsoni","","","","","X","","X","X"
"Bar-tailed Treecreeper","Certhia himalayana","X","X","","","X","","X","X"
"Rusty-flanked Treecreeper","Certhia nipalensis","","","","X","","","X","X"
"Sikkim Treecreeper","Certhia discolor","","X","","X","","","X","X"
"Manipur Treecreeper","Certhia manipurensis","","","","","","X","X",""
"Indian Spotted Creeper","Salpornis spilonota","","","X","","","","X","X"
"Eurasian Wren","Troglodytes troglodytes","","X","","","","","X","X"
"White-throated Dipper","Cinclus cinclus","","","","","","","X",""
"Brown Dipper","Cinclus pallasii","X","X","","","","","X","X"
"Grey-headed Bulbul","Brachypodius priocephalus","","X","X","","","","X","X"
"Black-headed Bulbul","Brachypodius atriceps","","","","","","","X",""
"Andaman Bulbul","Brachypodius fuscoflavescens","","X","X","","","","X","X"
"Black-crested Bulbul","Pycnonotus flaviventris","X","X","","","","","X","X"
"Flame-throated Bulbul","Pycnonotus gularis","X","X","X","","","","X","X"
"Crested Finchbill","Spizixos canifrons","","","","","","","X",""
"Striated Bulbul","Pycnonotus striatus","","X","","","","","X","X"
"Red-vented Bulbul","Pycnonotus cafer","X","X","","","","","X","X"
"Red-whiskered Bulbul","Pycnonotus jocosus","X","X","","","X","","X","X"
"White-eared Bulbul","Pycnonotus leucotis","X","X","","","X","","X","X"
"Himalayan Bulbul","Pycnonotus leucogenis","X","X","","X","","","X","X"
"Yellow-throated Bulbul","Pycnonotus xantholaemus","","X","X","","","","X","X"
"Flavescent Bulbul","Pycnonotus flavescens","","","","","","","X",""
"White-browed Bulbul","Pycnonotus luteolus","X","X","X","","","","X","X"
"White-throated Bulbul","Alophoixus flaveolus","X","X","","","X","","X","X"
"Indian Olive Bulbul","Iole cacharensis","","","","","X","","X","X"
"Yellow-browed Bulbul","Acritillas indica","X","X","X","","","","X","X"
"Black Bulbul","Hypsipetes leucocephalus","X","X","","","","","X","X"
"Square-tailed Bulbul","Hypsipetes ganeesa","X","X","X","","","","X","X"
"Nicobar Bulbul","Ixos nicobariensis","","","X","","","","X","X"
"Ashy Bulbul","Hemixos flavala","X","X","","","","","X","X"
"Mountain Bulbul","Ixos mcclellandii","","X","","","","","X","X"
"Goldcrest","Regulus regulus","","","","","","","X",""
"Scaly-breasted Wren Babbler","Pnoepyga albiventer","","X","","","X","","X","X"
"Nepal Wren Babbler","Pnoepyga immaculata","","","","X","","","X","X"
"Pygmy Wren Babbler","Pnoepyga pusilla","","X","","","","","X","X"
"Pale-footed Bush Warbler","Hemitesia pallidipes","","","","","X","","X","X"
"Asian Stubtail","Urosphena squameiceps","","","","","","X","X",""
"Grey-bellied Tesia","Tesia cyaniventer","","X","","","","","X","X"
"Slaty-bellied Tesia","Tesia olivea","","X","","","X","","X","X"
"Chestnut-crowned Bush Warbler","Cettia major","","","","","","","X",""
"Grey-sided Bush Warbler","Cettia brunnifrons","","X","","","X","","X","X"
"Chestnut-headed Tesia","Cettia castaneocoronata","X","X","","","X","","X","X"
"Cetti's Warbler","Cettia cetti","","","","","","X","X",""
"Yellow-bellied Warbler","Abroscopus superciliaris","","X","","","","","X","X"
"Rufous-faced Warbler","Abroscopus albogularis","","","","","","","X",""
"Black-faced Warbler","Abroscopus schisticeps","","X","","","X","","X","X"
"Mountain Tailorbird","Phyllergates cucullatus","","X","","","","","X","X"
"Broad-billed Warbler","Tickellia hodgsoni","","X","","X","","","X","X"
"Manchurian Bush Warbler","Horornis canturians","","","","","","","X",""
"Brownish-flanked Bush Warbler","Horornis fortipes","X","X","","","","","X","X"
"Hume's Bush Warbler","Horornis brunnescens","","","","X","","","X","X"
"Aberrant Bush Warbler","Horornis flavolivaceus","","X","","","X","","X","X"
"Wood Warbler","Phylloscopus sibilatrix","","","","","","X","X",""
"Ashy-throated Warbler","Phylloscopus maculipennis","X","X","","","X","","X","X"
"Buff-barred Warbler","Phylloscopus pulcher","X","X","","","","","X","X"
"Yellow-browed Warbler","Phylloscopus inornatus","","X","","","","","X","X"
"Hume's Leaf Warbler","Phylloscopus humei","X","X","","","X","","X","X"
"Brooks's Leaf Warbler","Phylloscopus subviridis","","","","","X","","X","X"
"Chinese Leaf Warbler","Phylloscopus yunnanensis","","","","","","X","X",""
"Lemon-rumped Warbler","Phylloscopus chloronotus","X","X","","","X","","X","X"
"Tytler's Leaf Warbler","Phylloscopus tytleri","","X","","","X","","X","X"
"Sulphur-bellied Warbler","Phylloscopus griseolus","X","X","","","X","","X","X"
"Tickell's Leaf Warbler","Phylloscopus affinis","X","X","","","X","","X","X"
"Dusky Warbler","Phylloscopus fuscatus","","X","","","","","X","X"
"Smoky Warbler","Phylloscopus fuligiventer","","","","","X","","X","X"
"Plain Leaf Warbler","Phylloscopus neglectus","","","","","","X","X",""
"Buff-throated Warbler","Phylloscopus subaffinis","","","","","","X","X",""
"Kashmir Chiffchaff","Phylloscopus sindianus","","","","","X","","X","X"
"Common Chiffchaff","Phylloscopus collybita","X","X","","","","","X","X"
"White-spectacled Warbler","Phylloscopus intermedius","","X","","","","","X","X"
"Grey-cheeked Warbler","Phylloscopus poliogenys","","X","","","X","","X","X"
"Green-crowned Warbler","Phylloscopus burkii","","","","","X","","X","X"
"Grey-crowned Warbler","Phylloscopus tephrocephalus","","","","","","","X",""
"Whistler's Warbler","Phylloscopus whistleri","X","X","","","X","","X","X"
"Green Leaf Warbler","Phylloscopus nitidus","","","","","X","","X","X"
"Greenish Leaf Warbler","Phylloscopus trochiloides","X","X","","","X","","X","X"
"Two-barred Leaf Warbler","Phylloscopus plumbeitarsus","","","","","","X","X",""
"Large-billed Leaf Warbler","Phylloscopus magnirostris","X","X","","","X","","X","X"
"Pale-legged Leaf Warbler","Phylloscopus tenellipes","","","","","","X","X",""
"Arctic Warbler","Phylloscopus borealis","","","","","","X","X",""
"Chestnut-crowned Warbler","Phylloscopus castaniceps","","X","","","","","X","X"
"Yellow-vented Leaf Warbler","Phylloscopus cantator","","","","X","X","","X","X"
"Western Crowned Leaf Warbler","Phylloscopus occipitalis","X","X","","","X","","X","X"
"Blyth's Leaf Warbler","Phylloscopus reguloides","X","X","","","","","X","X"
"Claudia's Leaf Warbler","Phylloscopus claudiae","","","","","","X","X",""
"Grey-hooded Leaf Warbler","Phylloscopus xanthoschistos","X","X","","X","","","X","X"
"Thick-billed Warbler","Arundinax aedon","","X","","","","","X","X"
"Booted Warbler","Iduna caligata","X","X","","","X","","X","X"
"Sykes's Warbler","Iduna rama","","","","","X","","X","X"
"Black-browed Reed Warbler","Acrocephalus bistrigiceps","","","","","","X","X",""
"Moustached Warbler","Acrocephalus melanopogon","","","","","","","X",""
"Sedge Warbler","Acrocephalus schoenobaenus","","","","","","X","X",""
"Paddyfield Warbler","Acrocephalus agricola","X","X","","","","","","X"
"Blunt-winged Warbler","Acrocephalus concinens","","","","","","","X",""
"Blyth's Reed Warbler","Acrocephalus dumetorum","X","X","","","X","","X","X"
"Large-billed Reed Warbler","Acrocephalus orinus","","","","","","X","X",""
"Great Reed Warbler","Acrocephalus arundinaceus","","","","","","X","X",""
"Oriental Reed Warbler","Acrocephalus orientalis","","","","","","X","X",""
"Clamorous Reed Warbler","Acrocephalus stentoreus","X","X","","","","","X","X"
"Striated Grassbird","Megalurus palustris","","X","","","","","X","X"
"Broad-tailed Grassbird","Schoenicola platyurus","","","X","","","","X","X"
"Rusty-rumped Warbler","Locustella certhiola","","","","","","","X",""
"Lanceolated Warbler","Locustella lanceolata","","","","","","X","X",""
"Brown Bush Warbler","Locustella luteoventris","","","","","","","X",""
"Chinese Bush Warbler","Locustella tacsanowskia","","","","","","X","X",""
"Long-billed Bush Warbler","Locustella major","","","","","","X","X",""
"Grasshopper Warbler","Locustella naevia","","","","","","","X",""
"Baikal Bush Warbler","Locustella davidi","","","","","","","X",""
"West Himalayan Bush Warbler","Locustella kashmirensis","","","","X","","","X","X"
"Spotted Bush Warbler","Locustella thoracica","","","","","X","","X","X"
"Russet Bush Warbler","Locustella mandelli","","","","","","","X",""
"Bristled Grassbird","Chaetornis striata","","","X","","","","X","X"
"Common Tailorbird","Orthotomus sutorius","X","X","","","","","X","X"
"Dark-necked Tailorbird","Orthotomus atrogularis","","","","","","","X",""
"Striated Prinia","Prinia crinigera","X","X","","","","","X","X"
"Black-throated Prinia","Prinia atrogularis","","","","X","","","X","X"
"Hill Prinia","Prinia superciliaris","","","","","","X","X",""
"Grey-crowned Prinia","Prinia cinereocapilla","","","X","X","","","X","X"
"Rufous-fronted Prinia","Prinia buchanani","X","X","X","","","","X","X"
"Rufescent Prinia","Prinia rufescens","","","","","","","X",""
"Grey-breasted Prinia","Prinia hodgsonii","X","X","","","","","X","X"
"Graceful Prinia","Prinia gracilis","","X","","","X","","X","X"
"Jungle Prinia","Prinia sylvatica","X","X","X","","","","X","X"
"Yellow-bellied Prinia","Prinia flaviventris","","X","","","","","X","X"
"Ashy Prinia","Prinia socialis","X","X","X","","","","X","X"
"Plain Prinia","Prinia inornata","X","X","","","","","X","X"
"Zitting Cisticola","Cisticola juncidis","X","X","","","","","X","X"
"Golden-headed Cisticola","Cisticola exilis","","","","","X","","X","X"
"Garden Warbler","Sylvia borin","","","","","","X","X",""
"Asian Desert Warbler","Sylvia nana","","","","","","","X",""
"Barred Warbler","Sylvia nisoria","","","","","","X","X",""
"Lesser Whitethroat","Sylvia curruca","X","X","","","X","","X","X"
"Eastern Orphean Warbler","Sylvia crassirostris","","X","","","X","","X","X"
"Common Whitethroat","Sylvia communis","","","","","","","X",""
"Fire-tailed Myzornis","Myzornis pyrrhoura","","X","","X","","","X","X"
"Golden-breasted Fulvetta","Lioparus chrysotis","","","","","","","X",""
"Yellow-eyed Babbler","Chrysomma sinense","X","X","","","","","X","X"
"Jerdon's Babbler","Chrysomma altirostre","","","","","X","","X","X"
"White-browed Fulvetta","Fulvetta vinipectus","","","","","X","","X","X"
"Manipur Fulvetta","Fulvetta manipurensis","","","","","","","X",""
"Great Parrotbill","Conostoma aemodium","","","","","","","X",""
"Brown Parrotbill","Cholornis unicolor","","","","","","","X",""
"Grey-headed Parrotbill","Psittiparus gularis","","","","","","","X",""
"White-breasted Parrotbill","Psittiparus ruficeps","","","","X","","","X","X"
"Rufous-headed Parrotbill","Psittiparus bakeri","","","","","","","X",""
"Black-breasted Parrotbill","Paradoxornis flavirostris","","","X","","","","X","X"
"Spot-breasted Parrotbill","Paradoxornis guttaticollis","","","","","","","X",""
"Lesser Rufous-headed Parrotbill","Chleuasicus atrosuperciliaris","","","","","X","","X","X"
"Fulvous Parrotbill","Suthora fulvifrons","","","","","","","X",""
"Black-throated Parrotbill","Suthora nipalensis","","","","","X","","X","X"
"Striated Yuhina","Yuhina castaniceps","","","","","X","","X","X"
"White-naped Yuhina","Yuhina bakeri","","","","X","","","X","X"
"Whiskered Yuhina","Yuhina flavicollis","X","X","","","","","X","X"
"Stripe-throated Yuhina","Yuhina gularis","","X","","","X","","X","X"
"Rufous-vented Yuhina","Yuhina occipitalis","","","","X","","","X","X"
"Black-chinned Yuhina","Yuhina nigrimenta","","X","","","","","X","X"
"Chestnut-flanked White-eye","Zosterops erythropleurus","","","","","","X","X",""
"Oriental White-eye","Zosterops palpebrosus","X","X","","","","","X","X"
"Chestnut-capped Babbler","Timalia pileata","","X","","","","","X","X"
"Pin-striped Tit Babbler","Mixornis gularis","X","X","","","","","X","X"
"Tawny-bellied Babbler","Dumetia hyperythra","X","X","X","","","","X","X"
"Dark-fronted Babbler","Rhopocichla atriceps","X","X","X","","","","X","X"
"Golden Babbler","Cyanoderma chrysaeum","","X","","","","","X","X"
"Black-chinned Babbler","Cyanoderma pyrrhops","X","X","","X","","","X","X"
"Rufous-capped Babbler","Cyanoderma ruficeps","","X","","","","","X","X"
"Buff-chested Babbler","Cyanoderma ambiguum","","","","","X","","X","X"
"Rufous-throated Wren Babbler","Spelaeornis caudatus","","","X","X","","","X","X"
"Mishmi Wren Babbler","Spelaeornis badeigularis","","","X","X","","","X","X"
"Bar-winged Wren Babbler","Spelaeornis troglodytoides","","","","","X","","X","X"
"Naga Wren Babbler","Spelaeornis chocolatinus","","","X","X","","","X","X"
"Chin Hills Wren Babbler","Spelaeornis oatesi","","","","","","","X",""
"Grey-bellied Wren Babbler","Spelaeornis reptatus","","","","","","X","X",""
"Tawny-breasted Wren Babbler","Spelaeornis longicaudatus","","","X","X","","","X","X"
"Red-billed Scimitar Babbler","Pomatorhinus ochraceiceps","","","","","","","X",""
"Coral-billed Scimitar Babbler","Pomatorhinus ferruginosus","","","","","","","X",""
"Slender-billed Scimitar Babbler","Pomatorhinus superciliaris","","","","","X","","X","X"
"Streak-breasted Scimitar Babbler","Pomatorhinus ruficollis","","X","","","","","X","X"
"Indian Scimitar Babbler","Pomatorhinus horsfieldii","X","X","X","","","","X","X"
"White-browed Scimitar Babbler","Pomatorhinus schisticeps","","X","","","","","X","X"
"Large Scimitar Babbler","Erythrogenys hypoleucos","","","","","","","X",""
"Rusty-cheeked Scimitar Babbler","Erythrogenys erythrogenys","X","X","","","X","","X","X"
"Spot-breasted Scimitar Babbler","Erythrogenys mcclellandi","","","","X","","","X","X"
"Grey-throated Babbler","Stachyris nigriceps","","","","","","","X",""
"Snowy-throated Babbler","Stachyris oglei","","","","X","","","X","X"
"Sikkim Wedge-billed Babbler","Stachyris humei","","","","X","","","X","X"
"Cachar Wedge-billed Babbler","Stachyris roberti","","","","X","","","X","X"
"White-hooded Babbler","Gampsorhynchus rufulus","","X","","","X","","X","X"
"Yellow-throated Fulvetta","Schoeniparus cinereus","","","","X","","","X","X"
"Rufous-winged Fulvetta","Schoeniparus castaneceps","","","","","","","X",""
"Rufous-throated Fulvetta","Schoeniparus rufogularis","","","","","X","","X","X"
"Rusty-capped Fulvetta","Schoeniparus dubius","","","","","","","X",""
"Rufous-vented Grass Babbler","Laticilla burnesii","","","X","","","","X","X"
"Swamp Grass Babbler","Laticilla cinerascens","","","X","","","","X","X"
"Puff-throated Babbler","Pellorneum ruficeps","X","X","","","","","X","X"
"Marsh Babbler","Pellorneum palustre","","","X","","","","X","X"
"Spot-throated Babbler","Pellorneum albiventre","","","","","","","X",""
"Buff-breasted Babbler","Trichastoma tickelli","","","","","","","X",""
"Eyebrowed Wren Babbler","Napothera epilepidota","","","","","","","X",""
"Long-billed Wren Babbler","Rimator malacoptilus","","","","X","","","X","X"
"Abbott's Babbler","Malacocincla abbotti","","X","","","","","X","X"
"Streaked Wren Babbler","Turdinus brevicaudatus","","","","","","","X",""
"Indian Grass Babbler","Graminicola bengalensis","","","X","","","","X","X"
"Ludlow's Fulvetta","Fulvetta ludlowi","","X","","X","","","X","X"
"Quaker Tit Babbler","Alcippe poioicephala","X","X","","","X","","X","X"
"Nepal Tit Babbler","Alcippe nipalensis","","X","","","X","","X","X"
"Striated Laughingthrush","Grammatoptila striata","X","X","","X","","","X","X"
"Himalayan Cutia","Cutia nipalensis","","","","","X","","X","X"
"Common Babbler","Argya caudata","X","X","X","","","","X","X"
"Striated Babbler","Argya earlei","","X","","","X","","X","X"
"Slender-billed Babbler","Chatarrhaea longirostris","","","X","","","","X","X"
"Large Grey Babbler","Argya malcolmi","X","X","X","","","","X","X"
"Rufous Babbler","Argya subrufa","X","X","X","","","","X","X"
"Jungle Babbler","Turdoides striata","X","X","X","","","","X","X"
"Yellow-billed Babbler","Turdoides affinis","X","X","X","","","","X","X"
"White-crested Laughingthrush","Garrulax leucolophus","X","X","","","","","X","X"
"Lesser Necklaced Laughingthrush","Garrulax monileger","","X","","","","","X","X"
"Spot-breasted Laughingthrush","Garrulax merulinus","","","","X","","","X","X"
"Moustached Laughingthrush","Garrulax cineraceus","","","","X","","","X","X"
"Rufous-chinned Laughingthrush","Garrulax rufogularis","","X","","X","","","X","X"
"Spotted Laughingthrush","Garrulax ocellatus","","","","","","","X",""
"Greater Necklaced Laughingthrush","Garrulax pectoralis","","X","","","","","X","X"
"White-throated Laughingthrush","Garrulax albogularis","X","X","","","","","X","X"
"Rufous-necked Laughingthrush","Garrulax ruficollis","","X","","","X","","X","X"
"Chestnut-backed Laughingthrush","Garrulax nuchalis","","","","X","","","X","X"
"Yellow-throated Laughingthrush","Garrulax galbanus","","","","X","","","X","X"
"Wayanad Laughingthrush","Garrulax delesserti","","","X","","","","X","X"
"Rufous-vented Laughingthrush","Garrulax gularis","","","","X","","","X","X"
"Grey-sided Laughingthrush","Garrulax caerulatus","X","X","","X","","","X","X"
"White-browed Laughingthrush","Garrulax sannio","","","","","","","X",""
"Mount Victoria Babax","Ianthocincla woodi","","","","","","X","X",""
"Streaked Laughingthrush","Trochalopteron lineatum","X","X","","X","","","X","X"
"Bhutan Laughingthrush","Trochalopteron imbricatum","","X","","X","","","X","X"
"Striped Laughingthrush","Trochalopteron virgatum","","","","X","","","X","X"
"Scaly Laughingthrush","Trochalopteron subunicolor","","X","","","X","","X","X"
"Brown-capped Laughingthrush","Trochalopteron austeni","","","","X","","","X","X"
"Blue-winged Laughingthrush","Trochalopteron squamatum","","","","X","","","X","X"
"Elliot's Laughingthrush","Trochalopteron elliotii","","","","","","X","X",""
"Variegated Laughingthrush","Trochalopteron variegatum","","X","","X","","","X","X"
"Black-faced Laughingthrush","Trochalopteron affine","","","","","","","X",""
"Chestnut-crowned Laughingthrush","Trochalopteron erythrocephalum","X","X","","X","","","X","X"
"Assam Laughingthrush","Trochalopteron chrysopterum","","","","X","","","X","X"
"Banasura Laughingthrush","Montecincla jerdoni","","","X","","","","X","X"
"Nilgiri Laughingthrush","Montecincla cachinnans","X","X","X","","","","X","X"
"Palani Laughingthrush","Montecincla fairbanki","X","X","X","","","","X","X"
"Ashambu Laughingthrush","Montecincla meridionalis","","","X","","","","X","X"
"Rufous Sibia","Heterophasia capistrata","X","X","","X","","","X","X"
"Grey Sibia","Heterophasia gracilis","","","","X","","","X","X"
"Beautiful Sibia","Heterophasia pulchella","","","","X","","","X","X"
"Long-tailed Sibia","Heterophasia picaoides","","","","","","","X",""
"Silver-eared Mesia","Leiothrix argentauris","","X","","","","","X","X"
"Red-billed Leiothrix","Leiothrix lutea","X","X","","","","","X","X"
"Red-tailed Minla","Minla ignotincta","","","","","X","","X","X"
"Rufous-backed Sibia","Leioptila annectens","","","","","X","","X","X"
"Bugun Liocichla","Liocichla bugunorum","","","X","X","","","X","X"
"Red-faced Liocichla","Liocichla phoenicea","","X","","","X","","X","X"
"Hoary-throated Barwing","Sibia nipalensis","","X","","X","","","X","X"
"Streak-throated Barwing","Sibia waldeni","","X","","X","","","X","X"
"Rusty-fronted Barwing","Actinodura egertoni","","X","","X","","","X","X"
"Blue-winged Minla","Siva cyanouroptera","","X","","","","","X","X"
"Chestnut-tailed Minla","Chrysominla strigula","X","X","","","X","","X","X"
"Asian Fairy-bluebird","Irena puella","X","X","","","X","","X","X"
"Dark-sided Flycatcher","Muscicapa sibirica","X","X","","","","","X","X"
"Ferruginous Flycatcher","Muscicapa ferruginea","","","","","","","X",""
"Asian Brown Flycatcher","Muscicapa dauurica","X","X","","","","","X","X"
"Brown-breasted Flycatcher","Muscicapa muttui","X","X","","","X","","X","X"
"Spotted Flycatcher","Muscicapa striata","","","","","","","X",""
"Rufous-tailed Scrub Robin","Cercotrichas galactotes","","","","","","","X",""
"Indian Robin","Saxicoloides fulicatus","X","X","X","","","","X","X"
"Oriental Magpie Robin","Copsychus saularis","X","X","","","","","X","X"
"White-rumped Shama","Kittacincla malabarica","X","X","","","","","X","X"
"Andaman Shama","Kittacincla albiventris","","X","X","","","","X","X"
"White-gorgeted Flycatcher","Anthipes monileger","","","","","X","","X","X"
"Nilgiri Sholakili","Sholicola major","","X","X","","","","X","X"
"White-bellied Sholakili","Sholicola albiventris","X","X","X","","","","X","X"
"White-tailed Blue Flycatcher","Cyornis concretus","","","","","","","X",""
"White-bellied Blue Flycatcher","Cyornis pallidipes","X","X","X","","","","X","X"
"Pale-chinned Flycatcher","Cyornis poliogenys","","X","","","X","","X","X"
"Pale Blue Flycatcher","Cyornis unicolor","","","","","","","X",""
"Blue-throated Flycatcher","Cyornis rubeculoides","X","X","","","X","","X","X"
"Large Blue Flycatcher","Cyornis magnirostris","","","","","X","","X","X"
"Hill Blue Flycatcher","Cyornis banyumas","","","","","","","X",""
"Tickell's Blue Flycatcher","Cyornis tickelliae","X","X","X","","","","X","X"
"Nicobar Jungle Flycatcher","Cyornis nicobaricus","","","X","","","","X","X"
"Large Niltava","Niltava grandis","","X","","","","","X","X"
"Small Niltava","Niltava macgrigoriae","X","X","","","X","","X","X"
"Rufous-bellied Niltava","Niltava sundara","X","X","","","","","X","X"
"Vivid Niltava","Niltava vivida","","","","","","X","X",""
"Blue-and-white Flycatcher","Cyanoptila cyanomelana","","","","","","X","X",""
"Zappey's Flycatcher","Cyanoptila cumatilis","","","","","","X","X",""
"Nilgiri Flycatcher","Eumyias albicaudatus","","","X","","","","X","X"
"Verditer Flycatcher","Eumyias thalassinus","X","X","","","X","","X","X"
"Rusty-bellied Shortwing","Brachypteryx hyperythra","","","","X","","","X","X"
"Gould's Shortwing","Heteroxenicus stellatus","","","","X","","","X","X"
"Lesser Shortwing","Brachypteryx leucophris","","X","","","","","X","X"
"White-browed Shortwing","Brachypteryx montana","","","","","","","X",""
"Indian Blue Robin","Larvivora brunnea","X","X","","","X","","X","X"
"Siberian Blue Robin","Larvivora cyane","","","","","","X","X",""
"Hodgson's Blue Robin","Luscinia phaenicuroides","","","","","","","X",""
"Bluethroat","Luscinia svecica","X","X","","","","","X","X"
"Malabar Whistling Thrush","Myophonus horsfieldii","X","X","X","","","","X","X"
"Blue Whistling Thrush","Myophonus caeruleus","X","X","","","","","X","X"
"Little Forktail","Enicurus scouleri","X","X","","","","","X","X"
"White-crowned Forktail","Enicurus leschenaulti","","","","","","","X",""
"Spotted Forktail","Enicurus maculatus","X","X","","","X","","X","X"
"Black-backed Forktail","Enicurus immaculatus","","X","","","X","","X","X"
"Slaty-backed Forktail","Enicurus schistaceus","","X","","","","","X","X"
"Firethroat","Calliope pectardens","","","","","","X","X",""
"Siberian Rubythroat","Calliope calliope","","X","","","","","X","X"
"Himalayan Rubythroat","Calliope pectoralis","","X","","","X","","X","X"
"Chinese Rubythroat","Calliope tschebaiewi","","","","","X","","X","X"
"White-tailed Robin","Myiomela leucura","","X","","","","","X","X"
"Blue-fronted Robin","Cinclidium frontale","","","","","X","","X","X"
"Red-flanked Bush Robin","Tarsiger cyanurus","","","","","","X","X",""
"Himalayan Bush Robin","Tarsiger rufilatus","X","X","","","","","X","X"
"Rufous-breasted Bush Robin","Tarsiger hyperythrus","","","","X","","","X","X"
"White-browed Bush Robin","Tarsiger indicus","","","","","","","X",""
"Golden Bush Robin","Tarsiger chrysaeus","","X","","","","","X","X"
"Yellow-rumped Flycatcher","Ficedula zanthopygia","","","","","","X","X",""
"Mugimaki Flycatcher","Ficedula mugimaki","","","","","","X","X",""
"Slaty-backed Flycatcher","Ficedula sordida","","","","","","","X",""
"Black-and-orange Flycatcher","Ficedula nigrorufa","","X","X","","","","X","X"
"Slaty-blue Flycatcher","Ficedula tricolor","X","X","","","X","","X","X"
"Snowy-browed Flycatcher","Ficedula hyperythra","","X","","","","","X","X"
"Pygmy Blue Flycatcher","Ficedula hodgsoni","","","","","X","","X","X"
"Rufous-gorgeted Flycatcher","Ficedula strophiata","X","X","","","X","","X","X"
"Sapphire Flycatcher","Ficedula sapphira","","","","","X","","X","X"
"Little Pied Flycatcher","Ficedula westermanni","X","X","","","","","X","X"
"Ultramarine Flycatcher","Ficedula superciliaris","X","X","","","X","","X","X"
"Rusty-tailed Flycatcher","Ficedula ruficauda","X","X","","","X","","X","X"
"Taiga Flycatcher","Ficedula albicilla","","","","","X","","X","X"
"Kashmir Flycatcher","Ficedula subrubra","","","X","","","","X","X"
"Red-breasted Flycatcher","Ficedula parva","X","X","","","X","","X","X"
"Blue-fronted Redstart","Phoenicurus frontalis","X","X","","","","","X","X"
"Plumbeous Water Redstart","Phoenicurus fuliginosus","X","X","","","","","X","X"
"Eversmann's Redstart","Phoenicurus erythronotus","","","","","","X","X",""
"White-capped Water Redstart","Phoenicurus leucocephalus","X","X","","","","","X","X"
"Blue-capped Redstart","Phoenicurus coeruleocephala","","X","","","X","","X","X"
"Common Redstart","Phoenicurus phoenicurus","","","","","","X","X",""
"Hodgson's Redstart","Phoenicurus hodgsoni","","","","","","","X",""
"White-throated Redstart","Phoenicurus schisticeps","","","","","","","X",""
"White-winged Redstart","Phoenicurus erythrogastrus","","X","","","","","X","X"
"Black Redstart","Phoenicurus ochruros","X","X","","","","","X","X"
"Daurian Redstart","Phoenicurus auroreus","","","","","","","X",""
"Chestnut-bellied Rock Thrush","Monticola rufiventris","X","X","","","X","","X","X"
"Blue-capped Rock Thrush","Monticola cinclorhyncha","X","X","","","X","","X","X"
"Rufous-tailed Rock Thrush","Monticola saxatilis","","","","","","X","X",""
"Blue Rock Thrush","Monticola solitarius","X","X","","","","","X","X"
"Stoliczka's Bushchat","Saxicola macrorhynchus","","","X","","","","X","X"
"Hodgson's Bushchat","Saxicola insignis","","","","","X","","X","X"
"Siberian Stonechat","Saxicola maurus","X","X","","","","","X","X"
"White-tailed Stonechat","Saxicola leucurus","","","","","","","X",""
"Pied Bushchat","Saxicola caprata","X","X","","","","","X","X"
"Jerdon's Bushchat","Saxicola jerdoni","","","","","","","X",""
"Grey Bushchat","Saxicola ferreus","X","X","","","","","X","X"
"Brown Rock Chat","Oenanthe fusca","X","X","X","","","","X","X"
"Hume's Wheatear","Oenanthe albonigra","","","","","","X","X",""
"Northern Wheatear","Oenanthe oenanthe","","","","","","","X",""
"Finsch's Wheatear","Oenanthe finschii","","","","","","X","X",""
"Variable Wheatear","Oenanthe picata","X","X","","","X","","X","X"
"Pied Wheatear","Oenanthe pleschanka","","","","","","","X",""
"Red-tailed Wheatear","Oenanthe chrysopygia","","","","","","","X",""
"Desert Wheatear","Oenanthe deserti","X","X","","","","","X","X"
"Isabelline Wheatear","Oenanthe isabellina","","X","","","","","X","X"
"Grandala","Grandala coelicolor","","","","","X","","X","X"
"Long-tailed Thrush","Zoothera dixoni","","","","","X","","X","X"
"Alpine Thrush","Zoothera mollissima","","","","","X","","X","X"
"Himalayan Forest Thrush","Zoothera salimalii","","","","","","","X",""
"Dark-sided Thrush","Zoothera marginata","","","","X","","","X","X"
"Long-billed Thrush","Zoothera monticola","","X","","X","","","X","X"
"Scaly Thrush","Zoothera dauma","","X","","","X","","X","X"
"Nilgiri Thrush","Zoothera neilgherriensis","","X","X","","","","X","X"
"Purple Cochoa","Cochoa purpurea","","","","","X","","X","X"
"Green Cochoa","Cochoa viridis","","","","","","","X",""
"Siberian Thrush","Geokichla sibirica","","","","","","X","X",""
"Pied Thrush","Geokichla wardii","","","X","","","","X","X"
"Orange-headed Thrush","Geokichla citrina","X","X","","","X","","X","X"
"Chinese Thrush","Otocichla mupinensis","","","","","","X","X",""
"Mistle Thrush","Turdus viscivorus","","X","","","","","X","X"
"Song Thrush","Turdus philomelos","","","","","","X","X",""
"Grey-winged Blackbird","Turdus boulboul","X","X","","","X","","X","X"
"Indian Blackbird","Turdus simillimus","X","X","X","","","","X","X"
"Tickell's Thrush","Turdus unicolor","X","X","X","","","","X","X"
"Black-breasted Thrush","Turdus dissimilis","","","","","","","X",""
"Grey-sided Thrush","Turdus feae","","","","","","","X",""
"Eyebrowed Thrush","Turdus obscurus","","","","","","","X",""
"Kessler's Thrush","Turdus kessleri","","","","","","X","X",""
"Tibetan Blackbird","Turdus maximus","","","","X","","","X","X"
"Fieldfare","Turdus pilaris","","","","","","X","X",""
"White-collared Blackbird","Turdus albocinctus","","X","","X","","","X","X"
"Chestnut Thrush","Turdus rubrocanus","","","","","","","X",""
"Black-throated Thrush","Turdus atrogularis","","","","","","","X",""
"Red-throated Thrush","Turdus ruficollis","","","","","","","X",""
"Dusky Thrush","Turdus eunomus","","","","","","","X",""
"Naumann's Thrush","Turdus naumanni","","","","","","X","X",""
"Asian Glossy Starling","Aplonis panayensis","","","","","","","X",""
"Golden-crested Myna","Ampeliceps coronatus","","","","","","X","X",""
"Common Hill Myna","Gracula religiosa","X","X","","","","","X","X"
"Southern Hill Myna","Gracula indica","X","X","X","","","","X","X"
"Common Starling","Sturnus vulgaris","X","X","","","","","X","X"
"Rosy Starling","Pastor roseus","X","X","","","X","","X","X"
"Purple-backed Starling","Agropsar sturninus","","","","","","X","X",""
"Chestnut-cheeked Starling","Agropsar philippensis","","","","","","X","X",""
"Asian Pied Starling","Gracupica contra","X","X","","","","","X","X"
"Brahminy Starling","Sturnia pagodarum","X","X","","","X","","X","X"
"Chestnut-tailed Starling","Sturnia malabarica","X","X","","","X","","X","X"
"Malabar Starling","Sturnia blythii","","X","X","","","","X","X"
"White-headed Starling","Sturnia erythropygia","","X","X","","","","X","X"
"White-cheeked Starling","Spodiopsar cineraceus","","","","","","X","X",""
"Common Myna","Acridotheres tristis","X","X","","","","","X","X"
"Bank Myna","Acridotheres ginginianus","X","X","X","","","","X","X"
"Jungle Myna","Acridotheres fuscus","X","X","","","","","X","X"
"Collared Myna","Acridotheres albocinctus","","","","","","X","X",""
"Great Myna","Acridotheres grandis","","X","","","","","X","X"
"Spot-winged Starling","Saroglossa spilopterus","","","","","X","","X","X"
"Blue-winged Leafbird","Chloropsis cochinchinensis","","","","","","","X",""
"Jerdon's Leafbird","Chloropsis jerdoni","X","X","X","","","","X","X"
"Golden-fronted Leafbird","Chloropsis aurifrons","X","X","","","X","","X","X"
"Orange-bellied Leafbird","Chloropsis hardwickii","X","X","","","","","X","X"
"Thick-billed Flowerpecker","Dicaeum agile","X","X","","","X","","X","X"
"Yellow-vented Flowerpecker","Dicaeum chrysorrheum","","","","","","","X",""
"Yellow-bellied Flowerpecker","Dicaeum melanozanthum","","","","","","","X",""
"Pale-billed Flowerpecker","Dicaeum erythrorhynchos","X","X","X","","","","X","X"
"Nilgiri Flowerpecker","Dicaeum concolor","X","X","X","","","","X","X"
"Plain Flowerpecker","Dicaeum minullum","","X","","","","","X","X"
"Andaman Flowerpecker","Dicaeum virescens","","X","X","","","","X","X"
"Fire-breasted Flowerpecker","Dicaeum ignipectus","X","X","","","","","X","X"
"Scarlet-backed Flowerpecker","Dicaeum cruentatum","X","X","","","","","X","X"
"Ruby-cheeked Sunbird","Chalcoparia singalensis","","X","","","","","X","X"
"Purple-rumped Sunbird","Leptocoma zeylonica","X","X","X","","","","X","X"
"Crimson-backed Sunbird","Leptocoma minima","X","X","X","","","","X","X"
"Van Hasselt's Sunbird","Leptocoma brasiliana","","","","","","X","X",""
"Purple Sunbird","Cinnyris asiaticus","X","X","","","","","X","X"
"Olive-backed Sunbird","Cinnyris jugularis","","","","","","X","X",""
"Loten's Sunbird","Cinnyris lotenius","X","X","X","","","","X","X"
"Fire-tailed Sunbird","Aethopyga ignicauda","","X","","","X","","X","X"
"Black-throated Sunbird","Aethopyga saturata","","X","","","","","X","X"
"Mrs Gould's Sunbird","Aethopyga gouldiae","","X","","","","","X","X"
"Green-tailed Sunbird","Aethopyga nipalensis","X","X","","","X","","X","X"
"Vigors's Sunbird","Aethopyga vigorsii","","X","X","","","","X","X"
"Crimson Sunbird","Aethopyga siparaja","X","X","","","","","X","X"
"Little Spiderhunter","Arachnothera longirostra","X","X","","","X","","X","X"
"Streaked Spiderhunter","Arachnothera magna","X","X","","","","","X","X"
"Alpine Accentor","Prunella collaris","","X","","","","","X","X"
"Altai Accentor","Prunella himalayana","","","","","X","","X","X"
"Robin Accentor","Prunella rubeculoides","","X","","","","","X","X"
"Rufous-breasted Accentor","Prunella strophiata","X","X","","","X","","X","X"
"Brown Accentor","Prunella fulvescens","","","","","","","X",""
"Black-throated Accentor","Prunella atrogularis","","","","","X","","X","X"
"Maroon-backed Accentor","Prunella immaculata","","","","","X","","X","X"
"Forest Wagtail","Dendronanthus indicus","X","X","","","","","X","X"
"Grey Wagtail","Motacilla cinerea","X","X","","","","","X","X"
"Western Yellow Wagtail","Motacilla flava","X","X","","","","","X","X"
"Eastern Yellow Wagtail","Motacilla tschutschensis","","","","","","X","X",""
"Citrine Wagtail","Motacilla citreola","X","X","","","","","X","X"
"White-browed Wagtail","Motacilla maderaspatensis","X","X","","","X","","X","X"
"White Wagtail","Motacilla alba","X","X","","","","","X","X"
"Richard's Pipit","Anthus richardi","X","X","","","X","","X","X"
"Paddyfield Pipit","Anthus rufulus","X","X","","","X","","X","X"
"Long-billed Pipit","Anthus similis","","X","","","X","","X","X"
"Blyth's Pipit","Anthus godlewskii","","X","","","X","","X","X"
"Tawny Pipit","Anthus campestris","X","X","","","","","X","X"
"Nilgiri Pipit","Anthus nilghiriensis","X","X","X","","","","X","X"
"Upland Pipit","Anthus sylvanus","","","","","X","","X","X"
"Rosy Pipit","Anthus roseatus","X","X","","","","","X","X"
"Tree Pipit","Anthus trivialis","X","X","","","","","X","X"
"Olive-backed Pipit","Anthus hodgsoni","X","X","","","","","X","X"
"Red-throated Pipit","Anthus cervinus","","","","","","X","X",""
"Water Pipit","Anthus spinoletta","","","","","","","X",""
"Buff-bellied Pipit","Anthus rubescens","","","","","","X","X",""
"Spotted Elachura","Elachura formosa","","","","","","","X",""
"Bohemian Waxwing","Bombycilla garrulus","","","","","","X","X",""
"Grey Hypocolius","Hypocolius ampelinus","","","","","","","X",""
"Common Chaffinch","Fringilla coelebs","","","","","","X","X",""
"Brambling","Fringilla montifringilla","","","","","","X","X",""
"Black-and-yellow Grosbeak","Mycerobas icterioides","","","","X","","","X","X"
"Collared Grosbeak","Mycerobas affinis","","","","","X","","X","X"
"Spot-winged Grosbeak","Mycerobas melanozanthos","","","","","X","","X","X"
"White-winged Grosbeak","Mycerobas carnipes","","","","","","","X",""
"Hawfinch","Coccothraustes coccothraustes","","","","","","X","X",""
"Common Rosefinch","Carpodacus erythrinus","X","X","","","","","X","X"
"Scarlet Finch","Carpodacus sipahi","","X","","","X","","X","X"
"Blyth's Rosefinch","Carpodacus grandis","","","","X","","","X","X"
"Himalayan Beautiful Rosefinch","Carpodacus pulcherrimus","","","","","","","X",""
"Pink-rumped Rosefinch","Carpodacus waltoni","","","","","","X","X",""
"Dark-rumped Rosefinch","Carpodacus edwardsii","","","","","","","X",""
"Pink-browed Rosefinch","Carpodacus rodochroa","","X","","X","","","X","X"
"Spot-winged Rosefinch","Carpodacus rodopeplus","","","","X","","","X","X"
"Vinaceous Rosefinch","Carpodacus vinaceus","","","","","","X","X",""
"Pale Rosefinch","Carpodacus stoliczkae","","","","","","X","X",""
"Sillem's Rosefinch","Carpodacus sillemi","","","","","","X","X",""
"Streaked Rosefinch","Carpodacus rubicilloides","","","","","","","X",""
"Great Rosefinch","Carpodacus rubicilla","","","","","","","X",""
"Red-fronted Rosefinch","Carpodacus puniceus","","","","","","","X",""
"Crimson-browed Finch","Carpodacus subhimachalus","","","","","X","","X","X"
"Himalayan White-browed Rosefinch","Carpodacus thura","","","","X","","","X","X"
"Chinese White-browed Rosefinch","Carpodacus dubius","","","","","","X","X",""
"Brown Bullfinch","Pyrrhula nipalensis","","","","","X","","X","X"
"Orange Bullfinch","Pyrrhula aurantiaca","","","X","X","","","X","X"
"Red-headed Bullfinch","Pyrrhula erythrocephala","","","","X","","","X","X"
"Grey-headed Bullfinch","Pyrrhula erythaca","","","","","","","X",""
"Crimson-winged Finch","Rhodopechys sanguineus","","","","","","X","X",""
"Trumpeter Finch","Bucanetes githagineus","","","","","","","X",""
"Mongolian Finch","Bucanetes mongolicus","","","","","","","X",""
"Blanford's Rosefinch","Agraphospiza rubescens","","","","","","","X",""
"Gold-naped Finch","Pyrrhoplectes epauletta","","X","","X","","","X","X"
"Spectacled Finch","Callacanthis burtoni","","","","X","","","X","X"
"Dark-breasted Rosefinch","Procarduelis nipalensis","","X","","","X","","X","X"
"Plain Mountain Finch","Leucosticte nemoricola","X","X","","","","","X","X"
"Brandt's Mountain Finch","Leucosticte brandti","","","","","","","X",""
"Desert Finch","Rhodospiza obsoleta","","","","","","X","X",""
"Yellow-breasted Greenfinch","Chloris spinoides","X","X","","X","","","X","X"
"Black-headed Greenfinch","Chloris ambigua","","","","","","X","X",""
"Twite","Linaria flavirostris","","","","","","","X",""
"Common Linnet","Linaria cannabina","","","","","","","X",""
"Red Crossbill","Loxia curvirostra","","","","","","","X",""
"European Goldfinch","Carduelis carduelis","","X","","","","","X","X"
"Fire-fronted Serin","Serinus pusillus","","X","","","","","X","X"
"Tibetan Siskin","Spinus thibetanus","","","","","","","X",""
"Eurasian Siskin","Spinus spinus","","","","","","X","X",""
"Crested Bunting","Emberiza lathami","X","X","","","X","","X","X"
"Black-headed Bunting","Emberiza melanocephala","","X","","","X","","X","X"
"Red-headed Bunting","Emberiza bruniceps","","X","","","X","","X","X"
"Chestnut-eared Bunting","Emberiza fucata","","","","","","","X",""
"Rock Bunting","Emberiza cia","X","X","","","","","X","X"
"Godlewski's Bunting","Emberiza godlewskii","","","","","","X","X",""
"White-capped Bunting","Emberiza stewarti","","X","","","X","","X","X"
"Yellowhammer","Emberiza citrinella","","","","","","X","X",""
"Pine Bunting","Emberiza leucocephalos","","","","","","","X",""
"Grey-necked Bunting","Emberiza buchanani","","X","","","X","","X","X"
"Ortolan Bunting","Emberiza hortulana","","","","","","X","X",""
"Striolated Bunting","Emberiza striolata","","","","","","","X",""
"Eurasian Reed Bunting","Emberiza schoeniclus","","","","","","X","X",""
"Yellow-breasted Bunting","Emberiza aureola","","","","","X","","X","X"
"Little Bunting","Emberiza pusilla","","","","","","","X",""
"Black-faced Bunting","Emberiza spodocephala","","","","","","","X",""
"Chestnut Bunting","Emberiza rutila","","","","","","","X",""
"Yellow-browed Bunting","Emberiza chrysophrys","","","","","","X","X",""
"Tristram's Bunting","Emberiza tristrami","","","","","","X","X",""
"House Sparrow","Passer domesticus","X","X","","","","","X","X"
"Spanish Sparrow","Passer hispaniolensis","","","","","","","X",""
"Sind Sparrow","Passer pyrrhonotus","","","X","","X","","X","X"
"Russet Sparrow","Passer cinnamomeus","X","X","","","","","X","X"
"Eurasian Tree Sparrow","Passer montanus","X","X","","","","","X","X"
"Yellow-throated Sparrow","Gymnoris xanthocollis","X","X","","","X","","X","X"
"Eurasian Rock Sparrow","Petronia petronia","","","","","","","X",""
"Pale Rock Sparrow","Carpospiza brachydactyla","","","","","","X","X",""
"Black-winged Snowfinch","Montifringilla adamsi","","","","","","","X",""
"White-rumped Snowfinch","Onychostruthus taczanowskii","","","","","","X","X",""
"Rufous-necked Snowfinch","Pyrgilauda ruficollis","","","","","","","X",""
"Blanford's Snowfinch","Pyrgilauda blanfordi","","","","","","","X",""
"Streaked Weaver","Ploceus manyar","X","X","","","","","X","X"
"Baya Weaver","Ploceus philippinus","X","X","","","","","X","X"
"Finn's Weaver","Ploceus megarhynchus","","","X","","","","X","X"
"Black-breasted Weaver","Ploceus benghalensis","","X","X","","","","X","X"
"Green Munia","Amandava formosa","","","X","","","","X","X"
"Red Munia","Amandava amandava","X","X","","","","","X","X"
"Indian Silverbill","Euodice malabarica","X","X","","","","","X","X"
"White-rumped Munia","Lonchura striata","X","X","","","","","X","X"
"Black-throated Munia","Lonchura kelaarti","","X","X","","","","X","X"
"Scaly-breasted Munia","Lonchura punctulata","X","X","","","","","X","X"
"Tricoloured Munia","Lonchura malacca","X","X","X","","","","X","X"
"Chestnut Munia","Lonchura atricapilla","","","","","X","","X","X"
