species,detprobB,occB,occB.ci,trivB,sampareaB,detprobM,occM,occM.ci,trivM,sampareaM,migstatus
Fulvous Whistling-Duck,0.023,13.4074988,0.0711,6.5334,238.2723,NA,NA,NA,NA,NA,R
Bar-headed Goose,0.241,1.2836427,0.0531,0.6157,149.858,0.064,45.4472583,0.07,24.9349,196.9801,LM
Graylag Goose,NA,NA,NA,NA,NA,0.025,24.5691745,0.1045,12.4448,226.4868,W/P
Knob-billed Duck,0.023,81.233442,0.0836,42.0131,238.2723,NA,NA,NA,NA,NA,R
Ruddy Shelduck,0.108,3.8747049,0.0494,2.256,149.858,0.091,73.1742151,0.0758,41.6466,196.9801,LM
Garganey,NA,NA,NA,NA,NA,0.017,78.397137,0.088,41.0254,232.4067,W/P
Northern Shoveler,NA,NA,NA,NA,NA,0.031,92.082839,0.0807,51.266,229.4424,W/P
Gadwall,NA,NA,NA,NA,NA,0.022,68.3142581,0.0855,34.3523,229.4424,W/P
Eurasian Wigeon,NA,NA,NA,NA,NA,0.016,59.6853328,0.0843,30.2693,220.7693,W/P
Indian Spot-billed Duck,0.065,137.1281162,0.0777,87.6505,238.2723,NA,NA,NA,NA,NA,R
Mallard,NA,NA,NA,NA,NA,0.023,20.9854776,0.0858,9.7648,233.0176,W/P
Northern Pintail,NA,NA,NA,NA,NA,0.02,99.1353023,0.0944,51.772,229.4424,W/P
Green-winged Teal,NA,NA,NA,NA,NA,0.017,83.0525058,0.0885,43.273,229.4424,W/P
White-winged Duck,0.011,1.6555414,0.0913,0.6249,238.2723,NA,NA,NA,NA,NA,R
Red-crested Pochard,NA,NA,NA,NA,NA,0.038,34.4392361,0.0751,17.6512,215.5878,W/P
Common Pochard,NA,NA,NA,NA,NA,0.027,56.7869682,0.0815,28.5553,226.4868,W/P
Ferruginous Duck,NA,NA,NA,NA,NA,0.017,26.7874838,0.0924,11.7978,220.7693,W/P
Tufted Duck,NA,NA,NA,NA,NA,0.022,38.0511654,0.0859,17.6758,220.7693,W/P
Common Merganser,0.145,1.4625011,0.1185,0.8032,149.858,0.038,4.6653801,0.1056,2.2404,196.9801,LM
Hill Partridge,0.054,10.1969039,0.0627,5.8654,238.2723,NA,NA,NA,NA,NA,R
Chestnut-breasted Partridge,0.003,1.3832743,0.0689,0.6526,238.2723,NA,NA,NA,NA,NA,R
Rufous-throated Partridge,0.008,6.3406383,0.1149,2.3584,238.2723,NA,NA,NA,NA,NA,R
White-cheeked Partridge,0.027,3.4224822,0.0745,1.4177,238.2723,NA,NA,NA,NA,NA,R
Indian Peafowl,0.14,152.4265574,0.0743,104.9672,238.2723,NA,NA,NA,NA,NA,R
Red Spurfowl,0.023,36.3436371,0.0672,21.0385,238.2723,NA,NA,NA,NA,NA,R
Painted Spurfowl,0.024,20.7805972,0.0719,9.8763,238.2723,NA,NA,NA,NA,NA,R
Rain Quail,0.016,38.1848021,0.0977,15.4091,238.2723,NA,NA,NA,NA,NA,R
Chukar,0.053,12.6504688,0.0702,7.6803,238.2723,NA,NA,NA,NA,NA,R
Himalayan Snowcock,0.029,5.3742507,0.0942,2.368,238.2723,NA,NA,NA,NA,NA,R
Jungle Bush-Quail,0.01,76.3501871,0.1181,33.5777,238.2723,NA,NA,NA,NA,NA,R
Rock Bush-Quail,0.017,26.288686,0.0995,10.6846,238.2723,NA,NA,NA,NA,NA,R
Manipur Bush-Quail,NA,NA,NA,NA,NA,NA,NA,NA,NA,NA,R
Himalayan Quail,NA,NA,NA,NA,NA,NA,NA,NA,NA,NA,R
Painted Francolin,0.031,40.2477368,0.1012,18.1121,238.2723,NA,NA,NA,NA,NA,R
Gray Francolin,0.113,154.9081101,0.0727,104.9119,238.2723,NA,NA,NA,NA,NA,R
Swamp Francolin,0.029,3.3878056,0.0871,1.57,238.2723,NA,NA,NA,NA,NA,R
Red Junglefowl,0.059,37.5486149,0.0678,21.6745,238.2723,NA,NA,NA,NA,NA,R
Gray Junglefowl,0.086,33.8482206,0.0426,24.8084,238.2723,NA,NA,NA,NA,NA,R
Himalayan Monal,0.06,7.6153711,0.0548,4.75,238.2723,NA,NA,NA,NA,NA,R
Sclater's Monal,NA,NA,NA,0.125,238.2723,NA,NA,NA,NA,NA,R
Snow Partridge,0.017,2.8632239,0.0767,0.909,238.2723,NA,NA,NA,NA,NA,R
Western Tragopan,NA,NA,NA,0.3125,238.2723,NA,NA,NA,NA,NA,R
Satyr Tragopan,0.011,1.6482481,0.0864,0.757,238.2723,NA,NA,NA,NA,NA,R
Blyth's Tragopan,0.012,1.214276,0.0824,0.5153,238.2723,NA,NA,NA,NA,NA,R
Cheer Pheasant,0.011,2.7876262,0.0741,1.375,238.2723,NA,NA,NA,NA,NA,R
Kalij Pheasant,0.063,18.6347312,0.0633,12.1244,238.2723,NA,NA,NA,NA,NA,R
Koklass Pheasant,0.041,6.8721133,0.0725,3.8447,238.2723,NA,NA,NA,NA,NA,R
Greater Flamingo,0.07,8.521447,0.0626,4.3685,149.858,0.068,23.7172784,0.0625,12.7028,196.9801,LM
Lesser Flamingo,0.09,2.2280254,0.0822,1.1528,149.858,0.097,6.1109615,0.0572,3.5452,196.9801,LM
Little Grebe,0.048,164.0592996,0.0969,98.7913,238.2723,NA,NA,NA,NA,NA,R
Great Crested Grebe,0.126,1.5048567,0.0691,0.7627,149.858,0.051,14.6196277,0.0641,7.5266,196.9801,LM
Rock Pigeon,0.268,222.6533985,0.076,169.0978,238.2723,NA,NA,NA,NA,NA,R
Hill Pigeon,0.085,12.6963159,0.0505,8.4467,238.2723,NA,NA,NA,NA,NA,R
Snow Pigeon,0.046,13.7391562,0.0753,7.4647,238.2723,NA,NA,NA,NA,NA,R
Pale-backed Pigeon,NA,NA,NA,NA,NA,0.122,0.6734923,0.0988,0.375,215.5878,W/P
Speckled Wood-Pigeon,0.018,7.5948535,0.0732,3.7093,238.2723,NA,NA,NA,NA,NA,R
Nilgiri Wood-Pigeon,0.022,10.9435872,0.0492,6.5402,238.2723,NA,NA,NA,NA,NA,R
Pale-capped Pigeon,0.012,1.8712368,0.0673,0.6869,238.2723,NA,NA,NA,NA,NA,R
Andaman Wood-Pigeon,0.059,0.4942783,0.0627,0.268,238.2723,NA,NA,NA,NA,NA,R
Oriental Turtle-Dove,0.159,23.2414483,0.0577,16.072,149.858,0.032,49.8208469,0.0808,26.7326,196.9801,LM
Eurasian Collared-Dove,0.113,188.1202716,0.0752,132.2858,238.2723,NA,NA,NA,NA,NA,R
Red Collared-Dove,0.022,122.0231965,0.102,61.7732,238.2723,NA,NA,NA,NA,NA,R
Spotted Dove,0.218,200.6743278,0.0769,151.2502,238.2723,NA,NA,NA,NA,NA,R
Laughing Dove,0.17,181.2654337,0.0622,136.788,238.2723,NA,NA,NA,NA,NA,R
Barred Cuckoo-Dove,0.028,7.3495345,0.0927,3.7299,238.2723,NA,NA,NA,NA,NA,R
Andaman Cuckoo-Dove,0.047,0.6066314,0.0045,0.4159,238.2723,NA,NA,NA,NA,NA,R
Asian Emerald Dove,0.036,48.3987975,0.0666,29.2565,238.2723,NA,NA,NA,NA,NA,R
Orange-breasted Pigeon,0.006,21.2435486,0.091,8.0829,238.2723,NA,NA,NA,NA,NA,R
Gray-fronted Green-Pigeon,0.032,14.3417337,0.0364,11.5322,238.2723,NA,NA,NA,NA,NA,R
Andaman Green-Pigeon,0.121,0.6241585,0.026,0.4882,238.2723,NA,NA,NA,NA,NA,R
Pin-tailed Pigeon,0.019,8.2404477,0.0617,4.2483,238.2723,NA,NA,NA,NA,NA,R
Wedge-tailed Pigeon,0.024,16.5027977,0.0801,8.5391,238.2723,NA,NA,NA,NA,NA,R
Mountain Imperial-Pigeon,0.026,17.1185242,0.048,11.2813,238.2723,NA,NA,NA,NA,NA,R
Tibetan Sandgrouse,0.062,2.6447048,0.1385,0.9036,238.2723,NA,NA,NA,NA,NA,R
Chestnut-bellied Sandgrouse,0.032,41.7443954,0.0765,21.5235,238.2723,NA,NA,NA,NA,NA,R
Painted Sandgrouse,0.016,17.2204302,0.0881,6.9401,238.2723,NA,NA,NA,NA,NA,R
Bengal Florican,0.028,1.8381793,0.0691,0.8736,238.2723,NA,NA,NA,NA,NA,R
Andaman Coucal,0.45,0.5078349,0.0219,0.4357,238.2723,NA,NA,NA,NA,NA,R
Greater Coucal,0.211,193.4335541,0.077,141.4747,238.2723,NA,NA,NA,NA,NA,R
Lesser Coucal,0.014,20.8433026,0.0688,10.0617,238.2723,NA,NA,NA,NA,NA,R
Sirkeer Malkoha,0.008,58.1832574,0.1157,22.9858,238.2723,NA,NA,NA,NA,NA,R
Blue-faced Malkoha,0.026,45.9158591,0.0638,28.3995,238.2723,NA,NA,NA,NA,NA,R
Green-billed Malkoha,0.031,20.9831856,0.0756,11.0366,238.2723,NA,NA,NA,NA,NA,R
Pied Cuckoo,0.042,67.9685595,0.1028,36.2187,149.858,0.021,32.4140545,0.0672,18.9364,196.9801,LM
Asian Koel,0.236,186.1961492,0.0786,133.3891,238.2723,NA,NA,NA,NA,NA,R
Banded Bay Cuckoo,0.008,30.3636128,0.0932,15.25,238.2723,NA,NA,NA,NA,NA,R
Plaintive Cuckoo,0.025,2.8650172,0.0834,1.3597,149.858,0.024,3.1867019,0.1491,1.3343,196.9801,LM
Gray-bellied Cuckoo,0.01,88.9977786,0.1515,38.9962,238.2723,NA,NA,NA,NA,NA,R
Square-tailed Drongo-Cuckoo,0.014,7.3234996,0.1234,3.2229,177.3451,NA,NA,NA,NA,NA,S
Large Hawk-Cuckoo,0.103,6.6808378,0.0939,3.8188,149.858,0.001,1.5531371,0.2126,0.9854,196.9801,LM
Common Hawk-Cuckoo,0.06,159.3568466,0.1143,91.5093,238.2723,NA,NA,NA,NA,NA,R
Lesser Cuckoo,0.053,7.13088,0.1348,3.0788,149.858,0.019,0.4317155,0.0077,0.3686,196.9801,LM
Indian Cuckoo,0.059,27.5698472,0.067,15.9313,149.858,0.004,11.078194,0.1332,3.8412,196.9801,LM
White-rumped Needletail,0.007,23.4585118,0.0725,11.8637,238.2723,NA,NA,NA,NA,NA,R
Brown-backed Needletail,0.012,14.0272249,0.0517,8.8201,238.2723,NA,NA,NA,NA,NA,R
Plume-toed Swiftlet,0.462,0.6150562,0.0032,0.5262,238.2723,NA,NA,NA,NA,NA,R
Indian Swiftlet,0.03,12.0546419,0.0326,9.425,238.2723,NA,NA,NA,NA,NA,R
Himalayan Swiftlet,0.015,19.5119691,0.1974,9.2325,238.2723,NA,NA,NA,NA,NA,R
Alpine Swift,0.012,14.9386648,0.1017,6.6058,149.858,0.013,26.8953986,0.0971,14.1113,196.9801,LM
Dark-rumped Swift,0.018,2.4099894,0.1287,0.8897,238.2723,NA,NA,NA,NA,NA,R
Little Swift,0.049,178.6575289,0.1216,98.1048,238.2723,NA,NA,NA,NA,NA,R
Asian Palm-Swift,0.1,117.1414779,0.0756,79.5048,238.2723,NA,NA,NA,NA,NA,R
Crested Treeswift,0.015,56.6357344,0.0832,29.1083,238.2723,NA,NA,NA,NA,NA,R
Slaty-breasted Rail,0.003,16.0046798,0.0905,5.6388,238.2723,NA,NA,NA,NA,NA,R
Eurasian Moorhen,0.04,35.2492226,0.0812,18.4861,149.858,0.046,98.8305033,0.097,53.4327,196.9801,LM
Eurasian Coot,0.055,37.125156,0.0769,20.4466,149.858,0.075,112.3678756,0.0871,66.5998,196.9801,LM
Gray-headed Swamphen,0.05,114.368831,0.0841,65.459,238.2723,NA,NA,NA,NA,NA,R
White-breasted Waterhen,0.078,174.2962463,0.0968,110.2694,238.2723,NA,NA,NA,NA,NA,R
Andaman Crake,0.047,0.4867197,0.0389,0.2575,238.2723,NA,NA,NA,NA,NA,R
Slaty-legged Crake,0.001,8.2744617,0.1157,2.6469,238.2723,NA,NA,NA,NA,NA,R
Ruddy-breasted Crake,0.005,35.7618739,0.099,13.151,238.2723,NA,NA,NA,NA,NA,R
Brown Crake,0.008,35.886987,0.1037,14.5734,238.2723,NA,NA,NA,NA,NA,R
Baillon's Crake,NA,NA,NA,NA,NA,0.006,14.9199113,0.0789,6.522,224.4491,W/P
Black-tailed Crake,0.021,2.6267171,0.0595,1.2981,238.2723,NA,NA,NA,NA,NA,R
Demoiselle Crane,NA,NA,NA,NA,NA,0.055,14.7106192,0.0817,7.3879,224.4491,W/P
Sarus Crane,0.041,33.1436412,0.0707,18.9029,238.2723,NA,NA,NA,NA,NA,R
Common Crane,NA,NA,NA,NA,NA,0.091,16.4712266,0.0669,9.3243,220.7693,W/P
Black-necked Crane,0.225,1.5852774,0.045,0.9277,174.907,NA,NA,NA,NA,NA,S
Indian Thick-knee,0.017,76.0387211,0.0978,34.9847,238.2723,NA,NA,NA,NA,NA,R
Great Thick-knee,0.017,33.3922975,0.0773,15.7278,238.2723,NA,NA,NA,NA,NA,R
Black-winged Stilt,0.051,53.7457902,0.0806,29.9064,149.858,0.098,120.0854728,0.0781,78.2239,196.9801,LM
Pied Avocet,NA,NA,NA,NA,NA,0.027,21.9785387,0.0718,11.1439,238.2723,W/P
Eurasian Oystercatcher,NA,NA,NA,NA,NA,0.025,2.8359705,0.04,1.2726,227.8208,W/P
Black-bellied Plover,NA,NA,NA,NA,NA,0.023,5.3365338,0.0415,2.5519,235.5963,W/P
Pacific Golden-Plover,NA,NA,NA,NA,NA,0.018,16.8341698,0.053,8.7416,232.4067,W/P
Northern Lapwing,NA,NA,NA,NA,NA,0.02,6.7241511,0.0671,3.3714,214.9666,W/P
River Lapwing,0.043,38.0892334,0.0769,20.4191,238.2723,NA,NA,NA,NA,NA,R
Yellow-wattled Lapwing,0.03,121.2639236,0.1036,63.1818,238.2723,NA,NA,NA,NA,NA,R
Gray-headed Lapwing,NA,NA,NA,NA,NA,0.014,16.4727799,0.0589,8.9438,226.4868,W/P
Red-wattled Lapwing,0.186,203.0036873,0.0708,158.5024,238.2723,NA,NA,NA,NA,NA,R
White-tailed Lapwing,NA,NA,NA,NA,NA,0.013,18.2091409,0.1054,8.1667,224.4491,W/P
Lesser Sand-Plover,0.056,6.2148389,0.0461,3.2731,149.858,0.052,14.8531278,0.0504,7.6738,196.9801,LM
Greater Sand-Plover,NA,NA,NA,NA,NA,0.031,7.9699091,0.0422,4.2113,232.4067,W/P
Kentish Plover,0.022,6.0067377,0.0618,2.5573,149.858,0.028,46.4890719,0.0808,22.9667,196.9801,LM
Little Ringed Plover,0.018,30.8000172,0.0981,13.7789,149.858,0.037,110.3414099,0.1098,58.485,196.9801,LM
Greater Painted-Snipe,0.006,84.2980352,0.1502,30.0905,238.2723,NA,NA,NA,NA,NA,R
Pheasant-tailed Jacana,0.023,101.4350704,0.0961,52.0789,238.2723,NA,NA,NA,NA,NA,R
Bronze-winged Jacana,0.043,101.0924268,0.0813,58.8931,238.2723,NA,NA,NA,NA,NA,R
Whimbrel,NA,NA,NA,NA,NA,0.039,9.2757341,0.0407,5.0161,235.2944,W/P
Eurasian Curlew,NA,NA,NA,NA,NA,0.03,20.3281666,0.0555,10.7269,238.2723,W/P
Bar-tailed Godwit,NA,NA,NA,NA,NA,0.018,6.2318059,0.0478,2.8023,216.5149,W/P
Black-tailed Godwit,NA,NA,NA,NA,NA,0.02,45.5374741,0.0695,24.8801,238.2723,W/P
Ruddy Turnstone,NA,NA,NA,NA,NA,0.038,5.8204539,0.044,2.6127,232.4067,W/P
Great Knot,NA,NA,NA,NA,NA,0.01,2.005601,0.0521,0.5824,210.171,W/P
Ruff,NA,NA,NA,NA,NA,0.018,40.8440697,0.0699,21.4613,235.2944,W/P
Broad-billed Sandpiper,NA,NA,NA,NA,NA,0.007,3.4981429,0.0429,1.558,219.6426,W/P
Curlew Sandpiper,NA,NA,NA,NA,NA,0.017,8.412309,0.0462,4.2498,238.2723,W/P
Sanderling,NA,NA,NA,NA,NA,0.023,6.3867962,0.047,3.1742,227.8208,W/P
Dunlin,NA,NA,NA,NA,NA,0.017,9.0422014,0.0579,4.1023,224.4491,W/P
Little Stint,NA,NA,NA,NA,NA,0.016,66.8255797,0.0841,34.6134,235.2944,W/P
Pin-tailed Snipe,NA,NA,NA,NA,NA,0.005,16.1755157,0.0766,7.6702,229.4424,W/P
Terek Sandpiper,NA,NA,NA,NA,NA,0.027,5.5515645,0.0382,3.0661,232.4067,W/P
Green Sandpiper,NA,NA,NA,NA,NA,0.016,134.9563595,0.1297,68.6914,235.2944,W/P
Spotted Redshank,NA,NA,NA,NA,NA,0.006,35.8075993,0.0839,16.2942,235.2944,W/P
Common Greenshank,NA,NA,NA,NA,NA,0.017,91.7561731,0.1004,45.1889,238.2723,W/P
Wood Sandpiper,NA,NA,NA,NA,NA,0.029,116.8556891,0.0914,67.0106,238.2723,W/P
Common Redshank,NA,NA,NA,NA,NA,0.026,56.1909601,0.0728,29.9714,238.2723,W/P
Barred Buttonquail,0.009,79.3359405,0.1345,31.6329,238.2723,NA,NA,NA,NA,NA,R
Indian Courser,0.026,31.7744561,0.079,14.7698,238.2723,NA,NA,NA,NA,NA,R
Oriental Pratincole,0.027,3.4192606,0.0596,1.5811,149.858,0.01,2.2813037,0.0517,1.1785,196.9801,LM
Small Pratincole,0.01,73.054883,0.1068,31.3468,238.2723,NA,NA,NA,NA,NA,R
Slender-billed Gull,0.016,12.0476687,0.0587,5.4784,238.2723,NA,NA,NA,NA,NA,R
Black-headed Gull,NA,NA,NA,NA,NA,0.034,29.6034722,0.0658,14.5321,229.4424,W/P
Brown-headed Gull,0.084,3.2919871,0.0466,1.9713,149.858,0.051,33.367073,0.0662,17.49,196.9801,LM
Pallas's Gull,NA,NA,NA,NA,NA,0.024,22.2858707,0.0629,11.2327,227.8208,W/P
Lesser Black-backed Gull,NA,NA,NA,NA,NA,0.032,10.0804307,0.0504,4.9182,224.4491,W/P
Little Tern,0.027,5.8633419,0.0753,2.7437,149.858,0.019,12.1398409,0.0618,5.6925,196.9801,LM
Gull-billed Tern,0.04,3.6441452,0.0486,1.966,149.858,0.045,23.0105142,0.0584,12.5038,196.9801,LM
Caspian Tern,0.034,19.6859646,0.0555,9.9481,238.2723,NA,NA,NA,NA,NA,R
Whiskered Tern,0.024,16.9316365,0.0718,8.0473,149.858,0.059,50.3664969,0.0688,29.0369,196.9801,LM
River Tern,0.033,125.3275942,0.0887,72.0782,238.2723,NA,NA,NA,NA,NA,R
Great Crested Tern,0.034,8.8675196,0.0434,3.8435,238.2723,NA,NA,NA,NA,NA,R
Lesser Crested Tern,0.028,9.2644568,0.045,4.1725,238.2723,NA,NA,NA,NA,NA,R
Asian Openbill,0.065,158.779125,0.0856,103.7962,238.2723,NA,NA,NA,NA,NA,R
Black Stork,NA,NA,NA,NA,NA,0.015,23.7433947,0.0768,11.4637,226.4868,W/P
Woolly-necked Stork,0.023,120.4472106,0.1007,66.6071,238.2723,NA,NA,NA,NA,NA,R
Black-necked Stork,0.022,20.5625879,0.0748,10.4906,238.2723,NA,NA,NA,NA,NA,R
Lesser Adjutant,0.033,20.7500653,0.0682,12.5591,238.2723,NA,NA,NA,NA,NA,R
Painted Stork,0.051,123.9309346,0.0804,75.4698,238.2723,NA,NA,NA,NA,NA,R
Oriental Darter,0.032,105.4360959,0.0921,57.7255,238.2723,NA,NA,NA,NA,NA,R
Little Cormorant,0.15,196.8706238,0.0801,142.9509,238.2723,NA,NA,NA,NA,NA,R
Great Cormorant,0.029,24.428336,0.0791,12.1523,149.858,0.048,101.3354724,0.0944,56.1636,196.9801,LM
Indian Cormorant,0.038,151.4903669,0.1065,84.3948,238.2723,NA,NA,NA,NA,NA,R
Great White Pelican,NA,NA,NA,NA,NA,0.057,17.8606106,0.0717,9.8703,227.8208,W/P
Spot-billed Pelican,0.064,23.1709003,0.0504,14.7457,238.2723,NA,NA,NA,NA,NA,R
Dalmatian Pelican,NA,NA,NA,NA,NA,0.048,11.2239282,0.1021,5.7961,226.4868,W/P
Yellow Bittern,0.015,15.0545408,0.0798,7.0276,149.858,0.018,19.0784792,0.0684,9.3094,196.9801,LM
Cinnamon Bittern,0.018,19.8247606,0.0798,9.2876,149.858,0.003,20.3334775,0.1497,7.1517,196.9801,LM
Black Bittern,0.012,11.3087396,0.1003,5.2369,149.858,0.007,11.8973146,0.0775,5.4974,196.9801,LM
Gray Heron,0.059,164.8576021,0.0923,101.57,238.2723,NA,NA,NA,NA,NA,R
White-bellied Heron,NA,NA,NA,0.0625,238.2723,NA,NA,NA,NA,NA,R
Purple Heron,0.051,145.3914269,0.0951,83.9339,238.2723,NA,NA,NA,NA,NA,R
Great Egret,0.051,171.0963378,0.102,103.5747,238.2723,NA,NA,NA,NA,NA,R
Intermediate Egret,0.064,178.0430103,0.0997,111.3393,238.2723,NA,NA,NA,NA,NA,R
Little Egret,0.125,195.9122806,0.0827,140.5577,238.2723,NA,NA,NA,NA,NA,R
Western Reef-Heron,0.031,6.3514427,0.0553,3.012,149.858,0.058,21.2821916,0.0521,12.0714,196.9801,LM
Cattle Egret,0.22,214.7180666,0.0711,168.433,238.2723,NA,NA,NA,NA,NA,R
Indian Pond-Heron,0.225,207.7181942,0.0745,158.5809,238.2723,NA,NA,NA,NA,NA,R
Striated Heron,0.011,92.1581429,0.1343,37.6849,238.2723,NA,NA,NA,NA,NA,R
Black-crowned Night-Heron,0.031,127.7858262,0.1207,61.4179,238.2723,NA,NA,NA,NA,NA,R
Glossy Ibis,0.031,98.4723627,0.0815,55.9877,238.2723,NA,NA,NA,NA,NA,R
Black-headed Ibis,0.06,137.2328678,0.0849,84.605,238.2723,NA,NA,NA,NA,NA,R
Red-naped Ibis,0.064,136.1173473,0.0756,86.8034,238.2723,NA,NA,NA,NA,NA,R
Eurasian Spoonbill,0.026,23.7401741,0.0786,11.7206,149.858,0.041,59.5300629,0.076,33.2694,196.9801,LM
Osprey,NA,NA,NA,NA,NA,0.01,58.4781034,0.0902,27.4418,238.2723,W/P
Black-winged Kite,0.044,197.2834251,0.1055,127.7624,238.2723,NA,NA,NA,NA,NA,R
Bearded Vulture,0.061,15.5303128,0.0634,10.2826,238.2723,NA,NA,NA,NA,NA,R
Oriental Honey-buzzard,0.028,163.2789358,0.1365,88.0416,238.2723,NA,NA,NA,NA,NA,R
Black Baza,0.017,0.9299121,0.092,0.3021,149.858,0.02,3.2405634,0.0454,2.2081,196.9801,LM
Red-headed Vulture,0.02,17.7072291,0.0676,9.9093,238.2723,NA,NA,NA,NA,NA,R
Cinereous Vulture,NA,NA,NA,NA,NA,0.049,6.0030169,0.0906,3.311,214.9666,W/P
White-rumped Vulture,0.023,24.3879073,0.0765,12.4098,238.2723,NA,NA,NA,NA,NA,R
Indian Vulture,0.041,24.4856939,0.0701,12.9483,238.2723,NA,NA,NA,NA,NA,R
Slender-billed Vulture,0.008,3.8507543,0.0662,1.962,238.2723,NA,NA,NA,NA,NA,R
Himalayan Griffon,0.097,12.2365704,0.0741,7.9452,149.858,0.1,17.8694295,0.0871,11.8387,196.9801,LM
Eurasian Griffon,NA,NA,NA,NA,NA,0.023,15.9780188,0.1027,7.3048,226.4868,W/P
Nicobar Serpent-Eagle,NA,NA,NA,0.0953,238.2723,NA,NA,NA,NA,NA,R
Crested Serpent-Eagle,0.047,111.6602527,0.0905,64.009,238.2723,NA,NA,NA,NA,NA,R
Andaman Serpent-Eagle,0.093,0.4822327,0.0161,0.3678,238.2723,NA,NA,NA,NA,NA,R
Short-toed Snake-Eagle,0.014,110.4266169,0.1203,52.4664,238.2723,NA,NA,NA,NA,NA,R
Crested Hawk-Eagle,0.019,55.3310775,0.0769,30.7056,238.2723,NA,NA,NA,NA,NA,R
Mountain Hawk-Eagle,0.021,13.740104,0.0752,7.4028,238.2723,NA,NA,NA,NA,NA,R
Legge's Hawk-Eagle,0.002,7.0337434,0.067,3,238.2723,NA,NA,NA,NA,NA,R
Rufous-bellied Eagle,0.006,20.2021102,0.0811,10.1574,238.2723,NA,NA,NA,NA,NA,R
Black Eagle,0.021,53.2606119,0.0769,29.7217,238.2723,NA,NA,NA,NA,NA,R
Indian Spotted Eagle,0.007,62.6703614,0.1169,26.0095,238.2723,NA,NA,NA,NA,NA,R
Greater Spotted Eagle,NA,NA,NA,NA,NA,0.011,36.7702154,0.0763,18.82,224.4491,W/P
Booted Eagle,NA,NA,NA,NA,NA,0.011,73.8225536,0.1197,37.7236,238.2723,W/P
Tawny Eagle,0.014,39.7137026,0.0924,17.1211,238.2723,NA,NA,NA,NA,NA,R
Steppe Eagle,NA,NA,NA,NA,NA,0.034,33.4531473,0.0692,19.3389,229.4424,W/P
Imperial Eagle,NA,NA,NA,NA,NA,0.043,8.7487015,0.0764,4.3823,220.7693,W/P
Golden Eagle,0.056,14.7949041,0.0984,8.0928,238.2723,NA,NA,NA,NA,NA,R
Bonelli's Eagle,0.012,81.3053992,0.1159,35.9508,238.2723,NA,NA,NA,NA,NA,R
White-eyed Buzzard,0.023,25.0421073,0.0849,12.2201,149.858,0.028,69.5204337,0.0958,34.99,196.9801,LM
Eurasian Marsh-Harrier,NA,NA,NA,NA,NA,0.022,83.3618926,0.0846,45.4663,232.4067,W/P
Pallid Harrier,NA,NA,NA,NA,NA,0.02,34.4591089,0.0752,18.0043,219.6426,W/P
Montagu's Harrier,NA,NA,NA,NA,NA,0.022,36.187155,0.0754,18.0205,224.4491,W/P
Crested Goshawk,0.011,27.5046184,0.0702,14.9512,238.2723,NA,NA,NA,NA,NA,R
Shikra,0.096,199.115988,0.1056,132.5021,238.2723,NA,NA,NA,NA,NA,R
Nicobar Sparrowhawk,NA,NA,NA,0.0362,238.2723,NA,NA,NA,NA,NA,R
Eurasian Sparrowhawk,0.01,5.7275056,0.1712,1.6203,149.858,0.017,30.9202615,0.0994,13.406,196.9801,LM
Black Kite,0.234,85.7356632,0.0714,57.9447,149.858,0.252,136.8793466,0.0742,96.2867,196.9801,LM
Brahminy Kite,0.163,72.4636135,0.058,50.4955,238.2723,NA,NA,NA,NA,NA,R
Pallas's Fish-Eagle,0.014,0.3929218,0.0632,0.25,149.858,0.062,2.7811234,0.0543,1.5609,196.9801,LM
White-bellied Sea-Eagle,0.054,10.4275665,0.0429,6.3796,238.2723,NA,NA,NA,NA,NA,R
Lesser Fish-Eagle,0.011,8.4537101,0.0477,4.7459,238.2723,NA,NA,NA,NA,NA,R
Gray-headed Fish-Eagle,0.015,12.5170362,0.0662,6.1413,238.2723,NA,NA,NA,NA,NA,R
Common Buzzard,NA,NA,NA,NA,NA,0.011,12.9737997,0.0665,6.7193,220.7693,W/P
Himalayan Buzzard,0.021,22.3276638,0.0921,11.3148,238.2723,NA,NA,NA,NA,NA,R
Long-legged Buzzard,NA,NA,NA,NA,NA,0.056,19.4261537,0.0871,10.4832,219.6426,W/P
Dusky Eagle-Owl,0.007,4.2297294,0.0729,1.5602,238.2723,NA,NA,NA,NA,NA,R
Collared Owlet,0.022,16.0760323,0.0813,8.08,238.2723,NA,NA,NA,NA,NA,R
Asian Barred Owlet,0.065,25.4050583,0.0825,16.1564,238.2723,NA,NA,NA,NA,NA,R
Forest Owlet,0.086,1.3860313,0.0566,0.7847,238.2723,NA,NA,NA,NA,NA,R
Short-eared Owl,NA,NA,NA,NA,NA,0.038,5.9010052,0.0561,3.1985,215.5878,W/P
Malabar Trogon,0.038,12.4064015,0.0396,9.2963,238.2723,NA,NA,NA,NA,NA,R
Red-headed Trogon,0.036,6.2605139,0.0643,3.2006,238.2723,NA,NA,NA,NA,NA,R
Eurasian Hoopoe,0.054,60.2986278,0.0895,33.0421,149.858,0.058,140.3203007,0.118,80.4922,196.9801,LM
Indian Gray Hornbill,0.078,128.2349308,0.0754,80.6751,238.2723,NA,NA,NA,NA,NA,R
Malabar Pied-Hornbill,0.038,16.2263027,0.0454,11.1665,238.2723,NA,NA,NA,NA,NA,R
Oriental Pied-Hornbill,0.058,13.5395232,0.057,8.3206,238.2723,NA,NA,NA,NA,NA,R
Rufous-necked Hornbill,0.053,2.5771953,0.0377,1.4579,238.2723,NA,NA,NA,NA,NA,R
Wreathed Hornbill,0.124,2.9602816,0.0483,1.8966,238.2723,NA,NA,NA,NA,NA,R
Narcondam Hornbill,NA,NA,NA,9.00E-04,238.2723,NA,NA,NA,NA,NA,R
Black-backed Dwarf-Kingfisher,0.049,2.5743137,0.0521,1.5437,149.858,0.013,2.367151,0.0423,1.2796,196.9801,LM
Stork-billed Kingfisher,0.037,43.9132267,0.0648,28.0774,238.2723,NA,NA,NA,NA,NA,R
White-throated Kingfisher,0.267,217.4524156,0.0728,171.4807,238.2723,NA,NA,NA,NA,NA,R
Collared Kingfisher,0.104,2.4319876,0.0385,1.5428,238.2723,NA,NA,NA,NA,NA,R
Crested Kingfisher,0.035,14.8821259,0.0767,9.1299,238.2723,NA,NA,NA,NA,NA,R
Pied Kingfisher,0.038,168.1603404,0.1076,99.0994,238.2723,NA,NA,NA,NA,NA,R
Blue-bearded Bee-eater,0.012,33.210556,0.0688,18.7154,238.2723,NA,NA,NA,NA,NA,R
Green Bee-eater,0.189,203.8150039,0.0697,158.19,238.2723,NA,NA,NA,NA,NA,R
Blue-cheeked Bee-eater,0.007,17.0261635,0.1036,6.5775,238.2723,NA,NA,NA,NA,NA,S
Blue-tailed Bee-eater,0.035,32.7589663,0.0803,16.6523,149.858,0.121,42.6516582,0.0526,30.4761,196.9801,LM
Chestnut-headed Bee-eater,0.05,16.5606139,0.0557,10.2897,149.858,0.061,19.5451513,0.0457,14.0038,196.9801,LM
European Roller,NA,NA,NA,NA,NA,0.024,29.0926785,0.094,13.9573,196.5242,W/P
Indian Roller,0.088,207.0299764,0.0865,146.718,238.2723,NA,NA,NA,NA,NA,R
Dollarbird,0.022,14.0731033,0.0484,8.2869,238.2723,NA,NA,NA,NA,NA,R
Malabar Barbet,0.058,9.4047824,0.0285,8.4346,238.2723,NA,NA,NA,NA,NA,R
Coppersmith Barbet,0.12,173.5050956,0.0826,118.0228,238.2723,NA,NA,NA,NA,NA,R
Blue-eared Barbet,0.015,11.3395071,0.1464,4.2013,238.2723,NA,NA,NA,NA,NA,R
Great Barbet,0.164,23.6447928,0.0521,17.4,238.2723,NA,NA,NA,NA,NA,R
Lineated Barbet,0.085,21.277156,0.0812,13.7867,238.2723,NA,NA,NA,NA,NA,R
Brown-headed Barbet,0.096,79.6592962,0.0675,48.4035,238.2723,NA,NA,NA,NA,NA,R
White-cheeked Barbet,0.303,26.7450526,0.0383,23.3543,238.2723,NA,NA,NA,NA,NA,R
Golden-throated Barbet,0.037,7.5979494,0.072,4.1522,238.2723,NA,NA,NA,NA,NA,R
Blue-throated Barbet,0.136,34.7905128,0.0528,25.0779,238.2723,NA,NA,NA,NA,NA,R
Yellow-rumped Honeyguide,0.012,2.1344391,0.0641,0.9016,238.2723,NA,NA,NA,NA,NA,R
Eurasian Wryneck,NA,NA,NA,NA,NA,0.007,33.4187735,0.1122,13.5846,224.4491,W/P
Speckled Piculet,0.009,29.346036,0.077,14.5561,238.2723,NA,NA,NA,NA,NA,R
White-browed Piculet,0.015,9.1307017,0.1002,3.9155,238.2723,NA,NA,NA,NA,NA,R
Heart-spotted Woodpecker,0.024,13.0650464,0.0377,9.5263,238.2723,NA,NA,NA,NA,NA,R
Gray-capped Woodpecker,0.022,21.2473815,0.105,10.9101,238.2723,NA,NA,NA,NA,NA,R
Brown-fronted Woodpecker,0.079,10.8489991,0.0569,7.3376,238.2723,NA,NA,NA,NA,NA,R
Rufous-bellied Woodpecker,0.039,6.0845652,0.0554,3.7656,238.2723,NA,NA,NA,NA,NA,R
Fulvous-breasted Woodpecker,0.029,31.1787583,0.0921,16.9744,238.2723,NA,NA,NA,NA,NA,R
Himalayan Woodpecker,0.099,10.9933335,0.0568,7.9151,238.2723,NA,NA,NA,NA,NA,R
Bay Woodpecker,0.035,8.0697563,0.1027,4.0013,238.2723,NA,NA,NA,NA,NA,R
Greater Flameback,0.038,42.3094499,0.0638,26.214,238.2723,NA,NA,NA,NA,NA,R
White-naped Woodpecker,0.009,42.205939,0.1112,18.2634,238.2723,NA,NA,NA,NA,NA,R
Rufous Woodpecker,0.02,42.6791611,0.0765,23.8966,238.2723,NA,NA,NA,NA,NA,R
Himalayan Flameback,0.009,8.030183,0.0949,4.0115,238.2723,NA,NA,NA,NA,NA,R
Common Flameback,0.006,7.1736927,0.0593,4.3982,238.2723,NA,NA,NA,NA,NA,R
Black-rumped Flameback,0.106,129.0228849,0.082,81.8504,238.2723,NA,NA,NA,NA,NA,R
Lesser Yellownape,0.017,37.2101378,0.0713,21.2716,238.2723,NA,NA,NA,NA,NA,R
Streak-throated Woodpecker,0.019,28.7923776,0.0663,14.8662,238.2723,NA,NA,NA,NA,NA,R
Scaly-bellied Woodpecker,0.054,12.5802604,0.0552,7.8591,238.2723,NA,NA,NA,NA,NA,R
Gray-headed Woodpecker,0.069,20.2810374,0.0611,13.096,238.2723,NA,NA,NA,NA,NA,R
Greater Yellownape,0.027,14.7875127,0.089,7.8117,238.2723,NA,NA,NA,NA,NA,R
Great Slaty Woodpecker,0.017,3.2734738,0.0729,1.7626,238.2723,NA,NA,NA,NA,NA,R
Andaman Woodpecker,0.118,0.4983798,0.0058,0.3999,238.2723,NA,NA,NA,NA,NA,R
Collared Falconet,0.023,3.4623234,0.0527,2.1378,238.2723,NA,NA,NA,NA,NA,R
Eurasian Kestrel,0.033,19.2621438,0.0756,9.762,149.858,0.041,119.7884977,0.1213,63.7033,196.9801,LM
Red-necked Falcon,0.006,56.3194529,0.1376,20.7534,238.2723,NA,NA,NA,NA,NA,R
Amur Falcon,NA,NA,NA,NA,NA,0.021,8.444595,0.0618,4.4165,205.3286,W/P
Eurasian Hobby,0.013,6.1556504,0.1459,1.625,149.858,0.002,4.7537997,0.2662,1.0248,196.9801,LM
Laggar Falcon,0.03,15.4269267,0.0717,7.4259,238.2723,NA,NA,NA,NA,NA,R
Peregrine Falcon,0.005,17.6740698,0.1479,5.4297,149.858,0.016,49.5885004,0.112,20.7812,196.9801,LM
Alexandrine Parakeet,0.058,101.4961205,0.0817,56.8437,238.2723,NA,NA,NA,NA,NA,R
Rose-ringed Parakeet,0.257,207.7106962,0.0705,158.9364,238.2723,NA,NA,NA,NA,NA,R
Plum-headed Parakeet,0.075,129.602715,0.0773,83.5827,238.2723,NA,NA,NA,NA,NA,R
Malabar Parakeet,0.09,13.1427753,0.0331,10.8951,238.2723,NA,NA,NA,NA,NA,R
Red-breasted Parakeet,0.066,12.1292856,0.0517,7.7192,238.2723,NA,NA,NA,NA,NA,R
Long-tailed Parakeet,0.227,0.6035661,0.0063,0.5176,238.2723,NA,NA,NA,NA,NA,R
Vernal Hanging-Parrot,0.095,22.2023756,0.0393,17.3426,238.2723,NA,NA,NA,NA,NA,R
Long-tailed Broadbill,0.021,9.1781077,0.0543,5.0568,238.2723,NA,NA,NA,NA,NA,R
Blue-naped Pitta,0.007,4.7910551,0.0822,1.7493,238.2723,NA,NA,NA,NA,NA,R
Indian Pitta,0.049,29.7478404,0.0726,16.3362,149.858,0.028,20.5674619,0.0574,13.2353,196.9801,LM
Malabar Woodshrike,0.024,9.0713591,0.0388,7.4128,238.2723,NA,NA,NA,NA,NA,R
Common Woodshrike,0.022,135.046883,0.12,68.4203,238.2723,NA,NA,NA,NA,NA,R
Bar-winged Flycatcher-shrike,0.023,31.1401717,0.0573,19.2938,238.2723,NA,NA,NA,NA,NA,R
Ashy Woodswallow,0.046,65.9098896,0.0722,40.6351,238.2723,NA,NA,NA,NA,NA,R
Common Iora,0.09,149.6794646,0.084,96.3519,238.2723,NA,NA,NA,NA,NA,R
White-tailed Iora,0.022,8.4089944,0.0522,4.558,238.2723,NA,NA,NA,NA,NA,R
White-bellied Minivet,0.013,13.5798551,0.0776,5.9363,238.2723,NA,NA,NA,NA,NA,R
Small Minivet,0.034,137.2461029,0.1019,77.6546,238.2723,NA,NA,NA,NA,NA,R
Short-billed Minivet,0.021,9.6540989,0.0823,4.3928,238.2723,NA,NA,NA,NA,NA,R
Scarlet Minivet,0.06,37.6097964,0.0752,21.7194,238.2723,NA,NA,NA,NA,NA,R
Large Cuckooshrike,0.021,93.3218815,0.0971,48.8046,238.2723,NA,NA,NA,NA,NA,R
Andaman Cuckooshrike,0.03,0.3229396,0.0611,0.1564,238.2723,NA,NA,NA,NA,NA,R
Black-winged Cuckooshrike,0.015,6.8181483,0.4417,2.8152,149.858,0.028,5.9194495,0.0735,3.249,196.9801,LM
Isabelline Shrike,NA,NA,NA,NA,NA,0.028,26.5891049,0.0856,13.6956,219.6426,W/P
Brown Shrike,NA,NA,NA,NA,NA,0.039,85.829809,0.0773,55.9333,232.4067,W/P
Long-tailed Shrike,0.054,55.9634242,0.0919,29.6719,149.858,0.08,139.2423392,0.0938,88.3991,196.9801,LM
Gray-backed Shrike,0.025,3.7548661,0.1733,1.692,149.858,0.072,14.4141362,0.0761,8.9021,196.9801,LM
Great Gray Shrike,0.091,4.2582648,0.0684,2.4363,149.858,0.058,25.137018,0.0801,13.5805,196.9801,LM
Himalayan Shrike-Babbler,0.024,6.0723591,0.065,3.625,238.2723,NA,NA,NA,NA,NA,R
Green Shrike-Babbler,0.008,9.8279927,0.1118,3.2769,238.2723,NA,NA,NA,NA,NA,R
White-bellied Erpornis,0.017,9.9624758,0.0888,4.3977,238.2723,NA,NA,NA,NA,NA,R
Indian Golden Oriole,0.051,65.2435776,0.098,33.5805,149.858,0.117,88.0893546,0.0829,55.7793,196.9801,LM
Black-naped Oriole,NA,NA,NA,NA,NA,0.014,24.229411,0.063,14.0569,235.2944,W/P
Black-hooded Oriole,0.12,97.0631092,0.0629,65.908,238.2723,NA,NA,NA,NA,NA,R
Maroon Oriole,0.037,16.3643836,0.0753,9.4962,238.2723,NA,NA,NA,NA,NA,R
Black Drongo,0.29,224.3541128,0.0691,184.2661,238.2723,NA,NA,NA,NA,NA,R
Ashy Drongo,0.092,23.2820705,0.0627,14.1735,149.858,0.106,79.5223554,0.0744,50.2745,196.9801,LM
White-bellied Drongo,0.03,92.5248591,0.0853,50.8448,238.2723,NA,NA,NA,NA,NA,R
Bronzed Drongo,0.067,45.5279306,0.0576,30.8476,238.2723,NA,NA,NA,NA,NA,R
Hair-crested Drongo,0.056,9.1775274,0.0802,5.6309,149.858,0.049,20.1485475,0.0582,12.2757,196.9801,LM
Greater Racket-tailed Drongo,0.15,51.8895992,0.0532,36.002,238.2723,NA,NA,NA,NA,NA,R
White-throated Fantail,0.077,36.8164245,0.0722,21.8482,238.2723,NA,NA,NA,NA,NA,R
Spot-breasted Fantail,0.049,47.1414759,0.0713,27.1443,238.2723,NA,NA,NA,NA,NA,R
Black-naped Monarch,0.036,79.0816966,0.0797,44.9406,238.2723,NA,NA,NA,NA,NA,R
Indian Paradise-Flycatcher,0.047,54.3050019,0.0884,28.9665,149.858,0.088,57.3904108,0.0736,37.8901,196.9801,LM
Eurasian Jay,0.07,8.1807318,0.0629,4.9215,238.2723,NA,NA,NA,NA,NA,R
Black-headed Jay,0.106,9.0703946,0.0486,6.5263,238.2723,NA,NA,NA,NA,NA,R
Yellow-billed Blue-Magpie,0.135,14.4697577,0.0522,10.4974,238.2723,NA,NA,NA,NA,NA,R
Red-billed Blue-Magpie,0.094,12.1774325,0.051,8.8889,238.2723,NA,NA,NA,NA,NA,R
Common Green-Magpie,0.031,9.0714071,0.0616,5.2343,238.2723,NA,NA,NA,NA,NA,R
Rufous Treepie,0.184,173.6997346,0.0749,122.9956,238.2723,NA,NA,NA,NA,NA,R
Gray Treepie,0.092,23.5397195,0.0673,15.6245,238.2723,NA,NA,NA,NA,NA,R
White-bellied Treepie,0.053,7.3952031,0.0342,5.9684,238.2723,NA,NA,NA,NA,NA,R
Collared Treepie,0.024,2.7854499,0.068,1.4522,238.2723,NA,NA,NA,NA,NA,R
Andaman Treepie,0.097,0.5016529,0.0222,0.3621,238.2723,NA,NA,NA,NA,NA,R
Kashmir Nutcracker,0.027,2.3990613,0.0844,1.0625,238.2723,NA,NA,NA,NA,NA,R
Red-billed Chough,0.089,12.6834785,0.0538,8.5927,238.2723,NA,NA,NA,NA,NA,R
Yellow-billed Chough,0.086,12.6934595,0.0624,8.7003,238.2723,NA,NA,NA,NA,NA,R
House Crow,0.378,217.9789637,0.0623,175.2022,238.2723,NA,NA,NA,NA,NA,R
Large-billed Crow,0.279,203.0057561,0.0745,151.9338,238.2723,NA,NA,NA,NA,NA,R
Rufous-tailed Lark,0.033,91.1214222,0.0813,52.6611,238.2723,NA,NA,NA,NA,NA,R
Ashy-crowned Sparrow-Lark,0.053,135.9619791,0.0792,84.0795,238.2723,NA,NA,NA,NA,NA,R
Singing Bushlark,0.014,16.2293687,0.1035,6.4281,238.2723,NA,NA,NA,NA,NA,R
Bengal Bushlark,0.032,24.9231348,0.0768,12.5074,238.2723,NA,NA,NA,NA,NA,R
Jerdon's Bushlark,0.038,36.0448172,0.0518,24.1085,238.2723,NA,NA,NA,NA,NA,R
Indian Bushlark,0.026,90.1980883,0.0964,44.7478,238.2723,NA,NA,NA,NA,NA,R
Greater Short-toed Lark,NA,NA,NA,NA,NA,0.027,24.8879322,0.0626,13.6274,219.6426,W/P
Sykes's Short-toed Lark,NA,NA,NA,NA,NA,NA,NA,NA,NA,NA,W/P
Sand Lark,0.018,21.7148919,0.0792,9.4102,238.2723,NA,NA,NA,NA,NA,R
Oriental Skylark,0.011,90.1812672,0.1164,38.781,238.2723,NA,NA,NA,NA,NA,R
Crested Lark,0.034,41.1268596,0.0838,21.6679,238.2723,NA,NA,NA,NA,NA,R
Malabar Lark,0.02,15.8621432,0.0476,10.1148,238.2723,NA,NA,NA,NA,NA,R
Tawny Lark,0.017,31.8654608,0.0879,14.5901,238.2723,NA,NA,NA,NA,NA,R
Gray-throated Martin,0.017,57.5636633,0.0912,28.5836,238.2723,NA,NA,NA,NA,NA,R
Eurasian Crag-Martin,0.1,4.8919561,0.0715,2.6073,149.858,0.022,5.0793896,0.0508,2.7979,196.9801,LM
Dusky Crag-Martin,0.053,104.7196132,0.0839,60.0128,238.2723,NA,NA,NA,NA,NA,R
Barn Swallow,0.036,37.0531179,0.0851,18.9263,149.858,0.145,140.6297803,0.0909,95.9767,196.9801,LM
Wire-tailed Swallow,0.042,151.1085767,0.0923,90.7603,238.2723,NA,NA,NA,NA,NA,R
Hill Swallow,0.023,3.6778123,0.036,2.8749,238.2723,NA,NA,NA,NA,NA,R
Streak-throated Swallow,0.009,111.1713196,0.1301,49.1981,238.2723,NA,NA,NA,NA,NA,R
Yellow-bellied Fairy-Fantail,0.04,19.206559,0.0874,10.8722,238.2723,NA,NA,NA,NA,NA,R
Gray-headed Canary-Flycatcher,0.097,13.125781,0.0516,8.8583,149.858,0.084,48.5507608,0.0682,28.576,196.9801,LM
Yellow-browed Tit,0.02,7.5412618,0.0639,3.9248,238.2723,NA,NA,NA,NA,NA,R
Sultan Tit,0.053,6.5727861,0.0535,3.9553,238.2723,NA,NA,NA,NA,NA,R
Coal Tit,0.111,12.7515261,0.0544,8.7607,238.2723,NA,NA,NA,NA,NA,R
Black-breasted Tit,0.023,9.7508702,0.0927,4.2195,238.2723,NA,NA,NA,NA,NA,R
Rufous-vented Tit,0.03,6.1098471,0.0647,3.2944,238.2723,NA,NA,NA,NA,NA,R
Gray-crested Tit,0.029,6.1604952,0.0628,3.3299,238.2723,NA,NA,NA,NA,NA,R
Green-backed Tit,0.193,18.7528932,0.0498,13.6184,238.2723,NA,NA,NA,NA,NA,R
White-naped Tit,0.025,3.965217,0.0958,1.875,238.2723,NA,NA,NA,NA,NA,R
Himalayan Black-lored Tit,0.065,8.83295,0.0508,6.3441,238.2723,NA,NA,NA,NA,NA,R
Yellow-cheeked Tit,0.045,4.7708227,0.0684,2.6866,238.2723,NA,NA,NA,NA,NA,R
Black-throated Tit,0.125,15.8064995,0.052,11.2707,238.2723,NA,NA,NA,NA,NA,R
White-throated Tit,0.005,6.5860836,0.1444,1.75,238.2723,NA,NA,NA,NA,NA,R
Chestnut-bellied Nuthatch,0.053,18.3112385,0.0697,11.1651,238.2723,NA,NA,NA,NA,NA,R
Kashmir Nuthatch,0.012,1.683626,0.0907,0.625,238.2723,NA,NA,NA,NA,NA,R
White-tailed Nuthatch,0.059,9.9865651,0.0514,6.5584,238.2723,NA,NA,NA,NA,NA,R
White-cheeked Nuthatch,0.014,6.9726756,0.1218,3.0625,238.2723,NA,NA,NA,NA,NA,R
Velvet-fronted Nuthatch,0.04,31.3315673,0.0567,19.9445,238.2723,NA,NA,NA,NA,NA,R
Beautiful Nuthatch,0.028,1.969504,0.0815,0.7512,238.2723,NA,NA,NA,NA,NA,R
Bar-tailed Treecreeper,0.095,13.4192381,0.0546,10.1409,238.2723,NA,NA,NA,NA,NA,R
Rusty-flanked Treecreeper,0.02,4.4864368,0.0828,2.0801,238.2723,NA,NA,NA,NA,NA,R
Indian Spotted Creeper,0.024,3.6107189,0.1024,1.3125,238.2723,NA,NA,NA,NA,NA,R
Eurasian Wren,0.049,13.2408202,0.0633,7.4294,238.2723,NA,NA,NA,NA,NA,R
Brown Dipper,0.048,18.9865742,0.0646,11.2107,238.2723,NA,NA,NA,NA,NA,R
Gray-headed Bulbul,0.023,9.9447993,0.037,7.6495,238.2723,NA,NA,NA,NA,NA,R
Andaman Bulbul,0.223,0.509429,0.0011,0.4542,238.2723,NA,NA,NA,NA,NA,R
Black-crested Bulbul,0.075,23.0347327,0.0655,13.7988,238.2723,NA,NA,NA,NA,NA,R
Striated Bulbul,0.052,6.4852685,0.0679,3.43,238.2723,NA,NA,NA,NA,NA,R
Red-vented Bulbul,0.345,221.7307763,0.0657,183.0695,238.2723,NA,NA,NA,NA,NA,R
Red-whiskered Bulbul,0.221,113.5003724,0.0621,79.6051,238.2723,NA,NA,NA,NA,NA,R
White-eared Bulbul,0.085,34.5009781,0.0665,22.4387,238.2723,NA,NA,NA,NA,NA,R
Yellow-throated Bulbul,0.035,9.3673067,0.0554,5.375,238.2723,NA,NA,NA,NA,NA,R
White-browed Bulbul,0.069,65.0139296,0.0615,44.2574,238.2723,NA,NA,NA,NA,NA,R
White-throated Bulbul,0.081,10.2249371,0.0524,6.3048,238.2723,NA,NA,NA,NA,NA,R
Cachar Bulbul,NA,NA,NA,0.2376,238.2723,NA,NA,NA,NA,NA,R
Yellow-browed Bulbul,0.11,15.136203,0.0347,12.7095,238.2723,NA,NA,NA,NA,NA,R
Black Bulbul,0.132,25.1872591,0.0579,17.9288,238.2723,NA,NA,NA,NA,NA,R
Square-tailed Bulbul,0.044,10.8372287,0.0432,8.2059,238.2723,NA,NA,NA,NA,NA,R
Nicobar Bulbul,NA,NA,NA,0.0273,238.2723,NA,NA,NA,NA,NA,R
Ashy Bulbul,0.028,14.4776018,0.075,7.7219,238.2723,NA,NA,NA,NA,NA,R
Mountain Bulbul,0.024,10.1667318,0.0628,5.4467,238.2723,NA,NA,NA,NA,NA,R
Scaly-breasted Cupwing,0.021,10.2182332,0.0748,5.4939,238.2723,NA,NA,NA,NA,NA,R
Immaculate Cupwing,0.007,3.2446287,0.1612,1.4375,238.2723,NA,NA,NA,NA,NA,R
Pygmy Cupwing,0.019,8.744825,0.0801,4.3828,238.2723,NA,NA,NA,NA,NA,R
Gray-bellied Tesia,0.017,9.0333357,0.0798,4.3193,238.2723,NA,NA,NA,NA,NA,R
Slaty-bellied Tesia,0.021,4.7170644,0.0893,2.1737,238.2723,NA,NA,NA,NA,NA,R
Gray-sided Bush Warbler,0.013,9.403377,0.0717,4.4873,238.2723,NA,NA,NA,NA,NA,R
Chestnut-headed Tesia,0.018,11.1096068,0.0727,6.2851,238.2723,NA,NA,NA,NA,NA,R
Black-faced Warbler,0.035,7.0073272,0.0723,3.9394,238.2723,NA,NA,NA,NA,NA,R
Mountain Tailorbird,0.014,8.890785,0.1076,3.4454,238.2723,NA,NA,NA,NA,NA,R
Broad-billed Warbler,0.013,3.2325796,0.1137,1.3102,238.2723,NA,NA,NA,NA,NA,R
Brownish-flanked Bush Warbler,0.041,14.5239044,0.0763,8.1727,238.2723,NA,NA,NA,NA,NA,R
Hume's Bush Warbler,0.01,3.615123,0.1096,1.4171,238.2723,NA,NA,NA,NA,NA,R
Aberrant Bush Warbler,0.007,9.4481001,0.1127,3.6424,238.2723,NA,NA,NA,NA,NA,R
Ashy-throated Warbler,0.037,12.6244817,0.0679,6.9851,238.2723,NA,NA,NA,NA,NA,R
Buff-barred Warbler,0.023,14.1367914,0.0715,7.4503,238.2723,NA,NA,NA,NA,NA,R
Yellow-browed Warbler,NA,NA,NA,NA,NA,0.054,10.189409,0.0724,5.519,220.7693,W/P
Hume's Warbler,0.032,7.6541245,0.1477,3.2694,149.858,0.099,31.8778272,0.0653,18.5722,196.9801,LM
Brooks's Leaf Warbler,NA,NA,NA,NA,NA,0.019,1.0303289,0.0762,0.375,208.3546,W/P
Pale-rumped Warbler,0.044,21.6063345,0.0831,12.3598,238.2723,NA,NA,NA,NA,NA,R
Tytler's Leaf Warbler,0.004,0.5091804,0.0809,0.25,149.858,0.028,3.191272,0.0531,1.625,196.9801,LM
Sulphur-bellied Warbler,0.046,3.6691264,0.1401,1.1777,149.858,0.025,28.8263765,0.0933,13.316,196.9801,LM
Tickell's Leaf Warbler,0.021,11.5493648,0.1181,4.1631,149.858,0.017,17.0531194,0.0656,8.941,196.9801,LM
Dusky Warbler,NA,NA,NA,NA,NA,0.027,12.0543778,0.0716,5.989,220.7693,W/P
Common Chiffchaff,NA,NA,NA,NA,NA,0.02,71.0169898,0.131,33.722,224.4491,W/P
White-spectacled Warbler,0.02,7.3550894,0.1045,2.8285,238.2723,NA,NA,NA,NA,NA,R
Gray-cheeked Warbler,0.03,6.3557524,0.0815,3.4983,238.2723,NA,NA,NA,NA,NA,R
Whistler's Warbler,0.02,17.8432076,0.088,9.2925,238.2723,NA,NA,NA,NA,NA,R
Green Warbler,NA,NA,NA,NA,NA,NA,NA,NA,NA,NA,W/P
Greenish Warbler,0.024,15.6022257,0.0752,7.898,149.858,0.104,92.1741449,0.0829,56.1676,196.9801,LM
Large-billed Leaf Warbler,0.027,2.671623,0.0653,1.2581,149.858,0.033,9.9697666,0.0466,6.6313,196.9801,LM
Chestnut-crowned Warbler,0.027,8.0853353,0.078,4.0858,238.2723,NA,NA,NA,NA,NA,R
Yellow-vented Warbler,0.014,7.7783079,0.1183,2.9294,238.2723,NA,NA,NA,NA,NA,R
Western Crowned Warbler,0.068,5.1219082,0.074,2.743,149.858,0.015,13.0681681,0.0603,7.3547,196.9801,LM
Blyth's Leaf Warbler,0.071,5.6731738,0.0635,3.1325,149.858,0.034,7.952999,0.0748,4.1373,196.9801,LM
Gray-hooded Warbler,0.166,22.297052,0.0556,16.4549,238.2723,NA,NA,NA,NA,NA,R
Thick-billed Warbler,NA,NA,NA,NA,NA,0.004,12.3188724,0.0882,5.8632,220.7693,W/P
Booted Warbler,NA,NA,NA,NA,NA,0.018,77.7502227,0.0914,42.2949,232.4067,W/P
Sykes's Warbler,NA,NA,NA,NA,NA,NA,NA,NA,NA,NA,W/P
Paddyfield Warbler,NA,NA,NA,NA,NA,0.007,31.8446093,0.0964,14.3188,224.4491,W/P
Blyth's Reed Warbler,NA,NA,NA,NA,NA,0.082,117.090513,0.0751,65.6384,232.4067,W/P
Striated Grassbird,0.032,14.835167,0.0645,7.9965,238.2723,NA,NA,NA,NA,NA,R
West Himalayan Bush Warbler,NA,NA,NA,0.5609,238.2723,NA,NA,NA,NA,NA,R
Common Tailorbird,0.223,189.4378644,0.0805,134.4848,238.2723,NA,NA,NA,NA,NA,R
Striated Prinia,0.038,16.2010366,0.0673,9.4149,238.2723,NA,NA,NA,NA,NA,R
Himalayan Cuckoo,0.085,7.5513054,0.0587,4.927,145.9395,NA,NA,NA,NA,NA,S
Common Cuckoo,0.015,37.3311309,0.0789,19.2273,228.7149,NA,NA,NA,NA,NA,S
Watercock,0.008,14.1876531,0.0649,6.988,238.2723,NA,NA,NA,NA,NA,S
Besra,NA,NA,NA,12.8903,238.2723,NA,NA,NA,NA,NA,R
Black-capped Kingfisher,0.009,8.5182291,0.0453,4.5079,238.2723,NA,NA,NA,NA,NA,R
Black-headed Cuckooshrike,0.012,24.1818073,0.1247,10.5893,149.858,0.022,36.1698298,0.0788,20.2556,196.9801,LM
Red-rumped Swallow,0.048,132.6356495,0.09,85.9385,238.2723,NA,NA,NA,NA,NA,R
Wallcreeper,NA,NA,NA,NA,NA,0.015,15.0672484,0.1267,6.5374,220.7693,W/P
Yellow-bellied Warbler,0.035,6.4601813,0.0805,3.3878,238.2723,NA,NA,NA,NA,NA,R
Smoky Warbler,NA,NA,NA,NA,NA,0.018,0.9812411,0.0854,0.375,214.9666,W/P
Mountain Chiffchaff,0.214,5.5948466,0.0624,3.1152,238.2723,NA,NA,NA,NA,NA,R
Broad-tailed Grassbird,0.006,2.5223831,0.0808,1.375,238.2723,NA,NA,NA,NA,NA,R
Gray-crowned Prinia,NA,NA,NA,0.375,238.2723,NA,NA,NA,NA,NA,R
Gray-breasted Prinia,0.046,119.0298031,0.0984,65.1148,238.2723,NA,NA,NA,NA,NA,R
Graceful Prinia,0.009,25.9965083,0.091,11.385,238.2723,NA,NA,NA,NA,NA,R
Yellow-bellied Prinia,0.014,18.0239263,0.0876,8.1775,238.2723,NA,NA,NA,NA,NA,R
Ashy Prinia,0.151,167.9781758,0.0739,119.4894,238.2723,NA,NA,NA,NA,NA,R
Plain Prinia,0.061,176.3686742,0.0962,111.204,238.2723,NA,NA,NA,NA,NA,R
Zitting Cisticola,0.021,123.3885752,0.1171,60.6368,238.2723,NA,NA,NA,NA,NA,R
Golden-headed Cisticola,0.013,5.3989942,0.0646,2.4406,238.2723,NA,NA,NA,NA,NA,R
Lesser Whitethroat,0.064,1.9706412,0.0569,1.25,149.858,0.06,80.2659064,0.0853,44.6835,196.9801,LM
Eastern Orphean Warbler,NA,NA,NA,NA,NA,0.006,11.9907422,0.1094,4.408,219.6426,W/P
Yellow-eyed Babbler,0.023,113.4443712,0.1022,57.9862,238.2723,NA,NA,NA,NA,NA,R
Jerdon's Babbler,0.039,2.1119509,0.0771,0.873,238.2723,NA,NA,NA,NA,NA,R
White-breasted Parrotbill,0.018,0.9481557,0.0714,0.6042,238.2723,NA,NA,NA,NA,NA,R
Black-breasted Parrotbill,0.048,1.4309865,0.0869,0.8758,238.2723,NA,NA,NA,NA,NA,R
Striated Yuhina,0.034,6.5050489,0.0875,2.6403,238.2723,NA,NA,NA,NA,NA,R
Whiskered Yuhina,0.079,17.2192551,0.0587,10.9236,238.2723,NA,NA,NA,NA,NA,R
Stripe-throated Yuhina,0.061,6.3275379,0.0578,3.6444,238.2723,NA,NA,NA,NA,NA,R
Black-chinned Yuhina,0.022,7.4074948,0.0568,4.0841,238.2723,NA,NA,NA,NA,NA,R
Oriental White-eye,0.105,143.442045,0.0813,89.4221,238.2723,NA,NA,NA,NA,NA,R
Chestnut-capped Babbler,0.017,7.8175918,0.0762,3.6829,238.2723,NA,NA,NA,NA,NA,R
Pin-striped Tit-Babbler,0.061,14.6012528,0.0625,8.0927,238.2723,NA,NA,NA,NA,NA,R
Tawny-bellied Babbler,0.018,67.6359106,0.0917,34.4248,238.2723,NA,NA,NA,NA,NA,R
Dark-fronted Babbler,0.031,9.5811921,0.0349,7.9502,238.2723,NA,NA,NA,NA,NA,R
Golden Babbler,0.036,7.5380416,0.1013,3.4592,238.2723,NA,NA,NA,NA,NA,R
Rufous-capped Babbler,0.042,8.8218563,0.067,4.5841,238.2723,NA,NA,NA,NA,NA,R
Rufous-throated Wren-Babbler,0.023,1.6466418,0.0394,0.8882,238.2723,NA,NA,NA,NA,NA,R
Bar-winged Wren-Babbler,0.048,0.555395,0.0287,0.4298,238.2723,NA,NA,NA,NA,NA,R
Long-tailed Wren-Babbler,NA,NA,NA,0.3125,238.2723,NA,NA,NA,NA,NA,R
Tawny-breasted Wren-Babbler,NA,NA,NA,0.125,238.2723,NA,NA,NA,NA,NA,R
Slender-billed Scimitar-Babbler,0.029,3.6204589,0.1001,1.8988,238.2723,NA,NA,NA,NA,NA,R
Streak-breasted Scimitar-Babbler,0.032,6.995842,0.0634,3.892,238.2723,NA,NA,NA,NA,NA,R
White-browed Scimitar-Babbler,0.015,14.7096344,0.0802,7.1364,238.2723,NA,NA,NA,NA,NA,R
Spot-breasted Scimitar-Babbler,0.039,3.350541,0.0893,1.4488,238.2723,NA,NA,NA,NA,NA,R
Snowy-throated Babbler,NA,NA,NA,0.1549,238.2723,NA,NA,NA,NA,NA,R
Blackish-breasted Babbler,0.023,0.6093098,0.0628,0.3498,238.2723,NA,NA,NA,NA,NA,R
Chevron-breasted Babbler,0.034,1.0890106,0.085,0.4296,238.2723,NA,NA,NA,NA,NA,R
White-hooded Babbler,0.017,2.6508694,0.0736,1.3972,238.2723,NA,NA,NA,NA,NA,R
Rufous-throated Fulvetta,0.01,0.6897955,0.0691,0.4049,238.2723,NA,NA,NA,NA,NA,R
Rufous-vented Prinia,0.101,1.1556577,0.0502,0.4184,238.2723,NA,NA,NA,NA,NA,R
Swamp Prinia,NA,NA,NA,0.1875,238.2723,NA,NA,NA,NA,NA,R
Puff-throated Babbler,0.044,55.0159811,0.0663,34.3913,238.2723,NA,NA,NA,NA,NA,R
Marsh Babbler,0.041,0.9982813,0.0773,0.375,238.2723,NA,NA,NA,NA,NA,R
Long-billed Wren-Babbler,0.01,1.4858323,0.0631,0.7277,238.2723,NA,NA,NA,NA,NA,R
Abbott's Babbler,0.029,5.8924102,0.0649,2.7182,238.2723,NA,NA,NA,NA,NA,R
Indian Grassbird,0.007,3.289398,0.1144,0.9311,238.2723,NA,NA,NA,NA,NA,R
Ludlow's Fulvetta,0.076,0.7973796,0.0481,0.5849,238.2723,NA,NA,NA,NA,NA,R
Nepal Fulvetta,0.054,9.3252593,0.0738,5.5867,238.2723,NA,NA,NA,NA,NA,R
Striated Laughingthrush,0.066,10.3845079,0.0475,7.1008,238.2723,NA,NA,NA,NA,NA,R
Common Babbler,0.042,97.751175,0.0802,56.4081,238.2723,NA,NA,NA,NA,NA,R
Slender-billed Babbler,0.015,1.6460328,0.0883,0.6883,238.2723,NA,NA,NA,NA,NA,R
Large Gray Babbler,0.059,123.807353,0.0732,79.3304,238.2723,NA,NA,NA,NA,NA,R
Rufous Babbler,0.038,11.54552,0.0364,9.1322,238.2723,NA,NA,NA,NA,NA,R
Jungle Babbler,0.167,170.6724257,0.0719,120.4897,238.2723,NA,NA,NA,NA,NA,R
Yellow-billed Babbler,0.193,47.9304569,0.0488,37.773,238.2723,NA,NA,NA,NA,NA,R
Lesser Necklaced Laughingthrush,0.019,10.292744,0.1231,3.9267,238.2723,NA,NA,NA,NA,NA,R
Spot-breasted Laughingthrush,0.007,3.4454852,0.0076,0.8244,238.2723,NA,NA,NA,NA,NA,R
Moustached Laughingthrush,NA,NA,NA,0.3721,238.2723,NA,NA,NA,NA,NA,R
Rufous-chinned Laughingthrush,0.015,6.0827897,0.0665,2.8558,238.2723,NA,NA,NA,NA,NA,R
Greater Necklaced Laughingthrush,0.023,9.486367,0.1291,4.5686,238.2723,NA,NA,NA,NA,NA,R
Rufous-necked Laughingthrush,0.041,8.858136,0.0701,4.7578,238.2723,NA,NA,NA,NA,NA,R
Chestnut-backed Laughingthrush,NA,NA,NA,0.1875,238.2723,NA,NA,NA,NA,NA,R
Yellow-throated Laughingthrush,0.043,1.6537546,0.0968,0.5596,238.2723,NA,NA,NA,NA,NA,R
Wynaad Laughingthrush,0.008,4.7478032,0.0479,2.6813,238.2723,NA,NA,NA,NA,NA,R
Rufous-vented Laughingthrush,0.002,1.4632999,0.1169,0.5,238.2723,NA,NA,NA,NA,NA,R
Gray-sided Laughingthrush,0.025,2.2370902,0.066,1.1974,238.2723,NA,NA,NA,NA,NA,R
Streaked Laughingthrush,0.217,15.6410251,0.0451,12.2903,238.2723,NA,NA,NA,NA,NA,R
Striped Laughingthrush,0.076,1.277068,0.0791,0.5772,238.2723,NA,NA,NA,NA,NA,R
Brown-capped Laughingthrush,NA,NA,NA,0.25,238.2723,NA,NA,NA,NA,NA,R
Blue-winged Laughingthrush,0.019,3.7890403,0.0948,2.0181,238.2723,NA,NA,NA,NA,NA,R
Assam Laughingthrush,0.057,2.3429952,0.083,0.8272,238.2723,NA,NA,NA,NA,NA,R
Banasura Laughingthrush,NA,NA,NA,0.1875,238.2723,NA,NA,NA,NA,NA,R
Nilgiri Laughingthrush,0.048,0.6329915,0.0322,0.5,238.2723,NA,NA,NA,NA,NA,R
Beautiful Sibia,0.219,3.6506993,0.0637,1.9923,238.2723,NA,NA,NA,NA,NA,R
Silver-eared Mesia,0.054,9.2706938,0.0614,5.5528,238.2723,NA,NA,NA,NA,NA,R
Bugun Liocichla,NA,NA,NA,0.0625,238.2723,NA,NA,NA,NA,NA,R
Red-faced Liocichla,0.025,4.7669555,0.1049,2.4345,238.2723,NA,NA,NA,NA,NA,R
Hoary-throated Barwing,0.042,1.5277769,0.0455,1.135,238.2723,NA,NA,NA,NA,NA,R
Streak-throated Barwing,0.032,3.283678,0.1088,1.0701,238.2723,NA,NA,NA,NA,NA,R
Rusty-fronted Barwing,0.067,5.7670705,0.0774,3.1085,238.2723,NA,NA,NA,NA,NA,R
Blue-winged Minla,0.042,10.585855,0.0592,5.7921,238.2723,NA,NA,NA,NA,NA,R
Chestnut-tailed Minla,0.047,10.3726857,0.0584,6.2229,238.2723,NA,NA,NA,NA,NA,R
Asian Fairy-bluebird,0.066,18.8654244,0.0415,13.6763,238.2723,NA,NA,NA,NA,NA,R
Dark-sided Flycatcher,0.03,6.9933966,0.0854,3.4692,149.858,0.009,1.5372705,0.084,0.8652,196.9801,LM
Asian Brown Flycatcher,0.007,14.1756328,0.1433,5.5056,149.858,0.038,50.1185224,0.0861,27.2053,196.9801,LM
Brown-breasted Flycatcher,NA,NA,NA,NA,NA,0.021,18.9182652,0.0503,12.0764,224.4491,W/P
Oriental Magpie-Robin,0.202,193.7238663,0.0849,137.1874,238.2723,NA,NA,NA,NA,NA,R
White-rumped Shama,0.032,49.9835522,0.0672,28.0914,238.2723,NA,NA,NA,NA,NA,R
Andaman Shama,0.11,0.4863068,0.0283,0.3604,238.2723,NA,NA,NA,NA,NA,R
White-bellied Sholakili,0.113,1.0657352,0.0347,0.8125,238.2723,NA,NA,NA,NA,NA,R
White-bellied Blue Flycatcher,0.021,10.8645362,0.0415,7.9668,238.2723,NA,NA,NA,NA,NA,R
Pale-chinned Blue Flycatcher,0.046,7.6546606,0.0672,4.0797,238.2723,NA,NA,NA,NA,NA,R
Blue-throated Flycatcher,0.022,5.0494669,0.0856,2.6412,149.858,0.018,11.5926273,0.0586,6.2982,196.9801,LM
Large Blue Flycatcher,NA,NA,NA,NA,NA,NA,NA,NA,NA,NA,S
Tickell's Blue Flycatcher,0.051,84.1720476,0.0761,50.4686,238.2723,NA,NA,NA,NA,NA,R
Nicobar Jungle-Flycatcher,NA,NA,NA,0.0769,238.2723,NA,NA,NA,NA,NA,R
Large Niltava,0.03,7.902259,0.0884,3.9934,238.2723,NA,NA,NA,NA,NA,R
Small Niltava,0.028,16.5233866,0.084,8.9449,238.2723,NA,NA,NA,NA,NA,R
Rufous-bellied Niltava,0.031,16.514507,0.0647,9.7117,238.2723,NA,NA,NA,NA,NA,R
Nilgiri Flycatcher,0.05,4.0704318,0.0328,2.875,238.2723,NA,NA,NA,NA,NA,R
Verditer Flycatcher,0.206,11.7349202,0.0522,8.3803,149.858,0.029,55.9704502,0.0886,29.3253,196.9801,LM
Gould's Shortwing,0.003,0.8806343,0.0342,0.3711,238.2723,NA,NA,NA,NA,NA,R
Lesser Shortwing,0.015,8.3629116,0.1139,3.0173,238.2723,NA,NA,NA,NA,NA,R
Indian Blue Robin,0.045,5.4397427,0.0732,2.742,149.858,0.027,9.0432544,0.0468,5.9308,196.9801,LM
Bluethroat,0.068,0.9807781,0.0683,0.5625,149.858,0.022,56.4738304,0.0895,27.7979,196.9801,LM
Malabar Whistling-Thrush,0.079,18.7470431,0.0363,14.6085,238.2723,NA,NA,NA,NA,NA,R
Blue Whistling-Thrush,0.24,30.5716709,0.0508,22.8784,238.2723,NA,NA,NA,NA,NA,R
Little Forktail,0.024,15.3638852,0.0755,8.2005,238.2723,NA,NA,NA,NA,NA,R
Spotted Forktail,0.048,16.6013821,0.0612,10.9599,238.2723,NA,NA,NA,NA,NA,R
Black-backed Forktail,0.028,10.9888868,0.0842,5.3994,238.2723,NA,NA,NA,NA,NA,R
Slaty-backed Forktail,0.02,10.2618886,0.0721,5.1832,238.2723,NA,NA,NA,NA,NA,R
Siberian Rubythroat,NA,NA,NA,NA,NA,0.009,4.9652817,0.092,2.0816,220.7693,W/P
Himalayan Rubythroat,0.01,11.9599905,0.1296,4.2471,238.2723,NA,NA,NA,NA,NA,R
White-tailed Robin,0.013,7.8470161,0.1126,3.38,238.2723,NA,NA,NA,NA,NA,R
Blue-fronted Robin,0.005,2.4459591,0.0924,0.7894,238.2723,NA,NA,NA,NA,NA,R
Himalayan Bluetail,0.052,14.8011995,0.0659,8.4495,238.2723,NA,NA,NA,NA,NA,R
Rufous-breasted Bush-Robin,0.023,2.6956664,0.0717,1.5212,238.2723,NA,NA,NA,NA,NA,R
Golden Bush-Robin,0.015,9.9338485,0.0981,4.7793,238.2723,NA,NA,NA,NA,NA,R
Black-and-orange Flycatcher,0.052,3.3119233,0.0383,2.125,238.2723,NA,NA,NA,NA,NA,R
Slaty-blue Flycatcher,0.019,18.8223648,0.1213,9.0282,238.2723,NA,NA,NA,NA,NA,R
Snowy-browed Flycatcher,0.006,11.9281579,0.1385,4.183,238.2723,NA,NA,NA,NA,NA,R
Pygmy Flycatcher,0.006,6.4484125,0.1331,2.1944,238.2723,NA,NA,NA,NA,NA,R
Rufous-gorgeted Flycatcher,0.027,16.7982673,0.0776,8.712,238.2723,NA,NA,NA,NA,NA,R
Little Pied Flycatcher,0.016,13.9430593,0.0963,6.7653,238.2723,NA,NA,NA,NA,NA,R
Ultramarine Flycatcher,0.136,6.7374955,0.0593,4.4884,149.858,0.009,19.0271697,0.1268,6.7976,196.9801,LM
Rusty-tailed Flycatcher,0.02,1.7892248,0.1978,0.5,149.858,0.022,5.4379364,0.0419,3.5476,196.9801,LM
Taiga Flycatcher,NA,NA,NA,NA,NA,NA,NA,NA,NA,NA,W/P
Kashmir Flycatcher,0.043,0.9338504,0.0429,0.1875,149.858,0.031,0.2346011,0.0269,0.1875,196.9801,LM
Plumbeous Redstart,0.088,26.0587375,0.0644,17.6212,238.2723,NA,NA,NA,NA,NA,R
White-capped Redstart,0.101,29.6250991,0.0622,20.1556,238.2723,NA,NA,NA,NA,NA,R
White-winged Redstart,0.127,7.1820186,0.0603,3.9276,238.2723,NA,NA,NA,NA,NA,R
Black Redstart,0.177,8.1064145,0.0503,5.8932,149.858,0.076,81.2940738,0.0813,46.1413,196.9801,LM
Chestnut-bellied Rock-Thrush,0.033,17.2438466,0.0651,10.555,238.2723,NA,NA,NA,NA,NA,R
Blue-capped Rock-Thrush,0.04,10.3561617,0.1535,5.3988,149.858,0.033,17.1970936,0.0519,11.118,196.9801,LM
Blue Rock-Thrush,0.034,5.2548995,0.0812,2.2875,149.858,0.019,56.6823178,0.1083,24.1488,196.9801,LM
White-browed Bushchat,0.024,5.2820416,0.0773,2.3946,238.2723,NA,NA,NA,NA,NA,R
White-throated Bushchat,NA,NA,NA,NA,NA,NA,NA,NA,NA,NA,W/P
Siberian Stonechat,0.019,14.1727805,0.197,6.2268,149.858,0.053,99.9084766,0.0848,58.7122,196.9801,LM
Pied Bushchat,0.106,61.8691059,0.0723,39.703,149.858,0.091,120.9513695,0.0841,77.6759,196.9801,LM
Gray Bushchat,0.124,29.8413913,0.0593,20.5746,238.2723,NA,NA,NA,NA,NA,R
Indian Chat,0.077,76.1251744,0.0871,42.3124,238.2723,NA,NA,NA,NA,NA,R
Variable Wheatear,NA,NA,NA,NA,NA,0.076,19.0140038,0.0795,10.8952,223.3268,W/P
Desert Wheatear,0.238,3.5808028,0.0735,2.1152,149.858,0.083,21.1724529,0.0707,11.9801,196.9801,LM
Isabelline Wheatear,NA,NA,NA,NA,NA,0.048,14.8357262,0.0807,7.9674,219.6426,W/P
Alpine Thrush,0.011,5.4674689,0.085,2.3688,238.2723,NA,NA,NA,NA,NA,R
Long-billed Thrush,0.009,6.6055337,0.0862,2.8541,238.2723,NA,NA,NA,NA,NA,R
Scaly Thrush,0.006,16.1032668,0.2855,6.5837,238.2723,NA,NA,NA,NA,NA,R
Nilgiri Thrush,0.005,2.3250621,0.0526,1.2964,238.2723,NA,NA,NA,NA,NA,R
Purple Cochoa,0.009,0.6055941,0.1547,0.1875,149.858,0.004,0.4419439,0.0554,0.25,196.9801,LM
Pied Thrush,0.029,1.0138856,0.1341,0.375,149.858,NA,NA,NA,0,0,LM
Orange-headed Thrush,0.066,25.7854807,0.0617,15.9617,149.858,0.048,33.7715342,0.0649,20.2612,196.9801,LM
Mistle Thrush,0.032,8.8654776,0.0748,4.8125,238.2723,NA,NA,NA,NA,NA,R
Gray-winged Blackbird,0.044,16.6108884,0.0643,10.5648,238.2723,NA,NA,NA,NA,NA,R
Indian Blackbird,0.077,10.6462976,0.0483,6.5992,149.858,0.036,14.9150126,0.0461,10.2946,196.9801,LM
Tickell's Thrush,0.044,5.7200428,0.069,2.8865,149.858,0.004,6.379201,0.1241,2.3782,196.9801,LM
White-collared Blackbird,0.03,8.622357,0.0639,5.3544,238.2723,NA,NA,NA,NA,NA,R
European Starling,0.25,0.7553054,0.0303,0.5625,149.858,0.026,13.0371474,0.1346,5.6179,196.9801,LM
Rosy Starling,NA,NA,NA,NA,NA,0.031,121.625617,0.1123,62.703,235.2944,W/P
Asian Pied Starling,0.159,130.1972358,0.0625,92.5579,238.2723,NA,NA,NA,NA,NA,R
Brahminy Starling,0.075,174.8311888,0.0836,118.0335,238.2723,NA,NA,NA,NA,NA,R
Chestnut-tailed Starling,0.024,102.6235405,0.0978,58.072,238.2723,NA,NA,NA,NA,NA,R
Malabar Starling,0.023,12.5192806,0.0369,10.0216,238.2723,NA,NA,NA,NA,NA,R
White-headed Starling,0.235,0.5012876,0.0041,0.4043,238.2723,NA,NA,NA,NA,NA,R
Common Myna,0.401,222.6630139,0.0623,186.4388,238.2723,NA,NA,NA,NA,NA,R
Bank Myna,0.055,88.377533,0.0771,53.7029,238.2723,NA,NA,NA,NA,NA,R
Jungle Myna,0.096,93.7465341,0.0674,64.2383,238.2723,NA,NA,NA,NA,NA,R
Great Myna,0.047,9.8992458,0.0586,6.3006,238.2723,NA,NA,NA,NA,NA,R
Spot-winged Starling,0.022,1.0605759,0.0509,0.625,149.858,0.004,0.9656504,0.0881,0.3777,196.9801,LM
Jerdon's Leafbird,0.023,63.9781236,0.0809,37.4193,238.2723,NA,NA,NA,NA,NA,R
Orange-bellied Leafbird,0.027,14.8959057,0.0775,8.2422,238.2723,NA,NA,NA,NA,NA,R
Thick-billed Flowerpecker,0.017,91.6001346,0.1046,45.2486,238.2723,NA,NA,NA,NA,NA,R
Pale-billed Flowerpecker,0.091,95.1436531,0.0736,62.4871,238.2723,NA,NA,NA,NA,NA,R
Nilgiri Flowerpecker,0.085,15.6180508,0.0357,12.5087,238.2723,NA,NA,NA,NA,NA,R
Plain Flowerpecker,0.017,13.1467185,0.1057,5.5392,238.2723,NA,NA,NA,NA,NA,R
Andaman Flowerpecker,0.185,0.4865748,0.0058,0.3925,238.2723,NA,NA,NA,NA,NA,R
Fire-breasted Flowerpecker,0.045,14.0823817,0.0636,7.9138,238.2723,NA,NA,NA,NA,NA,R
Scarlet-backed Flowerpecker,0.043,11.4645365,0.0772,6.5718,238.2723,NA,NA,NA,NA,NA,R
Ruby-cheeked Sunbird,0.018,9.0099825,0.1034,3.7803,238.2723,NA,NA,NA,NA,NA,R
Purple-rumped Sunbird,0.212,120.3992323,0.07,87.6018,238.2723,NA,NA,NA,NA,NA,R
Purple Sunbird,0.183,200.3769134,0.0767,147.9031,238.2723,NA,NA,NA,NA,NA,R
Fire-tailed Sunbird,0.027,9.1414475,0.0686,4.7966,238.2723,NA,NA,NA,NA,NA,R
Black-throated Sunbird,0.026,11.5572002,0.0689,6.1169,238.2723,NA,NA,NA,NA,NA,R
Gould's Sunbird,0.02,10.200506,0.0749,5.3699,238.2723,NA,NA,NA,NA,NA,R
Green-tailed Sunbird,0.072,11.9004613,0.0577,7.0859,238.2723,NA,NA,NA,NA,NA,R
Vigors's Sunbird,0.061,6.7303524,0.0495,4.9259,238.2723,NA,NA,NA,NA,NA,R
Crimson Sunbird,0.059,26.275844,0.0739,15.6826,238.2723,NA,NA,NA,NA,NA,R
Little Spiderhunter,0.034,22.1702319,0.0545,14.3429,238.2723,NA,NA,NA,NA,NA,R
Streaked Spiderhunter,0.075,10.4299002,0.059,6.6274,238.2723,NA,NA,NA,NA,NA,R
Alpine Accentor,0.037,10.5492901,0.0755,5.1644,238.2723,NA,NA,NA,NA,NA,R
Robin Accentor,0.05,9.0342611,0.0961,4.9836,238.2723,NA,NA,NA,NA,NA,R
Rufous-breasted Accentor,0.031,14.4244188,0.068,8.0995,238.2723,NA,NA,NA,NA,NA,R
Forest Wagtail,NA,NA,NA,NA,NA,0.013,23.8132404,0.0607,13.511,229.4424,W/P
Gray Wagtail,0.038,17.1348799,0.0688,9.5637,149.858,0.074,115.2153571,0.0986,68.6307,196.9801,LM
Western Yellow Wagtail,NA,NA,NA,NA,NA,0.029,126.7591155,0.1037,71.3977,229.4424,W/P
Citrine Wagtail,0.119,8.7204259,0.0753,5.4277,149.858,0.032,73.9757566,0.0903,38.0194,196.9801,LM
White-browed Wagtail,0.068,162.0723614,0.0968,101.0505,238.2723,NA,NA,NA,NA,NA,R
White Wagtail,NA,NA,NA,NA,NA,0.044,161.7395218,0.0984,96.6207,238.2723,W/P
Richard's Pipit,NA,NA,NA,NA,NA,0.003,15.1985997,0.0969,6.4992,220.7693,W/P
Paddyfield Pipit,0.04,173.8789177,0.1149,102.7131,238.2723,NA,NA,NA,NA,NA,R
Blyth's Pipit,NA,NA,NA,NA,NA,0.001,16.2595055,0.1653,5.5066,220.7693,W/P
Tawny Pipit,NA,NA,NA,NA,NA,0.013,50.249065,0.0947,23.8014,224.4491,W/P
Rosy Pipit,0.026,9.0602184,0.1102,3.1243,149.858,0.01,14.1877409,0.1254,5.562,196.9801,LM
Tree Pipit,0.005,1.6015023,0.1769,0.25,149.858,0.019,56.7402774,0.1116,27.1393,196.9801,LM
Olive-backed Pipit,0.022,4.2873222,0.0807,2.0272,149.858,0.026,40.7407513,0.0895,19.7134,196.9801,LM
Collared Grosbeak,0.006,4.1252489,0.1011,1.9498,238.2723,NA,NA,NA,NA,NA,R
Common Rosefinch,0.084,14.4383833,0.0701,8.6178,149.858,0.026,40.8606015,0.0832,19.9342,196.9801,LM
Scarlet Finch,0.02,4.8745929,0.0732,2.6483,238.2723,NA,NA,NA,NA,NA,R
Pink-browed Rosefinch,0.054,10.9374918,0.0591,6.9587,238.2723,NA,NA,NA,NA,NA,R
Spot-winged Rosefinch,0.018,2.2761112,0.0817,1.157,238.2723,NA,NA,NA,NA,NA,R
Himalayan White-browed Rosefinch,0.013,6.0549841,0.104,2.4347,238.2723,NA,NA,NA,NA,NA,R
Red-headed Bullfinch,0.02,6.8921488,0.0767,3.7328,238.2723,NA,NA,NA,NA,NA,R
Gold-naped Finch,0.024,2.6601427,0.0893,1.3192,238.2723,NA,NA,NA,NA,NA,R
Spectacled Finch,0.006,6.5038354,0.1012,2.0625,238.2723,NA,NA,NA,NA,NA,R
Dark-breasted Rosefinch,0.031,8.1303333,0.0728,4.3168,238.2723,NA,NA,NA,NA,NA,R
Plain Mountain-Finch,0.052,15.54389,0.0688,9.0451,238.2723,NA,NA,NA,NA,NA,R
Yellow-breasted Greenfinch,0.056,17.4718095,0.0849,10.7759,238.2723,NA,NA,NA,NA,NA,R
European Goldfinch,0.03,11.5359172,0.073,6.191,238.2723,NA,NA,NA,NA,NA,R
Fire-fronted Serin,0.043,13.3102318,0.0718,7.7188,238.2723,NA,NA,NA,NA,NA,R
Crested Bunting,0.04,10.4925361,0.0692,5.3009,149.858,0.017,8.7379521,0.0825,3.7478,196.9801,LM
Black-headed Bunting,NA,NA,NA,NA,NA,0.015,15.7617643,0.0767,7.1124,219.6426,W/P
Red-headed Bunting,NA,NA,NA,NA,NA,0.008,16.771658,0.0911,7.4541,224.4491,W/P
Rock Bunting,0.077,18.8845207,0.0539,13.6769,238.2723,NA,NA,NA,NA,NA,R
Chestnut-breasted Bunting,0.219,0.7528218,0.0848,0.368,149.858,0.025,6.1529896,0.0662,3.436,196.9801,LM
Gray-necked Bunting,NA,NA,NA,NA,NA,0.016,13.5539488,0.0738,6.2252,224.4491,W/P
House Sparrow,0.183,113.2427374,0.0943,75.4365,149.858,0.158,168.6543546,0.0953,115.8315,196.9801,LM
Sind Sparrow,0.031,6.8524558,0.0637,3.8385,238.2723,NA,NA,NA,NA,NA,R
Russet Sparrow,0.124,21.0505426,0.051,14.8466,238.2723,NA,NA,NA,NA,NA,R
Eurasian Tree Sparrow,0.099,18.2531676,0.0575,11.5192,238.2723,NA,NA,NA,NA,NA,R
Streaked Weaver,0.006,38.7014775,0.0989,16.3061,238.2723,NA,NA,NA,NA,NA,R
Baya Weaver,0.048,157.9742045,0.1078,90.7826,238.2723,NA,NA,NA,NA,NA,R
Bengal Weaver,0.015,32.2442885,0.0897,14.3222,238.2723,NA,NA,NA,NA,NA,R
Red Avadavat,0.021,93.9219201,0.0965,47.2633,238.2723,NA,NA,NA,NA,NA,R
White-rumped Munia,0.033,72.2911162,0.0842,41.3664,238.2723,NA,NA,NA,NA,NA,R
Black-throated Munia,0.017,11.1418565,0.0384,8.724,238.2723,NA,NA,NA,NA,NA,R
Scaly-breasted Munia,0.058,166.225373,0.1123,96.8688,238.2723,NA,NA,NA,NA,NA,R
Tricolored Munia,0.014,95.7051818,0.1223,44.9348,238.2723,NA,NA,NA,NA,NA,R
Nepal House-Martin,0.022,2.7922101,0.0798,1.4809,149.858,0.015,3.9209805,0.1093,1.9179,196.9801,LM
Rusty-bellied Shortwing,0.009,2.2386757,0.1041,1.0833,238.2723,NA,NA,NA,NA,NA,R
Long-billed Pipit,NA,NA,NA,NA,NA,0.009,19.9968731,0.0901,7.3971,224.4491,W/P
Orange Bullfinch,0.015,2.2385453,0.0977,0.75,238.2723,NA,NA,NA,NA,NA,R
Blyth's Swift,0.017,1.2359222,0.0941,0.6173,149.858,0.001,2.6535455,0.0985,0.878,196.9801,LM
Common Tern,0.06,4.0941071,0.048,2.1538,149.858,0.014,8.0744032,0.0599,3.4302,196.9801,LM
Andaman Drongo,0.295,0.5788416,1.00E-04,0.5373,238.2723,NA,NA,NA,NA,NA,R
Bristled Grassbird,0.03,0.9582267,0.0405,0.4999,149.858,0,0.5035034,0.2777,0.25,196.9801,LM
Upland Pipit,0.005,8.6317672,0.1336,3.5625,238.2723,NA,NA,NA,NA,NA,R
Fork-tailed Drongo-Cuckoo,0.018,5.0003648,0.0842,2.6933,149.858,0.01,8.3658836,0.0616,4.7948,196.9801,LM
Chestnut Munia,NA,NA,NA,NA,NA,NA,NA,NA,NA,NA,R
Common Kingfisher,0.056,183.1182754,0.1177,111.1986,238.2723,NA,NA,NA,NA,NA,R
Clamorous Reed Warbler,0.005,7.4426266,0.091,2.7106,149.858,NA,NA,NA,33.3567,196.9801,LM
Chinese Rubythroat,0.292,0.1825799,0.0205,0.1157,149.858,NA,NA,NA,0.125,196.9801,LM
Tibetan Blackbird,0.009,0.9941747,0.2579,0.1875,149.858,NA,NA,NA,0.25,196.9801,LM
Temminck's Stint,NA,NA,NA,NA,NA,NA,NA,NA,29.2548,232.4067,W/P
Common Snipe,NA,NA,NA,NA,NA,NA,NA,NA,35.267,224.4491,W/P
Common Sandpiper,NA,NA,NA,NA,NA,NA,NA,NA,95.9124,238.2723,W/P
Marsh Sandpiper,NA,NA,NA,NA,NA,NA,NA,NA,33.1612,238.2723,W/P
Ward's Trogon,NA,NA,NA,0.2277,238.2723,NA,NA,NA,NA,NA,R
Mountain Bamboo-Partridge,0.106,3.1075897,0.0735,1.3149,238.2723,NA,NA,NA,NA,NA,R
Blood Pheasant,0.035,1.1155538,0.0503,0.4934,238.2723,NA,NA,NA,NA,NA,R
Ashy Wood-Pigeon,0.006,2.1100197,0.0769,0.9686,238.2723,NA,NA,NA,NA,NA,R
Jerdon's Baza,0.003,11.6227789,0.133,3.8036,238.2723,NA,NA,NA,NA,NA,R
Darjeeling Woodpecker,0.027,3.5521269,0.084,1.9122,238.2723,NA,NA,NA,NA,NA,R
Pale-headed Woodpecker,0.01,5.1596364,0.162,1.5747,238.2723,NA,NA,NA,NA,NA,R
Black-headed Shrike-Babbler,0.013,4.4434053,0.1115,1.6908,238.2723,NA,NA,NA,NA,NA,R
Black-browed Tit,0.021,2.6313149,0.0939,1.269,238.2723,NA,NA,NA,NA,NA,R
Hodgson's Treecreeper,0.012,11.3083468,0.1084,4.7309,238.2723,NA,NA,NA,NA,NA,R
Pale-footed Bush Warbler,0.002,1.5824875,0.1148,0.5388,238.2723,NA,NA,NA,NA,NA,R
Golden-spectacled Warbler,0.027,1.1469532,0.119,0.5054,149.858,NA,NA,NA,0.0625,196.9801,LM
Spotted Bush Warbler,0.011,2.6535167,0.0635,0.9963,238.2723,NA,NA,NA,NA,NA,R
Black-throated Prinia,0.039,4.8666102,0.0779,2.5255,238.2723,NA,NA,NA,NA,NA,R
White-browed Fulvetta,0.047,3.4891577,0.063,1.9682,238.2723,NA,NA,NA,NA,NA,R
Pale-billed Parrotbill,0.018,2.1596158,0.1017,0.9352,238.2723,NA,NA,NA,NA,NA,R
Black-throated Parrotbill,0.027,4.7458794,0.111,1.9833,238.2723,NA,NA,NA,NA,NA,R
White-naped Yuhina,0.033,4.4020982,0.0607,2.5113,238.2723,NA,NA,NA,NA,NA,R
Rufous-vented Yuhina,0.06,3.6226455,0.087,2.0943,238.2723,NA,NA,NA,NA,NA,R
Buff-chested Babbler,0.012,4.7938408,0.1491,1.725,238.2723,NA,NA,NA,NA,NA,R
Yellow-throated Fulvetta,0.055,2.4467539,0.0507,1.3253,238.2723,NA,NA,NA,NA,NA,R
Himalayan Cutia,0.022,3.3610847,0.0526,1.7421,238.2723,NA,NA,NA,NA,NA,R
Bhutan Laughingthrush,0.066,0.7958099,0.0679,0.6083,238.2723,NA,NA,NA,NA,NA,R
Red-tailed Minla,0.044,6.6607419,0.0983,2.9777,238.2723,NA,NA,NA,NA,NA,R
Rufous-backed Sibia,0.058,3.2090975,0.0692,1.6391,238.2723,NA,NA,NA,NA,NA,R
White-gorgeted Flycatcher,0.004,4.932822,0.2523,1.2795,238.2723,NA,NA,NA,NA,NA,R
Sapphire Flycatcher,0.01,5.8528744,0.1119,2.1626,238.2723,NA,NA,NA,NA,NA,R
Grandala,0.033,2.1249721,0.0517,1.2091,238.2723,NA,NA,NA,NA,NA,R
Long-tailed Thrush,0.002,5.5099758,0.1664,1.6963,238.2723,NA,NA,NA,NA,NA,R
Dark-sided Thrush,0.001,2.7237305,0.1889,0.6438,238.2723,NA,NA,NA,NA,NA,R
Himalayan Accentor,NA,NA,NA,NA,NA,0.017,2.4930553,0.0838,1.0375,214.9666,W/P
Black-throated Accentor,NA,NA,NA,NA,NA,0.026,5.8234612,0.0827,2.8125,208.3546,W/P
Maroon-backed Accentor,0.011,1.733759,0.0748,0.9242,238.2723,NA,NA,NA,NA,NA,R
Black-and-yellow Grosbeak,0.028,7.8294917,0.0733,4.1245,238.2723,NA,NA,NA,NA,NA,R
Spot-winged Grosbeak,0.013,6.424507,0.0789,2.9103,238.2723,NA,NA,NA,NA,NA,R
Crimson-browed Finch,0.012,2.3697482,0.0763,1.1523,238.2723,NA,NA,NA,NA,NA,R
Brown Bullfinch,0.006,4.9122206,0.1243,1.8962,238.2723,NA,NA,NA,NA,NA,R
Fire-capped Tit,0.005,4.0163889,0.0948,1.5548,238.2723,NA,NA,NA,NA,NA,R
Yellow-legged Buttonquail,0.001,20.9791125,0.2013,5.4319,238.2723,NA,NA,NA,NA,NA,R
Blyth's Rosefinch,0.002,2.9766068,0.1309,0.4375,238.2723,NA,NA,NA,NA,NA,R
Lesser Whistling-Duck,0.056,149.898761,0.0987,86.3417,238.3973,NA,NA,NA,NA,NA,R
Cotton Pygmy-Goose,0.021,100.1270602,0.1013,49.7269,238.3973,NA,NA,NA,NA,NA,R
Andaman Teal,0.056,0.3523681,0.0315,0.1679,238.3973,NA,NA,NA,NA,NA,R
Nicobar Scrubfowl,NA,NA,NA,0.0769,238.3973,NA,NA,NA,NA,NA,R
Painted Bush-Quail,0.01,4.0299632,0.048,2.5625,238.3973,NA,NA,NA,NA,NA,R
Black Francolin,0.037,35.4794869,0.0888,18.8716,238.3973,NA,NA,NA,NA,NA,R
Yellow-footed Pigeon,0.038,129.0298234,0.0907,74.8918,238.3973,NA,NA,NA,NA,NA,R
Green Imperial-Pigeon,0.03,23.6102682,0.0494,14.7025,238.3973,NA,NA,NA,NA,NA,R
Nicobar Imperial-Pigeon,0.252,0.1149693,0.0148,0.1042,238.3973,NA,NA,NA,NA,NA,R
Indian Bustard,0.126,2.3148767,0.1163,1.3348,238.3973,NA,NA,NA,NA,NA,R
Lesser Florican,0.023,3.0278956,0.063,1.1994,238.3973,NA,NA,NA,NA,NA,R
Sociable Lapwing,NA,NA,NA,NA,NA,0.044,0.5227379,0.0704,0.3125,159.9007,W/P
Black-bellied Tern,0.017,4.1624851,0.0678,2.1791,238.3973,NA,NA,NA,NA,NA,R
Indian Skimmer,0.019,3.4796179,0.057,1.8214,238.3973,NA,NA,NA,NA,NA,R
Greater Adjutant,0.067,4.6349154,0.0774,2.6005,238.3973,NA,NA,NA,NA,NA,R
Malayan Night-Heron,0.008,6.1720565,0.0675,2.4909,238.3973,NA,NA,NA,NA,NA,R
Brown Fish-Owl,0.013,48.4442023,0.0922,22.8718,238.3973,NA,NA,NA,NA,NA,R
Jungle Owlet,0.054,61.2457453,0.0704,36.1173,238.3973,NA,NA,NA,NA,NA,R
Great Hornbill,0.03,16.0028477,0.0487,10.385,238.3973,NA,NA,NA,NA,NA,R
Brown Hornbill,0.023,0.6750084,0.0522,0.4049,238.3973,NA,NA,NA,NA,NA,R
Malabar Gray Hornbill,0.099,13.2610021,0.0363,10.7848,238.3973,NA,NA,NA,NA,NA,R
Blue-eared Kingfisher,0.012,12.4875463,0.0597,6.0226,238.3973,NA,NA,NA,NA,NA,R
Brown-capped Woodpecker,0.017,67.8942075,0.0906,34.3739,238.3973,NA,NA,NA,NA,NA,R
Yellow-crowned Woodpecker,0.011,84.4647678,0.1082,37.6848,238.3973,NA,NA,NA,NA,NA,R
White-bellied Woodpecker,0.018,8.597704,0.0393,6.3944,238.3973,NA,NA,NA,NA,NA,R
Slaty-headed Parakeet,0.094,11.2935814,0.0619,8.6707,238.3973,NA,NA,NA,NA,NA,R
Nicobar Parakeet,NA,NA,NA,0.0953,238.3973,NA,NA,NA,NA,NA,R
Large Woodshrike,0.015,14.5949752,0.0879,6.8895,238.3973,NA,NA,NA,NA,NA,R
Long-tailed Minivet,0.044,29.3514585,0.0712,17.8463,238.3973,NA,NA,NA,NA,NA,R
Orange Minivet,0.091,19.6757811,0.0369,15.9104,238.3973,NA,NA,NA,NA,NA,R
Bay-backed Shrike,0.028,129.4043637,0.0948,72.9848,238.3973,NA,NA,NA,NA,NA,R
Lesser Racket-tailed Drongo,0.027,14.433654,0.0694,7.7464,238.3973,NA,NA,NA,NA,NA,R
White-browed Fantail,0.028,85.5428955,0.0857,45.1278,238.3973,NA,NA,NA,NA,NA,R
Common Raven,0.04,19.3355067,0.0825,10.2299,238.3973,NA,NA,NA,NA,NA,R
Cinereous Tit,0.077,121.3030934,0.0784,75.3656,238.3973,NA,NA,NA,NA,NA,R
Indian Yellow Tit,0.035,41.8718308,0.0705,23.7209,238.3973,NA,NA,NA,NA,NA,R
Indian Nuthatch,0.014,24.9173403,0.0873,12.1539,238.3973,NA,NA,NA,NA,NA,R
Sikkim Treecreeper,0.029,2.1787235,0.0505,1.3985,238.3973,NA,NA,NA,NA,NA,R
Flame-throated Bulbul,0.049,9.6077059,0.0312,8.3072,238.3973,NA,NA,NA,NA,NA,R
Himalayan Bulbul,0.352,17.2206587,0.0441,14.6492,238.3973,NA,NA,NA,NA,NA,R
Rufous-fronted Prinia,0.012,34.5094692,0.1045,14.3329,238.3973,NA,NA,NA,NA,NA,R
Jungle Prinia,0.019,92.5489197,0.1033,45.6229,238.3973,NA,NA,NA,NA,NA,R
Fire-tailed Myzornis,0.027,2.3605382,0.066,1.264,238.3973,NA,NA,NA,NA,NA,R
Black-chinned Babbler,0.065,9.8298835,0.051,7.257,238.3973,NA,NA,NA,NA,NA,R
Rusty-throated Wren-Babbler,0.096,0.7080384,0.069,0.3125,238.3973,NA,NA,NA,NA,NA,R
Indian Scimitar-Babbler,0.055,27.5772435,0.0486,18.5043,238.3973,NA,NA,NA,NA,NA,R
Rusty-cheeked Scimitar-Babbler,0.074,10.6144658,0.0477,7.7674,238.3973,NA,NA,NA,NA,NA,R
Brown-cheeked Fulvetta,0.045,28.4993583,0.0539,18.2418,238.3973,NA,NA,NA,NA,NA,R
Striated Babbler,0.021,17.3220339,0.0728,8.8595,238.3973,NA,NA,NA,NA,NA,R
White-crested Laughingthrush,0.04,13.1159831,0.0696,7.4106,238.3973,NA,NA,NA,NA,NA,R
White-throated Laughingthrush,0.066,9.2572243,0.0432,6.6566,238.3973,NA,NA,NA,NA,NA,R
Scaly Laughingthrush,0.017,2.0996567,0.0604,0.9977,238.3973,NA,NA,NA,NA,NA,R
Variegated Laughingthrush,0.121,10.0637676,0.0529,6.9257,238.3973,NA,NA,NA,NA,NA,R
Chestnut-crowned Laughingthrush,0.091,8.9994844,0.0495,6.4571,238.3973,NA,NA,NA,NA,NA,R
Palani Laughingthrush,0.109,1.3454421,0.0347,1,238.3973,NA,NA,NA,NA,NA,R
Ashambu Laughingthrush,NA,NA,NA,0.1875,238.3973,NA,NA,NA,NA,NA,R
Rufous Sibia,0.16,11.1658442,0.048,8.4333,238.3973,NA,NA,NA,NA,NA,R
Gray Sibia,0.282,3.7331113,0.0621,2.3717,238.3973,NA,NA,NA,NA,NA,R
Red-billed Leiothrix,0.052,10.244479,0.0668,6.0906,238.3973,NA,NA,NA,NA,NA,R
Indian Robin,0.136,180.9643486,0.069,135.1858,238.3973,NA,NA,NA,NA,NA,R
Nilgiri Sholakili,0.008,1.5986807,0.0419,0.625,238.3973,NA,NA,NA,NA,NA,R
Red-breasted Flycatcher,NA,NA,NA,NA,NA,0.04,68.8682703,0.0899,36.5505,224.6366,W/P
Blue-fronted Redstart,0.065,16.6401098,0.0602,10.2688,238.3973,NA,NA,NA,NA,NA,R
Blue-capped Redstart,0.044,12.1112653,0.0596,7.5374,238.3973,NA,NA,NA,NA,NA,R
Common Hill Myna,0.08,16.4128631,0.0755,9.4873,238.3973,NA,NA,NA,NA,NA,R
Southern Hill Myna,0.117,9.8390465,0.0315,8.6482,238.3973,NA,NA,NA,NA,NA,R
Golden-fronted Leafbird,0.047,54.8961401,0.0628,35.2026,238.3973,NA,NA,NA,NA,NA,R
Crimson-backed Sunbird,0.071,17.1243275,0.0354,13.7909,238.3973,NA,NA,NA,NA,NA,R
Long-billed Sunbird,0.054,30.9574329,0.0535,21.6965,238.3973,NA,NA,NA,NA,NA,R
Nilgiri Pipit,0.024,0.9498318,0.0358,0.75,238.3973,NA,NA,NA,NA,NA,R
Yellow-breasted Bunting,NA,NA,NA,NA,NA,NA,NA,NA,NA,NA,W/P
Chestnut-shouldered Petronia,0.033,124.1355171,0.0929,70.3979,238.3973,NA,NA,NA,NA,NA,R
Yellow Weaver,0.004,1.8855957,0.0835,0.6874,238.3973,NA,NA,NA,NA,NA,R
Green Avadavat,NA,NA,NA,0.3125,238.3973,NA,NA,NA,NA,NA,R
Indian Silverbill,0.072,153.7954572,0.0823,96.3078,238.3973,NA,NA,NA,NA,NA,R
Egyptian Vulture,0.045,62.395722,0.0709,38.0162,238.4598,NA,NA,NA,NA,NA,R
Jerdon's Courser,NA,NA,NA,NA,NA,NA,NA,NA,NA,NA,R
