"COUNTRY","COUNTRY.CODE","STATE","STATE.CODE","COUNTY","COUNTY.CODE"
"India","IN","Andaman and Nicobar Islands","IN-AN","North and Middle Andaman","IN-AN-AN"
"India","IN","Andaman and Nicobar Islands","IN-AN","South Andaman","IN-AN-AS"
"India","IN","Andaman and Nicobar Islands","IN-AN","Nicobar","IN-AN-NI"
"India","IN","Andhra Pradesh","IN-AP","Anantapur","IN-AP-AN"
"India","IN","Andhra Pradesh","IN-AP","Chittoor","IN-AP-CH"
"India","IN","Andhra Pradesh","IN-AP","Kadapa","IN-AP-CU"
"India","IN","Andhra Pradesh","IN-AP","East Godavari","IN-AP-EG"
"India","IN","Andhra Pradesh","IN-AP","Guntur","IN-AP-GU"
"India","IN","Andhra Pradesh","IN-AP","Krishna","IN-AP-KR"
"India","IN","Andhra Pradesh","IN-AP","Kurnool","IN-AP-KU"
"India","IN","Andhra Pradesh","IN-AP","Sri Potti Sriramulu Nellore","IN-AP-NE"
"India","IN","Andhra Pradesh","IN-AP","Prakasam","IN-AP-PR"
"India","IN","Andhra Pradesh","IN-AP","Srikakulam","IN-AP-SR"
"India","IN","Andhra Pradesh","IN-AP","Visakhapatnam","IN-AP-VS"
"India","IN","Andhra Pradesh","IN-AP","Vizianagaram","IN-AP-VZ"
"India","IN","Andhra Pradesh","IN-AP","West Godavari","IN-AP-WG"
"India","IN","Andhra Pradesh","IN-AP",NA,NA
"India","IN","Arunachal Pradesh","IN-AR","Anjaw","IN-AR-AN"
"India","IN","Arunachal Pradesh","IN-AR","Changlang","IN-AR-CH"
"India","IN","Arunachal Pradesh","IN-AR","East Kameng","IN-AR-EK"
"India","IN","Arunachal Pradesh","IN-AR","East Siang","IN-AR-ES"
"India","IN","Arunachal Pradesh","IN-AR","Lower Subansiri","IN-AR-LB"
"India","IN","Arunachal Pradesh","IN-AR","Lower Dibang Valley","IN-AR-LD"
"India","IN","Arunachal Pradesh","IN-AR","Lohit","IN-AR-LO"
"India","IN","Arunachal Pradesh","IN-AR","Papum Pare","IN-AR-PA"
"India","IN","Arunachal Pradesh","IN-AR","Tawang","IN-AR-TA"
"India","IN","Arunachal Pradesh","IN-AR","Tirap","IN-AR-TI"
"India","IN","Arunachal Pradesh","IN-AR","Upper Subansiri","IN-AR-UB"
"India","IN","Arunachal Pradesh","IN-AR","Dibang Valley","IN-AR-UD"
"India","IN","Arunachal Pradesh","IN-AR","Upper Siang","IN-AR-US"
"India","IN","Arunachal Pradesh","IN-AR","West Kameng","IN-AR-WK"
"India","IN","Arunachal Pradesh","IN-AR","West Siang","IN-AR-WS"
"India","IN","Assam","IN-AS","Barpeta","IN-AS-BA"
"India","IN","Assam","IN-AS","Baksa","IN-AS-BK"
"India","IN","Assam","IN-AS","Bongaigaon","IN-AS-BO"
"India","IN","Assam","IN-AS","Cachar","IN-AS-CA"
"India","IN","Assam","IN-AS","Chirang","IN-AS-CR"
"India","IN","Assam","IN-AS","Darrang","IN-AS-DA"
"India","IN","Assam","IN-AS","Dhubri","IN-AS-DB"
"India","IN","Assam","IN-AS","Dibrugarh","IN-AS-DI"
"India","IN","Assam","IN-AS","Dhemaji","IN-AS-DM"
"India","IN","Assam","IN-AS","Golaghat","IN-AS-GG"
"India","IN","Assam","IN-AS","Goalpara","IN-AS-GP"
"India","IN","Assam","IN-AS","Hailakandi","IN-AS-HA"
"India","IN","Assam","IN-AS","Jorhat","IN-AS-JO"
"India","IN","Assam","IN-AS","Karbi Anglong","IN-AS-KA"
"India","IN","Assam","IN-AS","Kokrajhar","IN-AS-KK"
"India","IN","Assam","IN-AS","Kamrup Metropolitan","IN-AS-KM"
"India","IN","Assam","IN-AS","Kamrup","IN-AS-KP"
"India","IN","Assam","IN-AS","Karimganj","IN-AS-KR"
"India","IN","Assam","IN-AS","Lakhimpur","IN-AS-LA"
"India","IN","Assam","IN-AS","Marigaon","IN-AS-MA"
"India","IN","Assam","IN-AS","Dima Hasao","IN-AS-NC"
"India","IN","Assam","IN-AS","Nagaon","IN-AS-NG"
"India","IN","Assam","IN-AS","Nalbari","IN-AS-NL"
"India","IN","Assam","IN-AS","Sivasagar","IN-AS-SI"
"India","IN","Assam","IN-AS","Sonitpur","IN-AS-SO"
"India","IN","Assam","IN-AS","Tinsukia","IN-AS-TI"
"India","IN","Assam","IN-AS","Udalguri","IN-AS-UD"
"India","IN","Bihar","IN-BR","Araria","IN-BR-AR"
"India","IN","Bihar","IN-BR","Aurangabad","IN-BR-AU"
"India","IN","Bihar","IN-BR","Arwal","IN-BR-AW"
"India","IN","Bihar","IN-BR","Begusarai","IN-BR-BE"
"India","IN","Bihar","IN-BR","Bhagalpur","IN-BR-BG"
"India","IN","Bihar","IN-BR","Bhojpur","IN-BR-BJ"
"India","IN","Bihar","IN-BR","Buxar","IN-BR-BU"
"India","IN","Bihar","IN-BR","Darbhanga","IN-BR-DA"
"India","IN","Bihar","IN-BR","Purba Champaran","IN-BR-EC"
"India","IN","Bihar","IN-BR","Gaya","IN-BR-GA"
"India","IN","Bihar","IN-BR","Jamui","IN-BR-JA"
"India","IN","Bihar","IN-BR","Khagaria","IN-BR-KH"
"India","IN","Bihar","IN-BR","Kishanganj","IN-BR-KI"
"India","IN","Bihar","IN-BR","Kaimur (bhabua)","IN-BR-KM"
"India","IN","Bihar","IN-BR","Katihar","IN-BR-KT"
"India","IN","Bihar","IN-BR","Lakhisarai","IN-BR-LA"
"India","IN","Bihar","IN-BR","Madhubani","IN-BR-MB"
"India","IN","Bihar","IN-BR","Munger","IN-BR-MG"
"India","IN","Bihar","IN-BR","Madhepura","IN-BR-MP"
"India","IN","Bihar","IN-BR","Muzaffarpur","IN-BR-MZ"
"India","IN","Bihar","IN-BR","Nalanda","IN-BR-NL"
"India","IN","Bihar","IN-BR","Patna","IN-BR-PA"
"India","IN","Bihar","IN-BR","Purnia","IN-BR-PU"
"India","IN","Bihar","IN-BR","Rohtas","IN-BR-RO"
"India","IN","Bihar","IN-BR","Saharsa","IN-BR-SH"
"India","IN","Bihar","IN-BR","Samastipur","IN-BR-SM"
"India","IN","Bihar","IN-BR","Sheikhpura","IN-BR-SP"
"India","IN","Bihar","IN-BR","Saran (chhapra)","IN-BR-SR"
"India","IN","Bihar","IN-BR","Sitamarhi","IN-BR-ST"
"India","IN","Bihar","IN-BR","Supaul","IN-BR-SU"
"India","IN","Bihar","IN-BR","Vaishali","IN-BR-VA"
"India","IN","Bihar","IN-BR","Pashchim Champaran","IN-BR-WC"
"India","IN","Bihar","IN-BR",NA,NA
"India","IN","Chandigarh","IN-CH","Chandigarh","IN-CH-CH"
"India","IN","Chhattisgarh","IN-CT","Bastar","IN-CT-BA"
"India","IN","Chhattisgarh","IN-CT","Bilaspur","IN-CT-BI"
"India","IN","Chhattisgarh","IN-CT","Bijapur","IN-CT-BJ"
"India","IN","Chhattisgarh","IN-CT","Dakshin Bastar Dantewada","IN-CT-DA"
"India","IN","Chhattisgarh","IN-CT","Dhamtari","IN-CT-DH"
"India","IN","Chhattisgarh","IN-CT","Durg","IN-CT-DU"
"India","IN","Chhattisgarh","IN-CT","Jashpur","IN-CT-JA"
"India","IN","Chhattisgarh","IN-CT","Janjgir-champa","IN-CT-JC"
"India","IN","Chhattisgarh","IN-CT","Korba","IN-CT-KB"
"India","IN","Chhattisgarh","IN-CT","Koriya","IN-CT-KJ"
"India","IN","Chhattisgarh","IN-CT","Uttar Bastar Kanker","IN-CT-KK"
"India","IN","Chhattisgarh","IN-CT","Kabeerdham","IN-CT-KW"
"India","IN","Chhattisgarh","IN-CT","Mahasamund","IN-CT-MA"
"India","IN","Chhattisgarh","IN-CT","Narayanpur","IN-CT-NA"
"India","IN","Chhattisgarh","IN-CT","Raigarh","IN-CT-RG"
"India","IN","Chhattisgarh","IN-CT","Rajnandgaon","IN-CT-RN"
"India","IN","Chhattisgarh","IN-CT","Raipur","IN-CT-RP"
"India","IN","Chhattisgarh","IN-CT","Surguja","IN-CT-SU"
"India","IN","Chhattisgarh","IN-CT",NA,NA
"India","IN","Daman and Diu","IN-DD","Daman","IN-DD-DA"
"India","IN","Daman and Diu","IN-DD","Diu","IN-DD-DI"
"India","IN","Delhi","IN-DL","Central Delhi","IN-DL-CE"
"India","IN","Delhi","IN-DL","East Delhi","IN-DL-EA"
"India","IN","Delhi","IN-DL","New Delhi","IN-DL-ND"
"India","IN","Delhi","IN-DL","North East Delhi","IN-DL-NE"
"India","IN","Delhi","IN-DL","North Delhi","IN-DL-NO"
"India","IN","Delhi","IN-DL","North West Delhi","IN-DL-NW"
"India","IN","Delhi","IN-DL","South Delhi","IN-DL-SO"
"India","IN","Delhi","IN-DL","South West Delhi","IN-DL-SW"
"India","IN","Delhi","IN-DL","West Delhi","IN-DL-WE"
"India","IN","Delhi","IN-DL",NA,NA
"India","IN","Dadra and Nagar Haveli","IN-DN","Dadra and Nagar Haveli","IN-DN-DN"
"India","IN","Goa","IN-GA","North Goa","IN-GA-NG"
"India","IN","Goa","IN-GA","South Goa","IN-GA-SG"
"India","IN","Goa","IN-GA",NA,NA
"India","IN","Gujarat","IN-GJ","Ahmadabad","IN-GJ-AH"
"India","IN","Gujarat","IN-GJ","Amreli","IN-GJ-AM"
"India","IN","Gujarat","IN-GJ","Anand","IN-GJ-AN"
"India","IN","Gujarat","IN-GJ","Banas Kantha","IN-GJ-BK"
"India","IN","Gujarat","IN-GJ","Bharuch","IN-GJ-BR"
"India","IN","Gujarat","IN-GJ","Bhavnagar","IN-GJ-BV"
"India","IN","Gujarat","IN-GJ","Dohad","IN-GJ-DA"
"India","IN","Gujarat","IN-GJ","The Dangs","IN-GJ-DG"
"India","IN","Gujarat","IN-GJ","Gandhinagar","IN-GJ-GA"
"India","IN","Gujarat","IN-GJ","Jamnagar","IN-GJ-JA"
"India","IN","Gujarat","IN-GJ","Junagadh","IN-GJ-JU"
"India","IN","Gujarat","IN-GJ","Kachchh","IN-GJ-KA"
"India","IN","Gujarat","IN-GJ","Kheda","IN-GJ-KH"
"India","IN","Gujarat","IN-GJ","Mahesana","IN-GJ-MA"
"India","IN","Gujarat","IN-GJ","Narmada","IN-GJ-NR"
"India","IN","Gujarat","IN-GJ","Navsari","IN-GJ-NV"
"India","IN","Gujarat","IN-GJ","Patan","IN-GJ-PA"
"India","IN","Gujarat","IN-GJ","Panch Mahals","IN-GJ-PM"
"India","IN","Gujarat","IN-GJ","Porbandar","IN-GJ-PO"
"India","IN","Gujarat","IN-GJ","Rajkot","IN-GJ-RA"
"India","IN","Gujarat","IN-GJ","Sabar Kantha","IN-GJ-SK"
"India","IN","Gujarat","IN-GJ","Surendranagar","IN-GJ-SN"
"India","IN","Gujarat","IN-GJ","Surat","IN-GJ-ST"
"India","IN","Gujarat","IN-GJ","Tapi","IN-GJ-TA"
"India","IN","Gujarat","IN-GJ","Vadodara","IN-GJ-VD"
"India","IN","Gujarat","IN-GJ","Valsad","IN-GJ-VL"
"India","IN","Himachal Pradesh","IN-HP","Bilaspur","IN-HP-BI"
"India","IN","Himachal Pradesh","IN-HP","Chamba","IN-HP-CH"
"India","IN","Himachal Pradesh","IN-HP","Hamirpur","IN-HP-HA"
"India","IN","Himachal Pradesh","IN-HP","Kangra","IN-HP-KA"
"India","IN","Himachal Pradesh","IN-HP","Kinnaur","IN-HP-KI"
"India","IN","Himachal Pradesh","IN-HP","Kullu","IN-HP-KU"
"India","IN","Himachal Pradesh","IN-HP","Lahul and Spiti","IN-HP-LS"
"India","IN","Himachal Pradesh","IN-HP","Mandi","IN-HP-MA"
"India","IN","Himachal Pradesh","IN-HP","Shimla","IN-HP-SH"
"India","IN","Himachal Pradesh","IN-HP","Sirmaur","IN-HP-SI"
"India","IN","Himachal Pradesh","IN-HP","Solan","IN-HP-SO"
"India","IN","Himachal Pradesh","IN-HP","Una","IN-HP-UN"
"India","IN","Himachal Pradesh","IN-HP",NA,NA
"India","IN","Haryana","IN-HR","Ambala","IN-HR-AM"
"India","IN","Haryana","IN-HR","Bhiwani","IN-HR-BH"
"India","IN","Haryana","IN-HR","Faridabad","IN-HR-FR"
"India","IN","Haryana","IN-HR","Fatehabad","IN-HR-FT"
"India","IN","Haryana","IN-HR","Gurgaon","IN-HR-GU"
"India","IN","Haryana","IN-HR","Hisar","IN-HR-HI"
"India","IN","Haryana","IN-HR","Jhajjar","IN-HR-JH"
"India","IN","Haryana","IN-HR","Jind","IN-HR-JI"
"India","IN","Haryana","IN-HR","Karnal","IN-HR-KR"
"India","IN","Haryana","IN-HR","Kaithal","IN-HR-KT"
"India","IN","Haryana","IN-HR","Kurukshetra","IN-HR-KU"
"India","IN","Haryana","IN-HR","Mahendragarh","IN-HR-MA"
"India","IN","Haryana","IN-HR","Mewat","IN-HR-ME"
"India","IN","Haryana","IN-HR","Panchkula","IN-HR-PK"
"India","IN","Haryana","IN-HR","Palwal","IN-HR-PL"
"India","IN","Haryana","IN-HR","Panipat","IN-HR-PP"
"India","IN","Haryana","IN-HR","Rewari","IN-HR-RE"
"India","IN","Haryana","IN-HR","Rohtak","IN-HR-RO"
"India","IN","Haryana","IN-HR","Sirsa","IN-HR-SI"
"India","IN","Haryana","IN-HR","Sonipat","IN-HR-SO"
"India","IN","Haryana","IN-HR","Yamunanagar","IN-HR-YN"
"India","IN","Haryana","IN-HR",NA,NA
"India","IN","Jharkhand","IN-JH","Bokaro","IN-JH-BO"
"India","IN","Jharkhand","IN-JH","Chatra","IN-JH-CH"
"India","IN","Jharkhand","IN-JH","Deoghar","IN-JH-DE"
"India","IN","Jharkhand","IN-JH","Dhanbad","IN-JH-DH"
"India","IN","Jharkhand","IN-JH","Dumka","IN-JH-DU"
"India","IN","Jharkhand","IN-JH","Purbi Singhbhum","IN-JH-ES"
"India","IN","Jharkhand","IN-JH","Garhwa","IN-JH-GA"
"India","IN","Jharkhand","IN-JH","Giridih","IN-JH-GI"
"India","IN","Jharkhand","IN-JH","Godda","IN-JH-GO"
"India","IN","Jharkhand","IN-JH","Gumla","IN-JH-GU"
"India","IN","Jharkhand","IN-JH","Hazaribagh","IN-JH-HA"
"India","IN","Jharkhand","IN-JH","Jamtara","IN-JH-JA"
"India","IN","Jharkhand","IN-JH","Khunti","IN-JH-KH"
"India","IN","Jharkhand","IN-JH","Latehar","IN-JH-LA"
"India","IN","Jharkhand","IN-JH","Lohardaga","IN-JH-LO"
"India","IN","Jharkhand","IN-JH","Pakur","IN-JH-PK"
"India","IN","Jharkhand","IN-JH","Palamu","IN-JH-PL"
"India","IN","Jharkhand","IN-JH","Ranchi","IN-JH-RA"
"India","IN","Jharkhand","IN-JH","Ramgarh","IN-JH-RM"
"India","IN","Jharkhand","IN-JH","Sahibganj","IN-JH-SA"
"India","IN","Jharkhand","IN-JH","Simdega","IN-JH-SI"
"India","IN","Jharkhand","IN-JH","Saraikela-kharsawan","IN-JH-SR"
"India","IN","Jharkhand","IN-JH","Pashchimi Singhbhum","IN-JH-WS"
"India","IN","Jammu and Kashmir","IN-JK","Anantnag","IN-JK-AN"
"India","IN","Jammu and Kashmir","IN-JK","Badgam","IN-JK-BD"
"India","IN","Jammu and Kashmir","IN-JK","Bandipore","IN-JK-BN"
"India","IN","Jammu and Kashmir","IN-JK","Baramula","IN-JK-BR"
"India","IN","Jammu and Kashmir","IN-JK","Doda","IN-JK-DO"
"India","IN","Jammu and Kashmir","IN-JK","Ganderbal","IN-JK-GN"
"India","IN","Jammu and Kashmir","IN-JK","Jammu","IN-JK-JA"
"India","IN","Jammu and Kashmir","IN-JK","Kulgam","IN-JK-KL"
"India","IN","Jammu and Kashmir","IN-JK","Pakistan-administered Kashmir","IN-JK-KM"
"India","IN","Jammu and Kashmir","IN-JK","Kargil","IN-JK-KR"
"India","IN","Jammu and Kashmir","IN-JK","Kishtwar","IN-JK-KS"
"India","IN","Jammu and Kashmir","IN-JK","Kathua","IN-JK-KT"
"India","IN","Jammu and Kashmir","IN-JK","Kupwara","IN-JK-KU"
"India","IN","Jammu and Kashmir","IN-JK","Leh (ladakh)","IN-JK-LE"
"India","IN","Jammu and Kashmir","IN-JK","Punch","IN-JK-PO"
"India","IN","Jammu and Kashmir","IN-JK","Pulwama","IN-JK-PU"
"India","IN","Jammu and Kashmir","IN-JK","Rajouri","IN-JK-RA"
"India","IN","Jammu and Kashmir","IN-JK","Reasi","IN-JK-RE"
"India","IN","Jammu and Kashmir","IN-JK","Ramban","IN-JK-RM"
"India","IN","Jammu and Kashmir","IN-JK","Samba","IN-JK-SA"
"India","IN","Jammu and Kashmir","IN-JK","Shupiyan","IN-JK-SH"
"India","IN","Jammu and Kashmir","IN-JK","Srinagar","IN-JK-SR"
"India","IN","Jammu and Kashmir","IN-JK","Udhampur","IN-JK-UD"
"India","IN","Karnataka","IN-KA","Bidar","IN-KA-BD"
"India","IN","Karnataka","IN-KA","Belgaum","IN-KA-BG"
"India","IN","Karnataka","IN-KA","Bijapur","IN-KA-BJ"
"India","IN","Karnataka","IN-KA","Bagalkot","IN-KA-BK"
"India","IN","Karnataka","IN-KA","Bellary","IN-KA-BL"
"India","IN","Karnataka","IN-KA","Bangalore","IN-KA-BN"
"India","IN","Karnataka","IN-KA","Bangalore Rural","IN-KA-BR"
"India","IN","Karnataka","IN-KA","Chikkaballapura","IN-KA-CH"
"India","IN","Karnataka","IN-KA","Chamrajnagar","IN-KA-CJ"
"India","IN","Karnataka","IN-KA","Chikmagalur","IN-KA-CK"
"India","IN","Karnataka","IN-KA","Chitradurga","IN-KA-CT"
"India","IN","Karnataka","IN-KA","Davanagere","IN-KA-DA"
"India","IN","Karnataka","IN-KA","Dharwad","IN-KA-DH"
"India","IN","Karnataka","IN-KA","Dakshina Kannada","IN-KA-DK"
"India","IN","Karnataka","IN-KA","Gadag","IN-KA-GA"
"India","IN","Karnataka","IN-KA","Gulbarga","IN-KA-GU"
"India","IN","Karnataka","IN-KA","Hassan","IN-KA-HS"
"India","IN","Karnataka","IN-KA","Haveri","IN-KA-HV"
"India","IN","Karnataka","IN-KA","Kodagu","IN-KA-KD"
"India","IN","Karnataka","IN-KA","Kolar","IN-KA-KL"
"India","IN","Karnataka","IN-KA","Koppal","IN-KA-KP"
"India","IN","Karnataka","IN-KA","Mandya","IN-KA-MA"
"India","IN","Karnataka","IN-KA","Mysore","IN-KA-MY"
"India","IN","Karnataka","IN-KA","Raichur","IN-KA-RA"
"India","IN","Karnataka","IN-KA","Ramanagara","IN-KA-RM"
"India","IN","Karnataka","IN-KA","Shimoga","IN-KA-SH"
"India","IN","Karnataka","IN-KA","Tumkur","IN-KA-TU"
"India","IN","Karnataka","IN-KA","Udupi","IN-KA-UD"
"India","IN","Karnataka","IN-KA","Uttara Kannada","IN-KA-UK"
"India","IN","Karnataka","IN-KA","Yadgir","IN-KA-YD"
"India","IN","Karnataka","IN-KA",NA,NA
"India","IN","Kerala","IN-KL","Alappuzha","IN-KL-AL"
"India","IN","Kerala","IN-KL","Ernakulam","IN-KL-ER"
"India","IN","Kerala","IN-KL","Idukki","IN-KL-ID"
"India","IN","Kerala","IN-KL","Kollam","IN-KL-KL"
"India","IN","Kerala","IN-KL","Kannur","IN-KL-KN"
"India","IN","Kerala","IN-KL","Kasaragod","IN-KL-KS"
"India","IN","Kerala","IN-KL","Kottayam","IN-KL-KT"
"India","IN","Kerala","IN-KL","Kozhikode","IN-KL-KZ"
"India","IN","Kerala","IN-KL","Malappuram","IN-KL-MA"
"India","IN","Kerala","IN-KL","Palakkad","IN-KL-PL"
"India","IN","Kerala","IN-KL","Pathanamthitta","IN-KL-PT"
"India","IN","Kerala","IN-KL","Thrissur","IN-KL-TS"
"India","IN","Kerala","IN-KL","Thiruvananthapuram","IN-KL-TV"
"India","IN","Kerala","IN-KL","Wayanad","IN-KL-WA"
"India","IN","Kerala","IN-KL",NA,NA
"India","IN","Lakshadweep","IN-LD","Lakshadweep","IN-LD-LD"
"India","IN","Maharashtra","IN-MH","Ahmadnagar","IN-MH-AH"
"India","IN","Maharashtra","IN-MH","Akola","IN-MH-AK"
"India","IN","Maharashtra","IN-MH","Amravati","IN-MH-AM"
"India","IN","Maharashtra","IN-MH","Aurangabad","IN-MH-AU"
"India","IN","Maharashtra","IN-MH","Bhandara","IN-MH-BH"
"India","IN","Maharashtra","IN-MH","Bid","IN-MH-BI"
"India","IN","Maharashtra","IN-MH","Buldana","IN-MH-BU"
"India","IN","Maharashtra","IN-MH","Chandrapur","IN-MH-CH"
"India","IN","Maharashtra","IN-MH","Dhule","IN-MH-DH"
"India","IN","Maharashtra","IN-MH","Garhchiroli","IN-MH-GA"
"India","IN","Maharashtra","IN-MH","Gondiya","IN-MH-GO"
"India","IN","Maharashtra","IN-MH","Hingoli","IN-MH-HI"
"India","IN","Maharashtra","IN-MH","Jalgaon","IN-MH-JG"
"India","IN","Maharashtra","IN-MH","Jalna","IN-MH-JN"
"India","IN","Maharashtra","IN-MH","Kolhapur","IN-MH-KO"
"India","IN","Maharashtra","IN-MH","Latur","IN-MH-LA"
"India","IN","Maharashtra","IN-MH","Mumbai","IN-MH-MC"
"India","IN","Maharashtra","IN-MH","Mumbai Suburban","IN-MH-MS"
"India","IN","Maharashtra","IN-MH","Nandurbar","IN-MH-NB"
"India","IN","Maharashtra","IN-MH","Nanded","IN-MH-ND"
"India","IN","Maharashtra","IN-MH","Nagpur","IN-MH-NG"
"India","IN","Maharashtra","IN-MH","Nashik","IN-MH-NS"
"India","IN","Maharashtra","IN-MH","Osmanabad","IN-MH-OS"
"India","IN","Maharashtra","IN-MH","Parbhani","IN-MH-PA"
"India","IN","Maharashtra","IN-MH","Pune","IN-MH-PU"
"India","IN","Maharashtra","IN-MH","Raigarh","IN-MH-RG"
"India","IN","Maharashtra","IN-MH","Ratnagiri","IN-MH-RT"
"India","IN","Maharashtra","IN-MH","Sindhudurg","IN-MH-SI"
"India","IN","Maharashtra","IN-MH","Sangli","IN-MH-SN"
"India","IN","Maharashtra","IN-MH","Solapur","IN-MH-SO"
"India","IN","Maharashtra","IN-MH","Satara","IN-MH-ST"
"India","IN","Maharashtra","IN-MH","Thane","IN-MH-TH"
"India","IN","Maharashtra","IN-MH","Wardha","IN-MH-WR"
"India","IN","Maharashtra","IN-MH","Washim","IN-MH-WS"
"India","IN","Maharashtra","IN-MH","Yavatmal","IN-MH-YA"
"India","IN","Maharashtra","IN-MH",NA,NA
"India","IN","Meghalaya","IN-ML","East Garo Hills","IN-ML-EG"
"India","IN","Meghalaya","IN-ML","East Khasi Hills","IN-ML-EK"
"India","IN","Meghalaya","IN-ML","Jaintia Hills","IN-ML-JH"
"India","IN","Meghalaya","IN-ML","Ri Bhoi","IN-ML-RB"
"India","IN","Meghalaya","IN-ML","South Garo Hills","IN-ML-SG"
"India","IN","Meghalaya","IN-ML","West Garo Hills","IN-ML-WG"
"India","IN","Meghalaya","IN-ML","West Khasi Hills","IN-ML-WK"
"India","IN","Meghalaya","IN-ML",NA,NA
"India","IN","Manipur","IN-MN","Bishnupur","IN-MN-BI"
"India","IN","Manipur","IN-MN","Churachandpur","IN-MN-CC"
"India","IN","Manipur","IN-MN","Chandel","IN-MN-CD"
"India","IN","Manipur","IN-MN","Imphal East","IN-MN-EI"
"India","IN","Manipur","IN-MN","Senapati","IN-MN-SE"
"India","IN","Manipur","IN-MN","Tamenglong","IN-MN-TA"
"India","IN","Manipur","IN-MN","Thoubal","IN-MN-TH"
"India","IN","Manipur","IN-MN","Ukhrul","IN-MN-UK"
"India","IN","Manipur","IN-MN","Imphal West","IN-MN-WI"
"India","IN","Madhya Pradesh","IN-MP","Alirajpur","IN-MP-AL"
"India","IN","Madhya Pradesh","IN-MP","Anuppur","IN-MP-AN"
"India","IN","Madhya Pradesh","IN-MP","Ashoknagar","IN-MP-AS"
"India","IN","Madhya Pradesh","IN-MP","Bhind","IN-MP-BD"
"India","IN","Madhya Pradesh","IN-MP","Betul","IN-MP-BE"
"India","IN","Madhya Pradesh","IN-MP","Balaghat","IN-MP-BL"
"India","IN","Madhya Pradesh","IN-MP","Bhopal","IN-MP-BP"
"India","IN","Madhya Pradesh","IN-MP","Barwani","IN-MP-BR"
"India","IN","Madhya Pradesh","IN-MP","Burhanpur","IN-MP-BU"
"India","IN","Madhya Pradesh","IN-MP","Chhindwara","IN-MP-CN"
"India","IN","Madhya Pradesh","IN-MP","Chhatarpur","IN-MP-CT"
"India","IN","Madhya Pradesh","IN-MP","Dewas","IN-MP-DE"
"India","IN","Madhya Pradesh","IN-MP","Dhar","IN-MP-DH"
"India","IN","Madhya Pradesh","IN-MP","Dindori","IN-MP-DI"
"India","IN","Madhya Pradesh","IN-MP","Damoh","IN-MP-DM"
"India","IN","Madhya Pradesh","IN-MP","Datia","IN-MP-DT"
"India","IN","Madhya Pradesh","IN-MP","East Nimar","IN-MP-EN"
"India","IN","Madhya Pradesh","IN-MP","Guna","IN-MP-GU"
"India","IN","Madhya Pradesh","IN-MP","Gwalior","IN-MP-GW"
"India","IN","Madhya Pradesh","IN-MP","Harda","IN-MP-HA"
"India","IN","Madhya Pradesh","IN-MP","Hoshangabad","IN-MP-HO"
"India","IN","Madhya Pradesh","IN-MP","Indore","IN-MP-IN"
"India","IN","Madhya Pradesh","IN-MP","Jabalpur","IN-MP-JA"
"India","IN","Madhya Pradesh","IN-MP","Jhabua","IN-MP-JH"
"India","IN","Madhya Pradesh","IN-MP","Katni","IN-MP-KA"
"India","IN","Madhya Pradesh","IN-MP","Mandla","IN-MP-ML"
"India","IN","Madhya Pradesh","IN-MP","Morena","IN-MP-MO"
"India","IN","Madhya Pradesh","IN-MP","Mandsaur","IN-MP-MS"
"India","IN","Madhya Pradesh","IN-MP","Narsimhapur","IN-MP-NA"
"India","IN","Madhya Pradesh","IN-MP","Neemuch","IN-MP-NE"
"India","IN","Madhya Pradesh","IN-MP","Panna","IN-MP-PA"
"India","IN","Madhya Pradesh","IN-MP","Rewa","IN-MP-RE"
"India","IN","Madhya Pradesh","IN-MP","Rajgarh","IN-MP-RG"
"India","IN","Madhya Pradesh","IN-MP","Ratlam","IN-MP-RL"
"India","IN","Madhya Pradesh","IN-MP","Raisen","IN-MP-RS"
"India","IN","Madhya Pradesh","IN-MP","Sagar","IN-MP-SG"
"India","IN","Madhya Pradesh","IN-MP","Shahdol","IN-MP-SH"
"India","IN","Madhya Pradesh","IN-MP","Sidhi","IN-MP-SI"
"India","IN","Madhya Pradesh","IN-MP","Shajapur","IN-MP-SJ"
"India","IN","Madhya Pradesh","IN-MP","Singrauli","IN-MP-SN"
"India","IN","Madhya Pradesh","IN-MP","Seoni","IN-MP-SO"
"India","IN","Madhya Pradesh","IN-MP","Sheopur","IN-MP-SP"
"India","IN","Madhya Pradesh","IN-MP","Sehore","IN-MP-SR"
"India","IN","Madhya Pradesh","IN-MP","Satna","IN-MP-ST"
"India","IN","Madhya Pradesh","IN-MP","Shivpuri","IN-MP-SV"
"India","IN","Madhya Pradesh","IN-MP","Tikamgarh","IN-MP-TI"
"India","IN","Madhya Pradesh","IN-MP","Ujjain","IN-MP-UJ"
"India","IN","Madhya Pradesh","IN-MP","Umaria","IN-MP-UM"
"India","IN","Madhya Pradesh","IN-MP","Vidisha","IN-MP-VI"
"India","IN","Madhya Pradesh","IN-MP","West Nimar","IN-MP-WN"
"India","IN","Madhya Pradesh","IN-MP",NA,NA
"India","IN","Mizoram","IN-MZ","Aizawl","IN-MZ-AI"
"India","IN","Mizoram","IN-MZ","Champhai","IN-MZ-CH"
"India","IN","Mizoram","IN-MZ","Kolasib","IN-MZ-KO"
"India","IN","Mizoram","IN-MZ","Lawangtlai","IN-MZ-LA"
"India","IN","Mizoram","IN-MZ","Lunglei","IN-MZ-LU"
"India","IN","Mizoram","IN-MZ","Mamit","IN-MZ-MA"
"India","IN","Mizoram","IN-MZ","Saiha","IN-MZ-SA"
"India","IN","Mizoram","IN-MZ","Serchhip","IN-MZ-SE"
"India","IN","Nagaland","IN-NL","Dimapur","IN-NL-DI"
"India","IN","Nagaland","IN-NL","Kiphire","IN-NL-KI"
"India","IN","Nagaland","IN-NL","Kohima","IN-NL-KO"
"India","IN","Nagaland","IN-NL","Longleng","IN-NL-LO"
"India","IN","Nagaland","IN-NL","Mokokchung","IN-NL-MK"
"India","IN","Nagaland","IN-NL","Peren","IN-NL-PE"
"India","IN","Nagaland","IN-NL","Phek","IN-NL-PH"
"India","IN","Nagaland","IN-NL","Tuensang","IN-NL-TU"
"India","IN","Nagaland","IN-NL","Wokha","IN-NL-WO"
"India","IN","Nagaland","IN-NL","Zunheboto","IN-NL-ZU"
"India","IN","Odisha","IN-OR","Anugul","IN-OR-AN"
"India","IN","Odisha","IN-OR","Bhadrak","IN-OR-BH"
"India","IN","Odisha","IN-OR","Balangir","IN-OR-BL"
"India","IN","Odisha","IN-OR","Bargarh","IN-OR-BR"
"India","IN","Odisha","IN-OR","Baleshwar","IN-OR-BW"
"India","IN","Odisha","IN-OR","Cuttack","IN-OR-CU"
"India","IN","Odisha","IN-OR","Debagarh","IN-OR-DE"
"India","IN","Odisha","IN-OR","Dhenkanal","IN-OR-DH"
"India","IN","Odisha","IN-OR","Ganjam","IN-OR-GN"
"India","IN","Odisha","IN-OR","Gajapati","IN-OR-GP"
"India","IN","Odisha","IN-OR","Jharsuguda","IN-OR-JH"
"India","IN","Odisha","IN-OR","Jajapur","IN-OR-JP"
"India","IN","Odisha","IN-OR","Jagatsinghapur","IN-OR-JS"
"India","IN","Odisha","IN-OR","Khordha","IN-OR-KH"
"India","IN","Odisha","IN-OR","Kendujhar","IN-OR-KJ"
"India","IN","Odisha","IN-OR","Kalahandi","IN-OR-KL"
"India","IN","Odisha","IN-OR","Kandhamal","IN-OR-KN"
"India","IN","Odisha","IN-OR","Koraput","IN-OR-KO"
"India","IN","Odisha","IN-OR","Kendrapara","IN-OR-KP"
"India","IN","Odisha","IN-OR","Malkangiri","IN-OR-ML"
"India","IN","Odisha","IN-OR","Mayurbhanj","IN-OR-MY"
"India","IN","Odisha","IN-OR","Nabarangapur","IN-OR-NB"
"India","IN","Odisha","IN-OR","Nuapada","IN-OR-NU"
"India","IN","Odisha","IN-OR","Nayagarh","IN-OR-NY"
"India","IN","Odisha","IN-OR","Puri","IN-OR-PU"
"India","IN","Odisha","IN-OR","Rayagada","IN-OR-RA"
"India","IN","Odisha","IN-OR","Sambalpur","IN-OR-SA"
"India","IN","Odisha","IN-OR","Subarnapur","IN-OR-SO"
"India","IN","Odisha","IN-OR","Sundargarh","IN-OR-SU"
"India","IN","Odisha","IN-OR",NA,NA
"India","IN","Punjab","IN-PB","Amritsar","IN-PB-AM"
"India","IN","Punjab","IN-PB","Bathinda","IN-PB-BA"
"India","IN","Punjab","IN-PB","Firozpur","IN-PB-FI"
"India","IN","Punjab","IN-PB","Faridkot","IN-PB-FR"
"India","IN","Punjab","IN-PB","Fatehgarh Sahib","IN-PB-FT"
"India","IN","Punjab","IN-PB","Gurdaspur","IN-PB-GU"
"India","IN","Punjab","IN-PB","Hoshiarpur","IN-PB-HO"
"India","IN","Punjab","IN-PB","Jalandhar","IN-PB-JA"
"India","IN","Punjab","IN-PB","Kapurthala","IN-PB-KA"
"India","IN","Punjab","IN-PB","Ludhiana","IN-PB-LU"
"India","IN","Punjab","IN-PB","Mansa","IN-PB-MA"
"India","IN","Punjab","IN-PB","Moga","IN-PB-MO"
"India","IN","Punjab","IN-PB","Shahid Bhagat Singh Nagar","IN-PB-NS"
"India","IN","Punjab","IN-PB","Patiala","IN-PB-PA"
"India","IN","Punjab","IN-PB","Rupnagar","IN-PB-RU"
"India","IN","Punjab","IN-PB","Sangrur","IN-PB-SA"
"India","IN","Punjab","IN-PB","Sahibzada Ajit Singh Nagar","IN-PB-SH"
"India","IN","Punjab","IN-PB","Tarn Taran","IN-PB-TA"
"India","IN","Punjab","IN-PB",NA,NA
"India","IN","Puducherry","IN-PY","Karaikal","IN-PY-KA"
"India","IN","Puducherry","IN-PY","Mahe","IN-PY-MA"
"India","IN","Puducherry","IN-PY","Puducherry","IN-PY-PO"
"India","IN","Puducherry","IN-PY","Yanam","IN-PY-YA"
"India","IN","Puducherry","IN-PY",NA,NA
"India","IN","Rajasthan","IN-RJ","Ajmer","IN-RJ-AJ"
"India","IN","Rajasthan","IN-RJ","Alwar","IN-RJ-AL"
"India","IN","Rajasthan","IN-RJ","Bikaner","IN-RJ-BI"
"India","IN","Rajasthan","IN-RJ","Barmer","IN-RJ-BM"
"India","IN","Rajasthan","IN-RJ","Banswara","IN-RJ-BN"
"India","IN","Rajasthan","IN-RJ","Bharatpur","IN-RJ-BP"
"India","IN","Rajasthan","IN-RJ","Baran","IN-RJ-BR"
"India","IN","Rajasthan","IN-RJ","Bundi","IN-RJ-BU"
"India","IN","Rajasthan","IN-RJ","Bhilwara","IN-RJ-BW"
"India","IN","Rajasthan","IN-RJ","Churu","IN-RJ-CR"
"India","IN","Rajasthan","IN-RJ","Chittaurgarh","IN-RJ-CT"
"India","IN","Rajasthan","IN-RJ","Dausa","IN-RJ-DA"
"India","IN","Rajasthan","IN-RJ","Dhaulpur","IN-RJ-DH"
"India","IN","Rajasthan","IN-RJ","Dungarpur","IN-RJ-DU"
"India","IN","Rajasthan","IN-RJ","Ganganagar","IN-RJ-GA"
"India","IN","Rajasthan","IN-RJ","Hanumangarh","IN-RJ-HA"
"India","IN","Rajasthan","IN-RJ","Jhunjhunun","IN-RJ-JJ"
"India","IN","Rajasthan","IN-RJ","Jalor","IN-RJ-JL"
"India","IN","Rajasthan","IN-RJ","Jodhpur","IN-RJ-JO"
"India","IN","Rajasthan","IN-RJ","Jaipur","IN-RJ-JP"
"India","IN","Rajasthan","IN-RJ","Jaisalmer","IN-RJ-JS"
"India","IN","Rajasthan","IN-RJ","Jhalawar","IN-RJ-JW"
"India","IN","Rajasthan","IN-RJ","Karauli","IN-RJ-KA"
"India","IN","Rajasthan","IN-RJ","Kota","IN-RJ-KO"
"India","IN","Rajasthan","IN-RJ","Nagaur","IN-RJ-NA"
"India","IN","Rajasthan","IN-RJ","Pali","IN-RJ-PA"
"India","IN","Rajasthan","IN-RJ","Pratapgarh","IN-RJ-PR"
"India","IN","Rajasthan","IN-RJ","Rajsamand","IN-RJ-RA"
"India","IN","Rajasthan","IN-RJ","Sikar","IN-RJ-SK"
"India","IN","Rajasthan","IN-RJ","Sawai Madhopur","IN-RJ-SM"
"India","IN","Rajasthan","IN-RJ","Sirohi","IN-RJ-SR"
"India","IN","Rajasthan","IN-RJ","Tonk","IN-RJ-TO"
"India","IN","Rajasthan","IN-RJ","Udaipur","IN-RJ-UD"
"India","IN","Rajasthan","IN-RJ",NA,NA
"India","IN","Sikkim","IN-SK","East Sikkim","IN-SK-ES"
"India","IN","Sikkim","IN-SK","North Sikkim","IN-SK-NS"
"India","IN","Sikkim","IN-SK","South Sikkim","IN-SK-SS"
"India","IN","Sikkim","IN-SK","West Sikkim","IN-SK-WS"
"India","IN","Sikkim","IN-SK",NA,NA
"India","IN","Tamil Nadu","IN-TN","Ariyalur","IN-TN-AR"
"India","IN","Tamil Nadu","IN-TN","Chennai","IN-TN-CH"
"India","IN","Tamil Nadu","IN-TN","Coimbatore","IN-TN-CO"
"India","IN","Tamil Nadu","IN-TN","Cuddalore","IN-TN-CU"
"India","IN","Tamil Nadu","IN-TN","Dharmapuri","IN-TN-DH"
"India","IN","Tamil Nadu","IN-TN","Dindigul","IN-TN-DI"
"India","IN","Tamil Nadu","IN-TN","Erode","IN-TN-ER"
"India","IN","Tamil Nadu","IN-TN","Kancheepuram","IN-TN-KC"
"India","IN","Tamil Nadu","IN-TN","Kanniyakumari","IN-TN-KK"
"India","IN","Tamil Nadu","IN-TN","Karur","IN-TN-KR"
"India","IN","Tamil Nadu","IN-TN","Krishnagiri","IN-TN-KS"
"India","IN","Tamil Nadu","IN-TN","Madurai","IN-TN-MA"
"India","IN","Tamil Nadu","IN-TN","Nagappattinam","IN-TN-NG"
"India","IN","Tamil Nadu","IN-TN","The Nilgiris","IN-TN-NI"
"India","IN","Tamil Nadu","IN-TN","Namakkal","IN-TN-NM"
"India","IN","Tamil Nadu","IN-TN","Perambalur","IN-TN-PE"
"India","IN","Tamil Nadu","IN-TN","Pudukkottai","IN-TN-PU"
"India","IN","Tamil Nadu","IN-TN","Ramanathapuram","IN-TN-RA"
"India","IN","Tamil Nadu","IN-TN","Salem","IN-TN-SA"
"India","IN","Tamil Nadu","IN-TN","Sivaganga","IN-TN-SI"
"India","IN","Tamil Nadu","IN-TN","Tiruchirappalli","IN-TN-TC"
"India","IN","Tamil Nadu","IN-TN","Theni","IN-TN-TH"
"India","IN","Tamil Nadu","IN-TN","Tirunelveli","IN-TN-TI"
"India","IN","Tamil Nadu","IN-TN","Thanjavur","IN-TN-TJ"
"India","IN","Tamil Nadu","IN-TN","Thoothukkudi","IN-TN-TK"
"India","IN","Tamil Nadu","IN-TN","Thiruvallur","IN-TN-TL"
"India","IN","Tamil Nadu","IN-TN","Tiruppur","IN-TN-TP"
"India","IN","Tamil Nadu","IN-TN","Thiruvarur","IN-TN-TR"
"India","IN","Tamil Nadu","IN-TN","Tiruvannamalai","IN-TN-TV"
"India","IN","Tamil Nadu","IN-TN","Vellore","IN-TN-VE"
"India","IN","Tamil Nadu","IN-TN","Viluppuram","IN-TN-VL"
"India","IN","Tamil Nadu","IN-TN","Virudunagar","IN-TN-VR"
"India","IN","Tamil Nadu","IN-TN",NA,NA
"India","IN","Tripura","IN-TR","Dhalai","IN-TR-DH"
"India","IN","Tripura","IN-TR","North Tripura","IN-TR-NT"
"India","IN","Tripura","IN-TR","South Tripura","IN-TR-ST"
"India","IN","Tripura","IN-TR","West Tripura","IN-TR-WT"
"India","IN","Telangana","IN-TS","Adilabad","IN-TS-AD"
"India","IN","Telangana","IN-TS","Hyderabad","IN-TS-HY"
"India","IN","Telangana","IN-TS","Karimnagar","IN-TS-KA"
"India","IN","Telangana","IN-TS","Khammam","IN-TS-KH"
"India","IN","Telangana","IN-TS","Mahbubnagar","IN-TS-MA"
"India","IN","Telangana","IN-TS","Medak","IN-TS-ME"
"India","IN","Telangana","IN-TS","Nalgonda","IN-TS-NA"
"India","IN","Telangana","IN-TS","Nizamabad","IN-TS-NI"
"India","IN","Telangana","IN-TS","Rangareddy","IN-TS-RA"
"India","IN","Telangana","IN-TS","Warangal","IN-TS-WA"
"India","IN","Telangana","IN-TS",NA,NA
"India","IN","Uttarakhand","IN-UL","Almora","IN-UL-AL"
"India","IN","Uttarakhand","IN-UL","Bageshwar","IN-UL-BA"
"India","IN","Uttarakhand","IN-UL","Chamoli","IN-UL-CL"
"India","IN","Uttarakhand","IN-UL","Champawat","IN-UL-CP"
"India","IN","Uttarakhand","IN-UL","Dehradun","IN-UL-DD"
"India","IN","Uttarakhand","IN-UL","Hardwar","IN-UL-HA"
"India","IN","Uttarakhand","IN-UL","Nainital","IN-UL-NA"
"India","IN","Uttarakhand","IN-UL","Garhwal","IN-UL-PG"
"India","IN","Uttarakhand","IN-UL","Pithoragarh","IN-UL-PI"
"India","IN","Uttarakhand","IN-UL","Rudraprayag","IN-UL-RP"
"India","IN","Uttarakhand","IN-UL","Tehri Garhwal","IN-UL-TG"
"India","IN","Uttarakhand","IN-UL","Udham Singh Nagar","IN-UL-US"
"India","IN","Uttarakhand","IN-UL","Uttarkashi","IN-UL-UT"
"India","IN","Uttar Pradesh","IN-UP","Agra","IN-UP-AG"
"India","IN","Uttar Pradesh","IN-UP","Allahabad","IN-UP-AH"
"India","IN","Uttar Pradesh","IN-UP","Aligarh","IN-UP-AL"
"India","IN","Uttar Pradesh","IN-UP","Ambedkar Nagar","IN-UP-AN"
"India","IN","Uttar Pradesh","IN-UP","Auraiya","IN-UP-AU"
"India","IN","Uttar Pradesh","IN-UP","Azamgarh","IN-UP-AZ"
"India","IN","Uttar Pradesh","IN-UP","Bara Banki","IN-UP-BB"
"India","IN","Uttar Pradesh","IN-UP","Budaun","IN-UP-BD"
"India","IN","Uttar Pradesh","IN-UP","Baghpat","IN-UP-BG"
"India","IN","Uttar Pradesh","IN-UP","Bahraich","IN-UP-BH"
"India","IN","Uttar Pradesh","IN-UP","Bijnor","IN-UP-BI"
"India","IN","Uttar Pradesh","IN-UP","Ballia","IN-UP-BL"
"India","IN","Uttar Pradesh","IN-UP","Balrampur","IN-UP-BP"
"India","IN","Uttar Pradesh","IN-UP","Bareilly","IN-UP-BR"
"India","IN","Uttar Pradesh","IN-UP","Basti","IN-UP-BS"
"India","IN","Uttar Pradesh","IN-UP","Bulandshahr","IN-UP-BU"
"India","IN","Uttar Pradesh","IN-UP","Chandauli","IN-UP-CD"
"India","IN","Uttar Pradesh","IN-UP","Chitrakoot","IN-UP-CT"
"India","IN","Uttar Pradesh","IN-UP","Etah","IN-UP-ET"
"India","IN","Uttar Pradesh","IN-UP","Etawah","IN-UP-EW"
"India","IN","Uttar Pradesh","IN-UP","Firozabad","IN-UP-FI"
"India","IN","Uttar Pradesh","IN-UP","Farrukhabad","IN-UP-FR"
"India","IN","Uttar Pradesh","IN-UP","Fatehpur","IN-UP-FT"
"India","IN","Uttar Pradesh","IN-UP","Faizabad","IN-UP-FZ"
"India","IN","Uttar Pradesh","IN-UP","Gautam Buddha Nagar","IN-UP-GB"
"India","IN","Uttar Pradesh","IN-UP","Gonda","IN-UP-GN"
"India","IN","Uttar Pradesh","IN-UP","Ghazipur","IN-UP-GP"
"India","IN","Uttar Pradesh","IN-UP","Gorakhpur","IN-UP-GR"
"India","IN","Uttar Pradesh","IN-UP","Ghaziabad","IN-UP-GZ"
"India","IN","Uttar Pradesh","IN-UP","Hamirpur","IN-UP-HM"
"India","IN","Uttar Pradesh","IN-UP","Hardoi","IN-UP-HR"
"India","IN","Uttar Pradesh","IN-UP","Mahamaya Nagar","IN-UP-HT"
"India","IN","Uttar Pradesh","IN-UP","Jhansi","IN-UP-JH"
"India","IN","Uttar Pradesh","IN-UP","Jalaun","IN-UP-JL"
"India","IN","Uttar Pradesh","IN-UP","Jyotiba Phule Nagar","IN-UP-JP"
"India","IN","Uttar Pradesh","IN-UP","Jaunpur","IN-UP-JU"
"India","IN","Uttar Pradesh","IN-UP","Kanpur Dehat","IN-UP-KD"
"India","IN","Uttar Pradesh","IN-UP","Kannauj","IN-UP-KJ"
"India","IN","Uttar Pradesh","IN-UP","Kanpur Nagar","IN-UP-KN"
"India","IN","Uttar Pradesh","IN-UP","Kaushambi","IN-UP-KS"
"India","IN","Uttar Pradesh","IN-UP","Kushinagar","IN-UP-KU"
"India","IN","Uttar Pradesh","IN-UP","Lalitpur","IN-UP-LA"
"India","IN","Uttar Pradesh","IN-UP","Kheri","IN-UP-LK"
"India","IN","Uttar Pradesh","IN-UP","Lucknow","IN-UP-LU"
"India","IN","Uttar Pradesh","IN-UP","Mau","IN-UP-MA"
"India","IN","Uttar Pradesh","IN-UP","Meerut","IN-UP-ME"
"India","IN","Uttar Pradesh","IN-UP","Maharajganj","IN-UP-MG"
"India","IN","Uttar Pradesh","IN-UP","Mahoba","IN-UP-MH"
"India","IN","Uttar Pradesh","IN-UP","Mirzapur","IN-UP-MI"
"India","IN","Uttar Pradesh","IN-UP","Moradabad","IN-UP-MO"
"India","IN","Uttar Pradesh","IN-UP","Mainpuri","IN-UP-MP"
"India","IN","Uttar Pradesh","IN-UP","Mathura","IN-UP-MT"
"India","IN","Uttar Pradesh","IN-UP","Muzaffarnagar","IN-UP-MU"
"India","IN","Uttar Pradesh","IN-UP","Pilibhit","IN-UP-PI"
"India","IN","Uttar Pradesh","IN-UP","Pratapgarh","IN-UP-PR"
"India","IN","Uttar Pradesh","IN-UP","Rampur","IN-UP-RA"
"India","IN","Uttar Pradesh","IN-UP","Rae Bareli","IN-UP-RB"
"India","IN","Uttar Pradesh","IN-UP","Saharanpur","IN-UP-SA"
"India","IN","Uttar Pradesh","IN-UP","Sitapur","IN-UP-SI"
"India","IN","Uttar Pradesh","IN-UP","Shahjahanpur","IN-UP-SJ"
"India","IN","Uttar Pradesh","IN-UP","Sant Kabir Nagar","IN-UP-SK"
"India","IN","Uttar Pradesh","IN-UP","Siddharth Nagar","IN-UP-SN"
"India","IN","Uttar Pradesh","IN-UP","Sonbhadra","IN-UP-SO"
"India","IN","Uttar Pradesh","IN-UP","Sultanpur","IN-UP-SU"
"India","IN","Uttar Pradesh","IN-UP","Shrawasti","IN-UP-SV"
"India","IN","Uttar Pradesh","IN-UP","Unnao","IN-UP-UN"
"India","IN","Uttar Pradesh","IN-UP","Varanasi","IN-UP-VA"
"India","IN","Uttar Pradesh","IN-UP",NA,NA
"India","IN","West Bengal","IN-WB","Birbhum","IN-WB-BI"
"India","IN","West Bengal","IN-WB","Bankura","IN-WB-BN"
"India","IN","West Bengal","IN-WB","Barddhaman","IN-WB-BR"
"India","IN","West Bengal","IN-WB","Darjiling","IN-WB-DA"
"India","IN","West Bengal","IN-WB","Dakshin Dinajpur","IN-WB-DD"
"India","IN","West Bengal","IN-WB","Hooghly","IN-WB-HG"
"India","IN","West Bengal","IN-WB","Haora","IN-WB-HR"
"India","IN","West Bengal","IN-WB","Jalpaiguri","IN-WB-JA"
"India","IN","West Bengal","IN-WB","Koch Bihar","IN-WB-KB"
"India","IN","West Bengal","IN-WB","Kolkata","IN-WB-KO"
"India","IN","West Bengal","IN-WB","Maldah","IN-WB-MA"
"India","IN","West Bengal","IN-WB","Purba Medinipur","IN-WB-ME"
"India","IN","West Bengal","IN-WB","Murshidabad","IN-WB-MU"
"India","IN","West Bengal","IN-WB","Pashchim Medinipur","IN-WB-MW"
"India","IN","West Bengal","IN-WB","Nadia","IN-WB-NA"
"India","IN","West Bengal","IN-WB","North 24 Parganas","IN-WB-PN"
"India","IN","West Bengal","IN-WB","South 24 Parganas","IN-WB-PS"
"India","IN","West Bengal","IN-WB","Puruliya","IN-WB-PU"
"India","IN","West Bengal","IN-WB","Uttar Dinajpur","IN-WB-UD"
"India","IN","West Bengal","IN-WB",NA,NA
