species,scientific,essential,discard,remarks
Fulvous Whistling-Duck,Dendrocygna bicolor,1,,
Lesser Whistling-Duck,Dendrocygna javanica,,,
Bar-headed Goose,Anser indicus,1,,
Graylag Goose,Anser anser,,,
Greater White-fronted Goose,Anser albifrons,,1,Too uncommon
Lesser White-fronted Goose,Anser erythropus,,1,
Taiga Bean-Goose,Anser fabalis,,1,
Tundra Bean-Goose,Anser serrirostris,,1,
Red-breasted Goose,Branta ruficollis,,1,
Mute Swan,Cygnus olor,,1,
Tundra Swan,Cygnus columbianus,,1,
Whooper Swan,Cygnus cygnus,,1,
Knob-billed Duck,Sarkidiornis melanotos,1,,
Ruddy Shelduck,Tadorna ferruginea,,,
Common Shelduck,Tadorna tadorna,,,
Cotton Pygmy-Goose,Nettapus coromandelianus,,,
Mandarin Duck,Aix galericulata,,1,
Baikal Teal,Sibirionetta formosa,,,
Garganey,Spatula querquedula,,,
Northern Shoveler,Spatula clypeata,,,
Gadwall,Mareca strepera,,,
Falcated Duck,Mareca falcata,,,
Eurasian Wigeon,Mareca penelope,,,
Indian Spot-billed Duck,Anas poecilorhyncha,,,
Eastern Spot-billed Duck,Anas zonorhyncha,,1,Edge of the range
Mallard,Anas platyrhynchos,,,
Northern Pintail,Anas acuta,,,
Green-winged Teal,Anas crecca,,,
Andaman Teal,Anas albogularis,,,
Marbled Teal,Marmaronetta angustirostris,,,Species of concern?
Pink-headed Duck,Rhodonessa caryophyllacea,,1,
White-winged Duck,Asarcornis scutulata,1,,
Red-crested Pochard,Netta rufina,,,
Common Pochard,Aythya ferina,,,
Ferruginous Duck,Aythya nyroca,,,
Baer's Pochard,Aythya baeri,,,
Tufted Duck,Aythya fuligula,,,
Greater Scaup,Aythya marila,,,
Long-tailed Duck,Clangula hyemalis,,1,
Common Goldeneye,Bucephala clangula,,1,
Smew,Mergellus albellus,,1,
Common Merganser,Mergus merganser,,,
Red-breasted Merganser,Mergus serrator,,1,
White-headed Duck,Oxyura leucocephala,,1,
Nicobar Scrubfowl,Megapodius nicobariensis,,,
Hill Partridge,Arborophila torqueola,,,
Chestnut-breasted Partridge,Arborophila mandellii,,,
Rufous-throated Partridge,Arborophila rufogularis,1,,
White-cheeked Partridge,Arborophila atrogularis,,,
Indian Peafowl,Pavo cristatus,,,
Green Peafowl,Pavo muticus,,1,
Red Spurfowl,Galloperdix spadicea,,,
Painted Spurfowl,Galloperdix lunulata,,,
Gray Peacock-Pheasant,Polyplectron bicalcaratum,,,
Blue-breasted Quail,Synoicus chinensis,,,
Japanese Quail,Coturnix japonica,,1,
Common Quail,Coturnix coturnix,,,
Rain Quail,Coturnix coromandelica,1,,
Chukar,Alectoris chukar,,,
Tibetan Snowcock,Tetraogallus tibetanus,,,
Himalayan Snowcock,Tetraogallus himalayensis,,,
Jungle Bush-Quail,Perdicula asiatica,,,
Rock Bush-Quail,Perdicula argoondah,,,
Painted Bush-Quail,Perdicula erythrorhyncha,,,
Manipur Bush-Quail,Perdicula manipurensis,,,
Himalayan Quail,Ophrysia superciliosa,,,
Black Francolin,Francolinus francolinus,1,,
Painted Francolin,Francolinus pictus,,,
Chinese Francolin,Francolinus pintadeanus,,1,
Gray Francolin,Francolinus pondicerianus,1,,
Swamp Francolin,Francolinus gularis,,,
Mountain Bamboo-Partridge,Bambusicola fytchii,1,,
Red Junglefowl,Gallus gallus,,,
Gray Junglefowl,Gallus sonneratii,,,
Blood Pheasant,Ithaginis cruentus,1,,
Himalayan Monal,Lophophorus impejanus,,,
Sclater's Monal,Lophophorus sclateri,,,
Snow Partridge,Lerwa lerwa,1,,
Western Tragopan,Tragopan melanocephalus,,,
Satyr Tragopan,Tragopan satyra,,,
Blyth's Tragopan,Tragopan blythii,,,
Temminck's Tragopan,Tragopan temminckii,,,
Hume's Pheasant,Syrmaticus humiae,,1,
Cheer Pheasant,Catreus wallichii,,,
Kalij Pheasant,Lophura leucomelanos,1,,
Tibetan Partridge,Perdix hodgsoniae,,,
Koklass Pheasant,Pucrasia macrolopha,1,,
Greater Flamingo,Phoenicopterus roseus,1,,
Lesser Flamingo,Phoeniconaias minor,1,,
Little Grebe,Tachybaptus ruficollis,,,
Horned Grebe,Podiceps auritus,,1,
Red-necked Grebe,Podiceps grisegena,,1,
Great Crested Grebe,Podiceps cristatus,,,
Eared Grebe,Podiceps nigricollis,,,
Rock Pigeon,Columba livia,,,
Hill Pigeon,Columba rupestris,1,,
Snow Pigeon,Columba leuconota,1,,
Pale-backed Pigeon,Columba eversmanni,1,,
Common Wood-Pigeon,Columba palumbus,,,
Speckled Wood-Pigeon,Columba hodgsonii,1,,
Ashy Wood-Pigeon,Columba pulchricollis,1,,
Nilgiri Wood-Pigeon,Columba elphinstonii,,,
Pale-capped Pigeon,Columba punicea,1,,
Andaman Wood-Pigeon,Columba palumboides,,,
European Turtle-Dove,Streptopelia turtur,,1,
Oriental Turtle-Dove,Streptopelia orientalis,,,
Eurasian Collared-Dove,Streptopelia decaocto,,,
Red Collared-Dove,Streptopelia tranquebarica,,,
Spotted Dove,Streptopelia chinensis,,,
Laughing Dove,Streptopelia senegalensis,,,
Barred Cuckoo-Dove,Macropygia unchall,,,
Andaman Cuckoo-Dove,Macropygia rufipennis,,,
Namaqua Dove,Oena capensis,,1,
Asian Emerald Dove,Chalcophaps indica,,,
Nicobar Pigeon,Caloenas nicobarica,,,
Orange-breasted Pigeon,Treron bicinctus,1,,
Gray-fronted Green-Pigeon,Treron affinis,,,
Andaman Green-Pigeon,Treron chloropterus,,,
Ashy-headed Green-Pigeon,Treron phayrei,,,
Thick-billed Pigeon,Treron curvirostra,,,
Yellow-footed Pigeon,Treron phoenicopterus,1,,
Pin-tailed Pigeon,Treron apicauda,,,
Wedge-tailed Pigeon,Treron sphenurus,,,
Green Imperial-Pigeon,Ducula aenea,1,,
Nicobar Imperial-Pigeon,Ducula nicobarica,,,
Mountain Imperial-Pigeon,Ducula badia,1,,
Pied Imperial-Pigeon,Ducula bicolor,,,
Tibetan Sandgrouse,Syrrhaptes tibetanus,1,,
Pallas's Sandgrouse,Syrrhaptes paradoxus,,1,
Pin-tailed Sandgrouse,Pterocles alchata,,1,
Chestnut-bellied Sandgrouse,Pterocles exustus,1,,
Spotted Sandgrouse,Pterocles senegallus,,,
Black-bellied Sandgrouse,Pterocles orientalis,,,
Painted Sandgrouse,Pterocles indicus,,,
Indian Bustard,Ardeotis nigriceps,,,
Macqueen's Bustard,Chlamydotis macqueenii,,,
Bengal Florican,Houbaropsis bengalensis,1,,
Lesser Florican,Sypheotides indicus,,,
Little Bustard,Tetrax tetrax,,,
Andaman Coucal,Centropus andamanensis,1,,
Greater Coucal,Centropus sinensis,1,,
Lesser Coucal,Centropus bengalensis,1,,
Sirkeer Malkoha,Taccocua leschenaultii,,,
Blue-faced Malkoha,Phaenicophaeus viridirostris,,,
Green-billed Malkoha,Phaenicophaeus tristis,,,
Chestnut-winged Cuckoo,Clamator coromandus,,,
Pied Cuckoo,Clamator jacobinus,1,,
Asian Koel,Eudynamys scolopaceus,1,,
Asian Emerald Cuckoo,Chrysococcyx maculatus,,,
Violet Cuckoo,Chrysococcyx xanthorhynchus,,,
Horsfield's Bronze-Cuckoo,Chrysococcyx basalis,,1,
Banded Bay Cuckoo,Cacomantis sonneratii,,,
Plaintive Cuckoo,Cacomantis merulinus,,,
Gray-bellied Cuckoo,Cacomantis passerinus,,,
Fork-tailed Drongo-Cuckoo,Surniculus dicruroides,,,
Square-tailed Drongo-Cuckoo,Surniculus lugubris,,,
Large Hawk-Cuckoo,Hierococcyx sparverioides,,,
Common Hawk-Cuckoo,Hierococcyx varius,,,
Hodgson's Hawk-Cuckoo,Hierococcyx nisicolor,,,
Lesser Cuckoo,Cuculus poliocephalus,,,
Indian Cuckoo,Cuculus micropterus,1,,
Himalayan Cuckoo,Cuculus saturatus,1,,
Common Cuckoo,Cuculus canorus,,,
Sri Lanka Frogmouth,Batrachostomus moniliger,,,
Hodgson's Frogmouth,Batrachostomus hodgsoni,1,,
Great Eared-Nightjar,Lyncornis macrotis,1,,
Jungle Nightjar,Caprimulgus indicus,,,
Gray Nightjar,Caprimulgus jotaka,,,
Eurasian Nightjar,Caprimulgus europaeus,,1,Edge of the range
Sykes's Nightjar,Caprimulgus mahrattensis,1,,
Large-tailed Nightjar,Caprimulgus macrurus,,,
Andaman Nightjar,Caprimulgus andamanicus,,,
Jerdon's Nightjar,Caprimulgus atripennis,,,
Indian Nightjar,Caprimulgus asiaticus,1,,
Savanna Nightjar,Caprimulgus affinis,1,,
White-rumped Needletail,Zoonavena sylvatica,,,
White-throated Needletail,Hirundapus caudacutus,,,
Silver-backed Needletail,Hirundapus cochinchinensis,,,
Brown-backed Needletail,Hirundapus giganteus,1,,
Plume-toed Swiftlet,Collocalia affinis,1,,
Indian Swiftlet,Aerodramus unicolor,,,
Himalayan Swiftlet,Aerodramus brevirostris,1,,
White-nest Swiftlet,Aerodramus fuciphagus,,,
Alpine Swift,Apus melba,,,
Common Swift,Apus apus,,,
Pacific Swift,Apus pacificus,,1,
Blyth's Swift,Apus leuconyx,1,,
Dark-rumped Swift,Apus acuticauda,1,,
Little Swift,Apus affinis,1,,
House Swift,Apus nipalensis,,1,Probably does not occur in Indian subcontinent
Asian Palm-Swift,Cypsiurus balasiensis,1,,
Crested Treeswift,Hemiprocne coronata,1,,
Water Rail,Rallus aquaticus,,,
Brown-cheeked Rail,Rallus indicus,,,
Corn Crake,Crex crex,,1,
Slaty-breasted Rail,Lewinia striata,,,
Spotted Crake,Porzana porzana,,,
Eurasian Moorhen,Gallinula chloropus,,,
Eurasian Coot,Fulica atra,,,
Gray-headed Swamphen,Porphyrio poliocephalus,,,
Watercock,Gallicrex cinerea,,,
White-breasted Waterhen,Amaurornis phoenicurus,,,
White-browed Crake,Amaurornis cinerea,,1,
Andaman Crake,Rallina canningi,,,
Slaty-legged Crake,Rallina eurizonoides,1,,
Ruddy-breasted Crake,Zapornia fusca,,,
Brown Crake,Zapornia akool,1,,
Little Crake,Zapornia parva,,1,
Baillon's Crake,Zapornia pusilla,1,,
Black-tailed Crake,Zapornia bicolor,1,,
Masked Finfoot,Heliopais personatus,,1,
Demoiselle Crane,Anthropoides virgo,1,,
Siberian Crane,Leucogeranus leucogeranus,,1,
Sarus Crane,Antigone antigone,1,,
Common Crane,Grus grus,,,
Black-necked Crane,Grus nigricollis,1,,
Indian Thick-knee,Burhinus indicus,1,,
Great Thick-knee,Esacus recurvirostris,1,,
Beach Thick-knee,Esacus magnirostris,,1,
Black-winged Stilt,Himantopus himantopus,,,
Pied Avocet,Recurvirostra avosetta,,,
Ibisbill,Ibidorhyncha struthersii,,,
Eurasian Oystercatcher,Haematopus ostralegus,,,
Black-bellied Plover,Pluvialis squatarola,,,
European Golden-Plover,Pluvialis apricaria,,1,
Pacific Golden-Plover,Pluvialis fulva,,,
Northern Lapwing,Vanellus vanellus,,,
River Lapwing,Vanellus duvaucelii,,,
Yellow-wattled Lapwing,Vanellus malabaricus,,,
Gray-headed Lapwing,Vanellus cinereus,,,
Red-wattled Lapwing,Vanellus indicus,,,
Sociable Lapwing,Vanellus gregarius,1,,
White-tailed Lapwing,Vanellus leucurus,,,
Lesser Sand-Plover,Charadrius mongolus,,,
Greater Sand-Plover,Charadrius leschenaultii,,,
Caspian Plover,Charadrius asiaticus,,1,
Kentish Plover,Charadrius alexandrinus,,,
Common Ringed Plover,Charadrius hiaticula,,,
Long-billed Plover,Charadrius placidus,,,
Little Ringed Plover,Charadrius dubius,,,
Oriental Plover,Charadrius veredus,,1,
Greater Painted-Snipe,Rostratula benghalensis,,,
Pheasant-tailed Jacana,Hydrophasianus chirurgus,,,
Bronze-winged Jacana,Metopidius indicus,,,
Whimbrel,Numenius phaeopus,,,
Eurasian Curlew,Numenius arquata,,,
Bar-tailed Godwit,Limosa lapponica,,,
Black-tailed Godwit,Limosa limosa,,,
Ruddy Turnstone,Arenaria interpres,,,
Great Knot,Calidris tenuirostris,1,,
Red Knot,Calidris canutus,,1,
Ruff,Calidris pugnax,,,
Broad-billed Sandpiper,Calidris falcinellus,,,
Sharp-tailed Sandpiper,Calidris acuminata,,1,
Curlew Sandpiper,Calidris ferruginea,,,
Temminck's Stint,Calidris temminckii,,,
Long-toed Stint,Calidris subminuta,,,
Spoon-billed Sandpiper,Calidris pygmea,,1,
Red-necked Stint,Calidris ruficollis,,,
Sanderling,Calidris alba,,,
Dunlin,Calidris alpina,,,
Little Stint,Calidris minuta,,,
Buff-breasted Sandpiper,Calidris subruficollis,,1,
Pectoral Sandpiper,Calidris melanotos,,1,
Asian Dowitcher,Limnodromus semipalmatus,,1,
Long-billed Dowitcher,Limnodromus scolopaceus,,1,
Jack Snipe,Lymnocryptes minimus,,,
Eurasian Woodcock,Scolopax rusticola,,,
Solitary Snipe,Gallinago solitaria,,,
Wood Snipe,Gallinago nemoricola,,,
Great Snipe,Gallinago media,,1,
Common Snipe,Gallinago gallinago,,,
Pin-tailed Snipe,Gallinago stenura,,,
Swinhoe's Snipe,Gallinago megala,,1,Not useful to use eBird data
Terek Sandpiper,Xenus cinereus,,,
Red-necked Phalarope,Phalaropus lobatus,,,
Red Phalarope,Phalaropus fulicarius,,1,
Common Sandpiper,Actitis hypoleucos,,,
Green Sandpiper,Tringa ochropus,,,
Gray-tailed Tattler,Tringa brevipes,,1,
Spotted Redshank,Tringa erythropus,,,
Common Greenshank,Tringa nebularia,,,
Marsh Sandpiper,Tringa stagnatilis,,,
Wood Sandpiper,Tringa glareola,,,
Common Redshank,Tringa totanus,,,
Small Buttonquail,Turnix sylvaticus,,,
Yellow-legged Buttonquail,Turnix tanki,1,,
Barred Buttonquail,Turnix suscitator,,,
Crab-Plover,Dromas ardeola,,,
Cream-colored Courser,Cursorius cursor,,,
Indian Courser,Cursorius coromandelicus,,,
Jerdon's Courser,Rhinoptilus bitorquatus,,,
Collared Pratincole,Glareola pratincola,,,
Oriental Pratincole,Glareola maldivarum,1,,
Small Pratincole,Glareola lactea,,,
South Polar Skua,Stercorarius maccormicki,,1,
Brown Skua,Stercorarius antarcticus,,1,
Pomarine Jaeger,Stercorarius pomarinus,,,
Parasitic Jaeger,Stercorarius parasiticus,,,
Long-tailed Jaeger,Stercorarius longicaudus,,1,
Black-legged Kittiwake,Rissa tridactyla,,1,
Sabine's Gull,Xema sabini,,1,
Slender-billed Gull,Chroicocephalus genei,,,
Black-headed Gull,Chroicocephalus ridibundus,,,
Brown-headed Gull,Chroicocephalus brunnicephalus,,,
Little Gull,Hydrocoloeus minutus,,1,
Franklin's Gull,Leucophaeus pipixcan,,1,
White-eyed Gull,Ichthyaetus leucophthalmus,,1,
Sooty Gull,Ichthyaetus hemprichii,,1,
Pallas's Gull,Ichthyaetus ichthyaetus,,,
Mew Gull,Larus canus,,1,
Herring Gull,Larus argentatus,,1,
Caspian Gull,Larus cachinnans,,1,
Lesser Black-backed Gull,Larus fuscus,,,
Brown Noddy,Anous stolidus,,1,
Black Noddy,Anous minutus,,1,
Lesser Noddy,Anous tenuirostris,,1,
White Tern,Gygis alba,,1,
Sooty Tern,Onychoprion fuscatus,,,
Bridled Tern,Onychoprion anaethetus,,,
Little Tern,Sternula albifrons,,,
Saunders's Tern,Sternula saundersi,,,
Gull-billed Tern,Gelochelidon nilotica,,,
Caspian Tern,Hydroprogne caspia,,,
Black Tern,Chlidonias niger,,1,
White-winged Tern,Chlidonias leucopterus,,,
Whiskered Tern,Chlidonias hybrida,,,
Roseate Tern,Sterna dougallii,,1,
Black-naped Tern,Sterna sumatrana,,1,
Common Tern,Sterna hirundo,,,
Arctic Tern,Sterna paradisaea,,1,
Black-bellied Tern,Sterna acuticauda,1,,
River Tern,Sterna aurantia,1,,
White-cheeked Tern,Sterna repressa,,1,
Great Crested Tern,Thalasseus bergii,,,
Sandwich Tern,Thalasseus sandvicensis,,,
Lesser Crested Tern,Thalasseus bengalensis,,,
Indian Skimmer,Rynchops albicollis,1,,
White-tailed Tropicbird,Phaethon lepturus,,1,
Red-billed Tropicbird,Phaethon aethereus,,1,
Red-tailed Tropicbird,Phaethon rubricauda,,1,
Red-throated Loon,Gavia stellata,,1,
Arctic Loon,Gavia arctica,,1,
Wilson's Storm-Petrel,Oceanites oceanicus,,,
White-faced Storm-Petrel,Pelagodroma marina,,1,
Black-bellied Storm-Petrel,Fregetta tropica,,1,
Swinhoe's Storm-Petrel,Oceanodroma monorhis,,,
Barau's Petrel,Pterodroma baraui,,1,
Jouanin's Petrel,Bulweria fallax,,1,
Streaked Shearwater,Calonectris leucomelas,,1,
Cory's Shearwater,Calonectris diomedea,,1,
Flesh-footed Shearwater,Ardenna carneipes,,,
Wedge-tailed Shearwater,Ardenna pacifica,,1,
Short-tailed Shearwater,Ardenna tenuirostris,,1,
Tropical Shearwater,Puffinus bailloni,,1,
Persian Shearwater,Puffinus persicus,,,
Asian Openbill,Anastomus oscitans,,,
Black Stork,Ciconia nigra,,,
Woolly-necked Stork,Ciconia episcopus,1,,
White Stork,Ciconia ciconia,,,
Black-necked Stork,Ephippiorhynchus asiaticus,,,
Lesser Adjutant,Leptoptilos javanicus,,,
Greater Adjutant,Leptoptilos dubius,1,,
Painted Stork,Mycteria leucocephala,1,,
Lesser Frigatebird,Fregata ariel,,1,
Christmas Island Frigatebird,Fregata andrewsi,,1,
Great Frigatebird,Fregata minor,,1,
Masked Booby,Sula dactylatra,,,
Brown Booby,Sula leucogaster,,1,
Red-footed Booby,Sula sula,,1,
Oriental Darter,Anhinga melanogaster,,,
Little Cormorant,Microcarbo niger,,,
Great Cormorant,Phalacrocorax carbo,,,
Indian Cormorant,Phalacrocorax fuscicollis,1,,
Great White Pelican,Pelecanus onocrotalus,,,
Spot-billed Pelican,Pelecanus philippensis,1,,
Dalmatian Pelican,Pelecanus crispus,,,
Great Bittern,Botaurus stellaris,,,
Yellow Bittern,Ixobrychus sinensis,,,
Little Bittern,Ixobrychus minutus,,,
Cinnamon Bittern,Ixobrychus cinnamomeus,,,
Black Bittern,Ixobrychus flavicollis,,,
Gray Heron,Ardea cinerea,,,
White-bellied Heron,Ardea insignis,1,,
Goliath Heron,Ardea goliath,,,
Purple Heron,Ardea purpurea,,,
Great Egret,Ardea alba,,,
Intermediate Egret,Ardea intermedia,,,
Chinese Egret,Egretta eulophotes,,1,
Little Egret,Egretta garzetta,,,
Western Reef-Heron,Egretta gularis,,,
Pacific Reef-Heron,Egretta sacra,,,
Cattle Egret,Bubulcus ibis,,,
Indian Pond-Heron,Ardeola grayii,1,,
Chinese Pond-Heron,Ardeola bacchus,,1,Edge of range
Javan Pond-Heron,Ardeola speciosa,,1,
Striated Heron,Butorides striata,,,
Black-crowned Night-Heron,Nycticorax nycticorax,,,
White-eared Night-Heron,Gorsachius magnificus,,1,
Malayan Night-Heron,Gorsachius melanolophus,1,,
Glossy Ibis,Plegadis falcinellus,,,
Black-headed Ibis,Threskiornis melanocephalus,,,
Red-naped Ibis,Pseudibis papillosa,,,
Eurasian Spoonbill,Platalea leucorodia,,,
Osprey,Pandion haliaetus,,,
Black-winged Kite,Elanus caeruleus,,,
Bearded Vulture,Gypaetus barbatus,,,
Egyptian Vulture,Neophron percnopterus,,,
Oriental Honey-buzzard,Pernis ptilorhynchus,,,
Jerdon's Baza,Aviceda jerdoni,1,,
Black Baza,Aviceda leuphotes,,,
Red-headed Vulture,Sarcogyps calvus,1,,
Cinereous Vulture,Aegypius monachus,,,
White-rumped Vulture,Gyps bengalensis,1,,
Indian Vulture,Gyps indicus,,,
Slender-billed Vulture,Gyps tenuirostris,1,,
Himalayan Griffon,Gyps himalayensis,1,,
Eurasian Griffon,Gyps fulvus,,,
Nicobar Serpent-Eagle,Spilornis klossi,,,
Crested Serpent-Eagle,Spilornis cheela,,,
Andaman Serpent-Eagle,Spilornis elgini,,,
Short-toed Snake-Eagle,Circaetus gallicus,,,
Changeable Hawk-Eagle,Nisaetus limnaeetus,,,
Crested Hawk-Eagle,Nisaetus cirrhatus,,,
Mountain Hawk-Eagle,Nisaetus nipalensis,,,
Legge's Hawk-Eagle,Nisaetus kelaarti,,,
Rufous-bellied Eagle,Lophotriorchis kienerii,,,
Black Eagle,Ictinaetus malaiensis,,,
Indian Spotted Eagle,Clanga hastata,1,,
Greater Spotted Eagle,Clanga clanga,,,
Booted Eagle,Hieraaetus pennatus,,,
Tawny Eagle,Aquila rapax,1,,
Steppe Eagle,Aquila nipalensis,1,,
Imperial Eagle,Aquila heliaca,,,
Golden Eagle,Aquila chrysaetos,,,
Bonelli's Eagle,Aquila fasciata,1,,
White-eyed Buzzard,Butastur teesa,,,
Gray-faced Buzzard,Butastur indicus,,1,
Eurasian Marsh-Harrier,Circus aeruginosus,,,
Eastern Marsh-Harrier,Circus spilonotus,,1,
Hen Harrier,Circus cyaneus,,,
Pallid Harrier,Circus macrourus,1,,
Pied Harrier,Circus melanoleucos,,,
Montagu's Harrier,Circus pygargus,1,,
Crested Goshawk,Accipiter trivirgatus,,,
Shikra,Accipiter badius,1,,
Nicobar Sparrowhawk,Accipiter butleri,,,
Chinese Sparrowhawk,Accipiter soloensis,,1,
Japanese Sparrowhawk,Accipiter gularis,,1,
Besra,Accipiter virgatus,,,
Eurasian Sparrowhawk,Accipiter nisus,,,
Northern Goshawk,Accipiter gentilis,,,
Red Kite,Milvus milvus,,1,
Black Kite,Milvus migrans,,,
Brahminy Kite,Haliastur indus,1,,
White-tailed Eagle,Haliaeetus albicilla,,1,
Pallas's Fish-Eagle,Haliaeetus leucoryphus,1,,
White-bellied Sea-Eagle,Haliaeetus leucogaster,,,
Lesser Fish-Eagle,Haliaeetus humilis,1,,
Gray-headed Fish-Eagle,Haliaeetus ichthyaetus,,,
Common Buzzard,Buteo buteo,,,
Himalayan Buzzard,Buteo refectus,,,
Long-legged Buzzard,Buteo rufinus,,,
Upland Buzzard,Buteo hemilasius,,,
Australasian Grass-Owl,Tyto longimembris,,1,Edge of range
Barn Owl,Tyto alba,1,,
Andaman Masked-Owl,Tyto deroepstorffi,,,
Oriental Bay-Owl,Phodilus badius,,,
Sri Lanka Bay-Owl,Phodilus assimilis,,,
Andaman Scops-Owl,Otus balli,,,
Mountain Scops-Owl,Otus spilocephalus,,,
Indian Scops-Owl,Otus bakkamoena,,,
Collared Scops-Owl,Otus lettia,,,
Nicobar Scops-Owl,Otus alius,,,
Eurasian Scops-Owl,Otus scops,,1,
Pallid Scops-Owl,Otus brucei,,,
Oriental Scops-Owl,Otus sunia,,,
Eurasian Eagle-Owl,Bubo bubo,,1,Edge of range ?
Rock Eagle-Owl,Bubo bengalensis,,,
Spot-bellied Eagle-Owl,Bubo nipalensis,,,
Dusky Eagle-Owl,Bubo coromandus,1,,
Brown Fish-Owl,Ketupa zeylonensis,1,,
Tawny Fish-Owl,Ketupa flavipes,1,,
Buffy Fish-Owl,Ketupa ketupu,,1,Edge of range ?
Collared Owlet,Glaucidium brodiei,,,
Asian Barred Owlet,Glaucidium cuculoides,,,
Jungle Owlet,Glaucidium radiatum,,,
Spotted Owlet,Athene brama,1,,
Little Owl,Athene noctua,,,
Forest Owlet,Athene blewitti,,,
Mottled Wood-Owl,Strix ocellata,,,
Brown Wood-Owl,Strix leptogrammica,1,,
Tawny Owl,Strix aluco,,,Edge of range
Himalayan Owl,Strix nivicolum,,,
Long-eared Owl,Asio otus,,1,Edge of range
Short-eared Owl,Asio flammeus,,,
Boreal Owl,Aegolius funereus,,1,
Andaman Boobook,Ninox affinis,,,
Brown Boobook,Ninox scutulata,,,
Hume's Boobook,Ninox obscura,,,
Malabar Trogon,Harpactes fasciatus,,,
Red-headed Trogon,Harpactes erythrocephalus,,,
Ward's Trogon,Harpactes wardi,1,,
Eurasian Hoopoe,Upupa epops,,,
Great Hornbill,Buceros bicornis,1,,
Brown Hornbill,Anorrhinus austeni,1,,
Indian Gray Hornbill,Ocyceros birostris,,,
Malabar Gray Hornbill,Ocyceros griseus,,,
Malabar Pied-Hornbill,Anthracoceros coronatus,,,
Oriental Pied-Hornbill,Anthracoceros albirostris,1,,
Rufous-necked Hornbill,Aceros nipalensis,1,,
Wreathed Hornbill,Rhyticeros undulatus,1,,
Narcondam Hornbill,Rhyticeros narcondami,,,
Blyth's Kingfisher,Alcedo hercules,,,
Common Kingfisher,Alcedo atthis,,,
Blue-eared Kingfisher,Alcedo meninting,1,,
Black-backed Dwarf-Kingfisher,Ceyx erithaca,1,,
Rufous-backed Dwarf-Kingfisher,Ceyx rufidorsa,,1,Vagrant?
Brown-winged Kingfisher,Pelargopsis amauroptera,,,
Stork-billed Kingfisher,Pelargopsis capensis,,,
Ruddy Kingfisher,Halcyon coromanda,,,
White-throated Kingfisher,Halcyon smyrnensis,,,
Black-capped Kingfisher,Halcyon pileata,,,
Collared Kingfisher,Todiramphus chloris,,,
Crested Kingfisher,Megaceryle lugubris,,,
Pied Kingfisher,Ceryle rudis,,,
Blue-bearded Bee-eater,Nyctyornis athertoni,1,,
Green Bee-eater,Merops orientalis,,,
Blue-throated Bee-eater,Merops viridis,,1,
Blue-cheeked Bee-eater,Merops persicus,,,
Blue-tailed Bee-eater,Merops philippinus,,,
European Bee-eater,Merops apiaster,,,
Chestnut-headed Bee-eater,Merops leschenaulti,,,
European Roller,Coracias garrulus,,,
Indian Roller,Coracias benghalensis,1,,
Dollarbird,Eurystomus orientalis,,,
Malabar Barbet,Psilopogon malabaricus,,,
Coppersmith Barbet,Psilopogon haemacephalus,,,
Blue-eared Barbet,Psilopogon duvaucelii,,,
Great Barbet,Psilopogon virens,,,
Lineated Barbet,Psilopogon lineatus,,,
Brown-headed Barbet,Psilopogon zeylanicus,,,
White-cheeked Barbet,Psilopogon viridis,,,
Golden-throated Barbet,Psilopogon franklinii,,,
Blue-throated Barbet,Psilopogon asiaticus,,,
Yellow-rumped Honeyguide,Indicator xanthonotus,,,
Eurasian Wryneck,Jynx torquilla,,,
Speckled Piculet,Picumnus innominatus,1,,
White-browed Piculet,Sasia ochracea,,,
Heart-spotted Woodpecker,Hemicircus canente,1,,
Brown-capped Woodpecker,Yungipicus nanus,,,
Gray-capped Woodpecker,Yungipicus canicapillus,,,
Yellow-crowned Woodpecker,Leiopicus mahrattensis,1,,
Brown-fronted Woodpecker,Dendrocoptes auriceps,1,,
Rufous-bellied Woodpecker,Dendrocopos hyperythrus,,,
Fulvous-breasted Woodpecker,Dendrocopos macei,1,,
Freckle-breasted Woodpecker,Dendrocopos analis,,,
Stripe-breasted Woodpecker,Dendrocopos atratus,,1,Edge of range
Darjeeling Woodpecker,Dendrocopos darjellensis,1,,
Great Spotted Woodpecker,Dendrocopos major,,1,
Himalayan Woodpecker,Dendrocopos himalayensis,,,
Sind Woodpecker,Dendrocopos assimilis,,1,
Crimson-breasted Woodpecker,Dryobates cathpharius,,,
Bay Woodpecker,Blythipicus pyrrhotis,,,
Greater Flameback,Chrysocolaptes guttacristatus,,,
White-naped Woodpecker,Chrysocolaptes festivus,,,
Rufous Woodpecker,Micropternus brachyurus,,,
Pale-headed Woodpecker,Gecinulus grantia,1,,
Himalayan Flameback,Dinopium shorii,1,,
Common Flameback,Dinopium javanense,1,,
Black-rumped Flameback,Dinopium benghalense,,,
Lesser Yellownape,Picus chlorolophus,,,
Streak-throated Woodpecker,Picus xanthopygaeus,1,,
Scaly-bellied Woodpecker,Picus squamatus,,,
Gray-headed Woodpecker,Picus canus,,,
Greater Yellownape,Chrysophlegma flavinucha,,,
Great Slaty Woodpecker,Mulleripicus pulverulentus,1,,
White-bellied Woodpecker,Dryocopus javensis,1,,
Andaman Woodpecker,Dryocopus hodgei,,,
Collared Falconet,Microhierax caerulescens,1,,
Pied Falconet,Microhierax melanoleucos,,,
Lesser Kestrel,Falco naumanni,,,
Eurasian Kestrel,Falco tinnunculus,,,
Red-necked Falcon,Falco chicquera,1,,
Red-footed Falcon,Falco vespertinus,,1,
Amur Falcon,Falco amurensis,1,,
Merlin,Falco columbarius,,,
Eurasian Hobby,Falco subbuteo,,,
Oriental Hobby,Falco severus,,,
Laggar Falcon,Falco jugger,1,,
Saker Falcon,Falco cherrug,,,
Peregrine Falcon,Falco peregrinus,,,
Alexandrine Parakeet,Psittacula eupatria,1,,
Rose-ringed Parakeet,Psittacula krameri,1,,
Slaty-headed Parakeet,Psittacula himalayana,,,
Gray-headed Parakeet,Psittacula finschii,,,
Plum-headed Parakeet,Psittacula cyanocephala,,,
Blossom-headed Parakeet,Psittacula roseata,,,
Malabar Parakeet,Psittacula columboides,,,
Derbyan Parakeet,Psittacula derbiana,,1,Edge of range
Red-breasted Parakeet,Psittacula alexandri,,,
Nicobar Parakeet,Psittacula caniceps,,,
Long-tailed Parakeet,Psittacula longicauda,,,
Vernal Hanging-Parrot,Loriculus vernalis,,,
Long-tailed Broadbill,Psarisomus dalhousiae,,,
Silver-breasted Broadbill,Serilophus lunatus,,,
Blue-naped Pitta,Hydrornis nipalensis,1,,
Blue Pitta,Hydrornis cyaneus,,1,
Indian Pitta,Pitta brachyura,,,
Blue-winged Pitta,Pitta moluccensis,,1,
Hooded Pitta,Pitta sordida,,,
Mangrove Pitta,Pitta megarhyncha,,,Edge of range ?
Malabar Woodshrike,Tephrodornis sylvicola,,,
Large Woodshrike,Tephrodornis virgatus,,,
Common Woodshrike,Tephrodornis pondicerianus,1,,
Bar-winged Flycatcher-shrike,Hemipus picatus,,,
Ashy Woodswallow,Artamus fuscus,1,,
White-breasted Woodswallow,Artamus leucorynchus,,1,Edge of range
Common Iora,Aegithina tiphia,,,
White-tailed Iora,Aegithina nigrolutea,,,
White-bellied Minivet,Pericrocotus erythropygius,,,
Small Minivet,Pericrocotus cinnamomeus,1,,
Gray-chinned Minivet,Pericrocotus solaris,,,
Short-billed Minivet,Pericrocotus brevirostris,,,
Long-tailed Minivet,Pericrocotus ethologus,,,
Orange Minivet,Pericrocotus flammeus,,,
Scarlet Minivet,Pericrocotus speciosus,,,
Ashy Minivet,Pericrocotus divaricatus,,1,
Brown-rumped Minivet,Pericrocotus cantonensis,,1,
Rosy Minivet,Pericrocotus roseus,,,
Large Cuckooshrike,Coracina macei,,,
Andaman Cuckooshrike,Coracina dobsoni,,,
Pied Triller,Lalage nigra,,1,Edge of range
Black-winged Cuckooshrike,Lalage melaschistos,,,
Black-headed Cuckooshrike,Lalage melanoptera,,,
Mangrove Whistler,Pachycephala cinerea,,,Edge of range
Red-backed Shrike,Lanius collurio,,,
Red-tailed Shrike,Lanius phoenicuroides,,1,
Isabelline Shrike,Lanius isabellinus,1,,
Brown Shrike,Lanius cristatus,1,,
Burmese Shrike,Lanius collurioides,,,
Bay-backed Shrike,Lanius vittatus,1,,
Long-tailed Shrike,Lanius schach,,,
Gray-backed Shrike,Lanius tephronotus,,,
Great Gray Shrike,Lanius excubitor,,,
Lesser Gray Shrike,Lanius minor,,1,
Masked Shrike,Lanius nubicus,,,
Woodchat Shrike,Lanius senator,,1,
Black-headed Shrike-Babbler,Pteruthius rufiventer,,,
Himalayan Shrike-Babbler,Pteruthius ripleyi,1,,
Blyth's Shrike-Babbler,Pteruthius aeralatus,,,
Green Shrike-Babbler,Pteruthius xanthochlorus,1,,
Black-eared Shrike-Babbler,Pteruthius melanotis,,,
Clicking Shrike-Babbler,Pteruthius intermedius,,1,
White-bellied Erpornis,Erpornis zantholeuca,,,
Eurasian Golden Oriole,Oriolus oriolus,,1,
Indian Golden Oriole,Oriolus kundoo,1,,
Black-naped Oriole,Oriolus chinensis,,,
Slender-billed Oriole,Oriolus tenuirostris,,,
Black-hooded Oriole,Oriolus xanthornus,1,,
Maroon Oriole,Oriolus traillii,,,
Black Drongo,Dicrurus macrocercus,,,
Ashy Drongo,Dicrurus leucophaeus,,,
White-bellied Drongo,Dicrurus caerulescens,,,
Crow-billed Drongo,Dicrurus annectens,,,
Bronzed Drongo,Dicrurus aeneus,,,
Lesser Racket-tailed Drongo,Dicrurus remifer,,,
Hair-crested Drongo,Dicrurus hottentottus,1,,
Andaman Drongo,Dicrurus andamanensis,,,
Greater Racket-tailed Drongo,Dicrurus paradiseus,,,
White-throated Fantail,Rhipidura albicollis,,,
Spot-breasted Fantail,Rhipidura albogularis,,,
White-browed Fantail,Rhipidura aureola,1,,
Black-naped Monarch,Hypothymis azurea,,,
Amur Paradise-Flycatcher,Terpsiphone incei,,1,
Blyth's Paradise-Flycatcher,Terpsiphone affinis,,1,
Indian Paradise-Flycatcher,Terpsiphone paradisi,1,,
Eurasian Jay,Garrulus glandarius,,,
Black-headed Jay,Garrulus lanceolatus,,,
Yellow-billed Blue-Magpie,Urocissa flavirostris,,,
Red-billed Blue-Magpie,Urocissa erythroryncha,,,
Common Green-Magpie,Cissa chinensis,,,
Rufous Treepie,Dendrocitta vagabunda,,,
Gray Treepie,Dendrocitta formosae,,,
White-bellied Treepie,Dendrocitta leucogastra,,,
Collared Treepie,Dendrocitta frontalis,1,,
Andaman Treepie,Dendrocitta bayleii,,,
Eurasian Magpie,Pica pica,,,
Eurasian Nutcracker,Nucifraga caryocatactes,,,
Kashmir Nutcracker,Nucifraga multipunctata,,,
Red-billed Chough,Pyrrhocorax pyrrhocorax,,,
Yellow-billed Chough,Pyrrhocorax graculus,,,
Eurasian Jackdaw,Corvus monedula,,,
House Crow,Corvus splendens,,,
Rook,Corvus frugilegus,,1,
Carrion Crow,Corvus corone,,,
Hooded Crow,Corvus cornix,,1,
Large-billed Crow,Corvus macrorhynchos,,,
Pied Crow,Corvus albus,,1,
Common Raven,Corvus corax,,,
Greater Hoopoe-Lark,Alaemon alaudipes,,,
Rufous-tailed Lark,Ammomanes phoenicura,,,
Desert Lark,Ammomanes deserti,,,
Black-crowned Sparrow-Lark,Eremopterix nigriceps,,,
Ashy-crowned Sparrow-Lark,Eremopterix griseus,,,
Singing Bushlark,Mirafra cantillans,,,
Bengal Bushlark,Mirafra assamica,,,
Jerdon's Bushlark,Mirafra affinis,,,
Indian Bushlark,Mirafra erythroptera,,,
Horned Lark,Eremophila alpestris,,,
Greater Short-toed Lark,Calandrella brachydactyla,,,
Sykes's Short-toed Lark,Calandrella dukhunensis,1,,Included as part of GSTL
Hume's Lark,Calandrella acutirostris,,,
Bimaculated Lark,Melanocorypha bimaculata,,,
Tibetan Lark,Melanocorypha maxima,,1,Edge or range
Lesser Short-toed Lark,Alaudala rufescens,,1,
Sand Lark,Alaudala raytal,1,,
Eurasian Skylark,Alauda arvensis,,,
Oriental Skylark,Alauda gulgula,,,
Crested Lark,Galerida cristata,,,
Malabar Lark,Galerida malabarica,,,
Tawny Lark,Galerida deva,,,
Gray-throated Martin,Riparia chinensis,,,
Bank Swallow,Riparia riparia,,,
Pale Sand Martin,Riparia diluta,,,
Eurasian Crag-Martin,Ptyonoprogne rupestris,,,
Dusky Crag-Martin,Ptyonoprogne concolor,1,,
Barn Swallow,Hirundo rustica,,,
Wire-tailed Swallow,Hirundo smithii,,,
Hill Swallow,Hirundo domicola,,,
Pacific Swallow,Hirundo tahitica,,1,Edge of range
Red-rumped Swallow,Cecropis daurica,,,
Striated Swallow,Cecropis striolata,,,
Streak-throated Swallow,Petrochelidon fluvicola,1,,
Common House-Martin,Delichon urbicum,,,
Asian House-Martin,Delichon dasypus,,,
Nepal House-Martin,Delichon nipalense,1,,
Yellow-bellied Fairy-Fantail,Chelidorhynx hypoxanthus,,,
Gray-headed Canary-Flycatcher,Culicicapa ceylonensis,1,,
Fire-capped Tit,Cephalopyrus flammiceps,1,,
Yellow-browed Tit,Sylviparus modestus,,,
Sultan Tit,Melanochlora sultanea,,,
Coal Tit,Periparus ater,,,
Black-breasted Tit,Periparus rufonuchalis,1,,
Rufous-vented Tit,Periparus rubidiventris,,,
Gray-crested Tit,Lophophanes dichrous,,,
Azure Tit,Cyanistes cyanus,,1,
Ground Tit,Pseudopodoces humilis,,,
Green-backed Tit,Parus monticolus,,,
Cinereous Tit,Parus cinereus,,,
White-naped Tit,Machlolophus nuchalis,,,
Himalayan Black-lored Tit,Machlolophus xanthogenys,,,
Indian Yellow Tit,Machlolophus aplonotus,,,
Yellow-cheeked Tit,Machlolophus spilonotus,,,
White-crowned Penduline-Tit,Remiz coronatus,,1,Edge of range
White-browed Tit-Warbler,Leptopoecile sophiae,,,
Crested Tit-Warbler,Leptopoecile elegans,,1,
White-cheeked Tit,Aegithalos leucogenys,,1,
Black-throated Tit,Aegithalos concinnus,,,
White-throated Tit,Aegithalos niveogularis,,,
Black-browed Tit,Aegithalos iouschistos,1,,
Indian Nuthatch,Sitta castanea,,,
Chestnut-bellied Nuthatch,Sitta cinnamoventris,,,
Chestnut-vented Nuthatch,Sitta nagaensis,,,
Kashmir Nuthatch,Sitta cashmirensis,,,
White-tailed Nuthatch,Sitta himalayensis,1,,
White-cheeked Nuthatch,Sitta leucopsis,,,
Yunnan Nuthatch,Sitta yunnanensis,,1,
Velvet-fronted Nuthatch,Sitta frontalis,,,
Beautiful Nuthatch,Sitta formosa,1,,
Wallcreeper,Tichodroma muraria,,,
Hodgson's Treecreeper,Certhia hodgsoni,1,,
Bar-tailed Treecreeper,Certhia himalayana,1,,
Rusty-flanked Treecreeper,Certhia nipalensis,,,
Sikkim Treecreeper,Certhia discolor,,,
Hume's Treecreeper,Certhia manipurensis,,1,Edge of range ?
Indian Spotted Creeper,Salpornis spilonota,,,
Eurasian Wren,Troglodytes troglodytes,,,
White-throated Dipper,Cinclus cinclus,,,
Brown Dipper,Cinclus pallasii,,,
Gray-headed Bulbul,Brachypodius priocephalus,,,
Black-headed Bulbul,Brachypodius atriceps,,,
Andaman Bulbul,Brachypodius fuscoflavescens,,,
Black-crested Bulbul,Rubigula flaviventris,,,
Flame-throated Bulbul,Rubigula gularis,,,
Crested Finchbill,Spizixos canifrons,,,
Striated Bulbul,Pycnonotus striatus,,,
Red-vented Bulbul,Pycnonotus cafer,,,
Red-whiskered Bulbul,Pycnonotus jocosus,1,,
White-eared Bulbul,Pycnonotus leucotis,1,,
Himalayan Bulbul,Pycnonotus leucogenys,,,
Yellow-throated Bulbul,Pycnonotus xantholaemus,,,
Flavescent Bulbul,Pycnonotus flavescens,,,
White-browed Bulbul,Pycnonotus luteolus,,,
White-throated Bulbul,Alophoixus flaveolus,1,,
Cachar Bulbul,Iole cacharensis,1,,
Yellow-browed Bulbul,Iole indica,,,
Black Bulbul,Hypsipetes leucocephalus,,,
Square-tailed Bulbul,Hypsipetes ganeesa,,,
Nicobar Bulbul,Hypsipetes nicobariensis,,,
Ashy Bulbul,Hemixos flavala,,,
Mountain Bulbul,Ixos mcclellandii,,,
Goldcrest,Regulus regulus,,,
Scaly-breasted Cupwing,Pnoepyga albiventer,1,,
Immaculate Cupwing,Pnoepyga immaculata,,,
Pygmy Cupwing,Pnoepyga pusilla,,,
Pale-footed Bush Warbler,Urosphena pallidipes,1,,
Asian Stubtail,Urosphena squameiceps,,1,
Gray-bellied Tesia,Tesia cyaniventer,,,
Slaty-bellied Tesia,Tesia olivea,1,,
Chestnut-crowned Bush Warbler,Cettia major,,,
Gray-sided Bush Warbler,Cettia brunnifrons,1,,
Chestnut-headed Tesia,Cettia castaneocoronata,1,,
Cetti's Warbler,Cettia cetti,,1,
Yellow-bellied Warbler,Abroscopus superciliaris,,,
Rufous-faced Warbler,Abroscopus albogularis,,,
Black-faced Warbler,Abroscopus schisticeps,1,,
Mountain Tailorbird,Phyllergates cucullatus,,,
Broad-billed Warbler,Tickellia hodgsoni,,,
Japanese Bush Warbler,Horornis diphone,,,
Brownish-flanked Bush Warbler,Horornis fortipes,,,
Hume's Bush Warbler,Horornis brunnescens,,,
Aberrant Bush Warbler,Horornis flavolivaceus,1,,
Wood Warbler,Phylloscopus sibilatrix,,1,
Ashy-throated Warbler,Phylloscopus maculipennis,1,,
Buff-barred Warbler,Phylloscopus pulcher,,,
Yellow-browed Warbler,Phylloscopus inornatus,,,
Hume's Warbler,Phylloscopus humei,1,,
Brooks's Leaf Warbler,Phylloscopus subviridis,1,,
Chinese Leaf Warbler,Phylloscopus yunnanensis,,1,Edge of range
Pale-rumped Warbler,Phylloscopus chloronotus,1,,
Tytler's Leaf Warbler,Phylloscopus tytleri,1,,
Sulphur-bellied Warbler,Phylloscopus griseolus,1,,
Tickell's Leaf Warbler,Phylloscopus affinis,1,,
Dusky Warbler,Phylloscopus fuscatus,,,
Smoky Warbler,Phylloscopus fuligiventer,1,,
Plain Leaf Warbler,Phylloscopus neglectus,,1,
Buff-throated Warbler,Phylloscopus subaffinis,,1,
Mountain Chiffchaff,Phylloscopus sindianus,1,,
Common Chiffchaff,Phylloscopus collybita,,,
White-spectacled Warbler,Phylloscopus intermedius,,,
Gray-cheeked Warbler,Phylloscopus poliogenys,1,,
Golden-spectacled Warbler,Phylloscopus burkii,1,,
Gray-crowned Warbler,Phylloscopus tephrocephalus,,,
Whistler's Warbler,Phylloscopus whistleri,1,,
Green Warbler,Phylloscopus nitidus,1,,
Greenish Warbler,Phylloscopus trochiloides,1,,
Two-barred Warbler,Phylloscopus plumbeitarsus,,1,
Large-billed Leaf Warbler,Phylloscopus magnirostris,1,,
Pale-legged Leaf Warbler,Phylloscopus tenellipes,,1,
Arctic Warbler,Phylloscopus borealis,,1,
Chestnut-crowned Warbler,Phylloscopus castaniceps,,,
Yellow-vented Warbler,Phylloscopus cantator,1,,
Western Crowned Warbler,Phylloscopus occipitalis,1,,
Blyth's Leaf Warbler,Phylloscopus reguloides,,,
Claudia's Leaf Warbler,Phylloscopus claudiae,,1,
Gray-hooded Warbler,Phylloscopus xanthoschistos,,,
Thick-billed Warbler,Arundinax aedon,,,
Booted Warbler,Iduna caligata,1,,
Sykes's Warbler,Iduna rama,1,,
Black-browed Reed Warbler,Acrocephalus bistrigiceps,,1,
Moustached Warbler,Acrocephalus melanopogon,,,
Sedge Warbler,Acrocephalus schoenobaenus,,1,
Paddyfield Warbler,Acrocephalus agricola,,,
Blunt-winged Warbler,Acrocephalus concinens,,,
Blyth's Reed Warbler,Acrocephalus dumetorum,1,,
Large-billed Reed Warbler,Acrocephalus orinus,,1,
Great Reed Warbler,Acrocephalus arundinaceus,,1,
Oriental Reed Warbler,Acrocephalus orientalis,,1,
Clamorous Reed Warbler,Acrocephalus stentoreus,,,
Striated Grassbird,Megalurus palustris,,,
Broad-tailed Grassbird,Schoenicola platyurus,,,
Pallas's Grasshopper-Warbler,Locustella certhiola,,,
Lanceolated Warbler,Locustella lanceolata,,1,
Brown Bush Warbler,Locustella luteoventris,,,
Chinese Bush Warbler,Locustella tacsanowskia,,1,
Long-billed Bush Warbler,Locustella major,,1,
Common Grasshopper-Warbler,Locustella naevia,,,
Baikal Bush Warbler,Locustella davidi,,,
West Himalayan Bush Warbler,Locustella kashmirensis,,,
Spotted Bush Warbler,Locustella thoracica,1,,
Russet Bush Warbler,Locustella mandelli,,,
Bristled Grassbird,Chaetornis striata,,,
Common Tailorbird,Orthotomus sutorius,,,
Dark-necked Tailorbird,Orthotomus atrogularis,,,
Striated Prinia,Prinia crinigera,,,
Black-throated Prinia,Prinia atrogularis,,,
Hill Prinia,Prinia superciliaris,,1,Edge of range
Gray-crowned Prinia,Prinia cinereocapilla,,,
Rufous-fronted Prinia,Prinia buchanani,,,
Rufescent Prinia,Prinia rufescens,,,
Gray-breasted Prinia,Prinia hodgsonii,,,
Graceful Prinia,Prinia gracilis,1,,
Jungle Prinia,Prinia sylvatica,,,
Yellow-bellied Prinia,Prinia flaviventris,,,
Ashy Prinia,Prinia socialis,,,
Plain Prinia,Prinia inornata,,,
Zitting Cisticola,Cisticola juncidis,,,
Golden-headed Cisticola,Cisticola exilis,1,,
Garden Warbler,Sylvia borin,,1,
Asian Desert Warbler,Sylvia nana,,,
Barred Warbler,Sylvia nisoria,,1,
Desert Whitethroat,Sylvia minula,,,
Hume's Whitethroat,Sylvia althaea,,,
Lesser Whitethroat,Sylvia curruca,1,,
Eastern Orphean Warbler,Sylvia crassirostris,1,,
Greater Whitethroat,Sylvia communis,,,
Fire-tailed Myzornis,Myzornis pyrrhoura,,,
Golden-breasted Fulvetta,Lioparus chrysotis,,,
Yellow-eyed Babbler,Chrysomma sinense,,,
Jerdon's Babbler,Chrysomma altirostre,1,,
White-browed Fulvetta,Fulvetta vinipectus,1,,
Streak-throated Fulvetta,Fulvetta manipurensis,,,
Great Parrotbill,Conostoma aemodium,,,
Brown Parrotbill,Cholornis unicolor,,,
Gray-headed Parrotbill,Psittiparus gularis,,,
White-breasted Parrotbill,Psittiparus ruficeps,,,
Rufous-headed Parrotbill,Psittiparus bakeri,,,
Black-breasted Parrotbill,Paradoxornis flavirostris,,,
Spot-breasted Parrotbill,Paradoxornis guttaticollis,,,
Pale-billed Parrotbill,Chleuasicus atrosuperciliaris,1,,
Fulvous Parrotbill,Suthora fulvifrons,,,
Black-throated Parrotbill,Suthora nipalensis,1,,
Striated Yuhina,Yuhina castaniceps,1,,
White-naped Yuhina,Yuhina bakeri,,,
Whiskered Yuhina,Yuhina flavicollis,,,
Stripe-throated Yuhina,Yuhina gularis,1,,
Rufous-vented Yuhina,Yuhina occipitalis,,,
Black-chinned Yuhina,Yuhina nigrimenta,,,
Chestnut-flanked White-eye,Zosterops erythropleurus,,1,
Oriental White-eye,Zosterops palpebrosus,,,
Chestnut-capped Babbler,Timalia pileata,,,
Pin-striped Tit-Babbler,Mixornis gularis,,,
Tawny-bellied Babbler,Dumetia hyperythra,,,
Dark-fronted Babbler,Rhopocichla atriceps,,,
Golden Babbler,Cyanoderma chrysaeum,,,
Black-chinned Babbler,Cyanoderma pyrrhops,,,
Rufous-capped Babbler,Cyanoderma ruficeps,,,
Buff-chested Babbler,Cyanoderma ambiguum,1,,
Rufous-throated Wren-Babbler,Spelaeornis caudatus,,,
Rusty-throated Wren-Babbler,Spelaeornis badeigularis,,,
Bar-winged Wren-Babbler,Spelaeornis troglodytoides,1,,
Long-tailed Wren-Babbler,Spelaeornis chocolatinus,,,
Chin Hills Wren-Babbler,Spelaeornis oatesi,,,
Gray-bellied Wren-Babbler,Spelaeornis reptatus,,1,
Tawny-breasted Wren-Babbler,Spelaeornis longicaudatus,,,
Red-billed Scimitar-Babbler,Pomatorhinus ochraceiceps,,,
Coral-billed Scimitar-Babbler,Pomatorhinus ferruginosus,,,
Slender-billed Scimitar-Babbler,Pomatorhinus superciliaris,1,,
Streak-breasted Scimitar-Babbler,Pomatorhinus ruficollis,,,
Indian Scimitar-Babbler,Pomatorhinus horsfieldii,,,
White-browed Scimitar-Babbler,Pomatorhinus schisticeps,,,
Large Scimitar-Babbler,Megapomatorhinus hypoleucos,,,
Rusty-cheeked Scimitar-Babbler,Megapomatorhinus erythrogenys,1,,
Spot-breasted Scimitar-Babbler,Megapomatorhinus mcclellandi,,,
Gray-throated Babbler,Stachyris nigriceps,,,
Snowy-throated Babbler,Stachyris oglei,,,
Blackish-breasted Babbler,Stachyris humei,,,
Chevron-breasted Babbler,Stachyris roberti,,,
White-hooded Babbler,Gampsorhynchus rufulus,1,,
Yellow-throated Fulvetta,Schoeniparus cinereus,,,
Rufous-winged Fulvetta,Schoeniparus castaneceps,,,
Rufous-throated Fulvetta,Schoeniparus rufogularis,1,,
Rusty-capped Fulvetta,Schoeniparus dubius,,,
Rufous-vented Prinia,Laticilla burnesii,,,
Swamp Prinia,Laticilla cinerascens,,,
Puff-throated Babbler,Pellorneum ruficeps,,,
Marsh Babbler,Pellorneum palustre,,,
Spot-throated Babbler,Pellorneum albiventre,,,
Buff-breasted Babbler,Pellorneum tickelli,,,
Eyebrowed Wren-Babbler,Napothera epilepidota,,,
Long-billed Wren-Babbler,Napothera malacoptila,,,
Abbott's Babbler,Turdinus abbotti,,,
Streaked Wren-Babbler,Turdinus brevicaudatus,,,
Indian Grassbird,Graminicola bengalensis,,,
Ludlow's Fulvetta,Alcippe ludlowi,,,
Brown-cheeked Fulvetta,Alcippe poioicephala,1,,
Nepal Fulvetta,Alcippe nipalensis,1,,
Striated Laughingthrush,Grammatoptila striata,,,
Himalayan Cutia,Cutia nipalensis,1,,
Common Babbler,Turdoides caudata,,,
Striated Babbler,Turdoides earlei,1,,
Slender-billed Babbler,Turdoides longirostris,,,
Large Gray Babbler,Turdoides malcolmi,,,
Rufous Babbler,Turdoides subrufa,,,
Jungle Babbler,Turdoides striata,,,
Yellow-billed Babbler,Turdoides affinis,,,
White-crested Laughingthrush,Garrulax leucolophus,,,
Lesser Necklaced Laughingthrush,Garrulax monileger,,,
Spot-breasted Laughingthrush,Garrulax merulinus,,,
Moustached Laughingthrush,Ianthocincla cineracea,,,
Rufous-chinned Laughingthrush,Ianthocincla rufogularis,,,
Spotted Laughingthrush,Ianthocincla ocellata,,,
Greater Necklaced Laughingthrush,Ianthocincla pectoralis,,,
White-throated Laughingthrush,Ianthocincla albogularis,,,
Rufous-necked Laughingthrush,Ianthocincla ruficollis,1,,
Chestnut-backed Laughingthrush,Ianthocincla nuchalis,,,
Yellow-throated Laughingthrush,Ianthocincla galbana,,,
Wynaad Laughingthrush,Ianthocincla delesserti,,,
Rufous-vented Laughingthrush,Ianthocincla gularis,,,
Gray-sided Laughingthrush,Ianthocincla caerulata,,,
White-browed Laughingthrush,Ianthocincla sannio,,,
Chinese Babax,Ianthocincla lanceolata,,1,
Streaked Laughingthrush,Trochalopteron lineatum,,,
Bhutan Laughingthrush,Trochalopteron imbricatum,,,
Striped Laughingthrush,Trochalopteron virgatum,,,
Scaly Laughingthrush,Trochalopteron subunicolor,1,,
Brown-capped Laughingthrush,Trochalopteron austeni,,,
Blue-winged Laughingthrush,Trochalopteron squamatum,,,
Elliot's Laughingthrush,Trochalopteron elliotii,,1,
Variegated Laughingthrush,Trochalopteron variegatum,,,
Black-faced Laughingthrush,Trochalopteron affine,,,
Chestnut-crowned Laughingthrush,Trochalopteron erythrocephalum,,,
Assam Laughingthrush,Trochalopteron chrysopterum,,,
Banasura Laughingthrush,Montecincla jerdoni,,,
Nilgiri Laughingthrush,Montecincla cachinnans,,,
Palani Laughingthrush,Montecincla fairbanki,,,
Ashambu Laughingthrush,Montecincla meridionalis,,,
Rufous Sibia,Heterophasia capistrata,,,
Gray Sibia,Heterophasia gracilis,,,
Beautiful Sibia,Heterophasia pulchella,,,
Long-tailed Sibia,Heterophasia picaoides,,,
Silver-eared Mesia,Leiothrix argentauris,,,
Red-billed Leiothrix,Leiothrix lutea,,,
Red-tailed Minla,Minla ignotincta,1,,
Rufous-backed Sibia,Minla annectens,1,,
Bugun Liocichla,Liocichla bugunorum,,,
Red-faced Liocichla,Liocichla phoenicea,1,,
Hoary-throated Barwing,Actinodura nipalensis,,,
Streak-throated Barwing,Actinodura waldeni,,,
Rusty-fronted Barwing,Actinodura egertoni,,,
Blue-winged Minla,Actinodura cyanouroptera,,,
Chestnut-tailed Minla,Actinodura strigula,1,,
Asian Fairy-bluebird,Irena puella,1,,
Dark-sided Flycatcher,Muscicapa sibirica,,,
Ferruginous Flycatcher,Muscicapa ferruginea,,,
Asian Brown Flycatcher,Muscicapa dauurica,,,
Brown-breasted Flycatcher,Muscicapa muttui,1,,
Spotted Flycatcher,Muscicapa striata,,,
Rufous-tailed Scrub-Robin,Cercotrichas galactotes,,,
Indian Robin,Copsychus fulicatus,,,
Oriental Magpie-Robin,Copsychus saularis,,,
White-rumped Shama,Copsychus malabaricus,,,
Andaman Shama,Copsychus albiventris,,,
White-gorgeted Flycatcher,Anthipes monileger,1,,
Nilgiri Sholakili,Sholicola major,,,
White-bellied Sholakili,Sholicola albiventris,,,
White-tailed Flycatcher,Cyornis concretus,,,
White-bellied Blue Flycatcher,Cyornis pallidipes,,,
Pale-chinned Blue Flycatcher,Cyornis poliogenys,1,,
Pale Blue Flycatcher,Cyornis unicolor,,,
Blue-throated Flycatcher,Cyornis rubeculoides,1,,
Large Blue Flycatcher,Cyornis magnirostris,1,,
Hill Blue Flycatcher,Cyornis banyumas,,,
Tickell's Blue Flycatcher,Cyornis tickelliae,,,
Nicobar Jungle-Flycatcher,Cyornis nicobaricus,,,
Large Niltava,Niltava grandis,,,
Small Niltava,Niltava macgrigoriae,1,,
Rufous-bellied Niltava,Niltava sundara,,,
Vivid Niltava,Niltava vivida,,1,
Blue-and-white Flycatcher,Cyanoptila cyanomelana,,1,
Zappey's Flycatcher,Cyanoptila cumatilis,,1,
Nilgiri Flycatcher,Eumyias albicaudatus,,,
Verditer Flycatcher,Eumyias thalassinus,1,,
Rusty-bellied Shortwing,Brachypteryx hyperythra,,,
Gould's Shortwing,Brachypteryx stellata,,,
Lesser Shortwing,Brachypteryx leucophris,,,
White-browed Shortwing,Brachypteryx montana,,,
Indian Blue Robin,Larvivora brunnea,1,,
Siberian Blue Robin,Larvivora cyane,,1,
White-bellied Redstart,Luscinia phaenicuroides,,,
Bluethroat,Luscinia svecica,,,
Malabar Whistling-Thrush,Myophonus horsfieldii,,,
Blue Whistling-Thrush,Myophonus caeruleus,,,
Little Forktail,Enicurus scouleri,,,
White-crowned Forktail,Enicurus leschenaulti,,,
Spotted Forktail,Enicurus maculatus,1,,
Black-backed Forktail,Enicurus immaculatus,1,,
Slaty-backed Forktail,Enicurus schistaceus,,,
Firethroat,Calliope pectardens,,1,
Siberian Rubythroat,Calliope calliope,,,
Himalayan Rubythroat,Calliope pectoralis,1,,
Chinese Rubythroat,Calliope tschebaiewi,1,,
White-tailed Robin,Myiomela leucura,,,
Blue-fronted Robin,Cinclidium frontale,1,,
Red-flanked Bluetail,Tarsiger cyanurus,,1,
Himalayan Bluetail,Tarsiger rufilatus,,,
Rufous-breasted Bush-Robin,Tarsiger hyperythrus,,,
White-browed Bush-Robin,Tarsiger indicus,,,
Golden Bush-Robin,Tarsiger chrysaeus,,,
Yellow-rumped Flycatcher,Ficedula zanthopygia,,1,
Mugimaki Flycatcher,Ficedula mugimaki,,1,
Slaty-backed Flycatcher,Ficedula sordida,,,
Black-and-orange Flycatcher,Ficedula nigrorufa,,,
Slaty-blue Flycatcher,Ficedula tricolor,1,,
Snowy-browed Flycatcher,Ficedula hyperythra,,,
Pygmy Flycatcher,Ficedula hodgsoni,1,,
Rufous-gorgeted Flycatcher,Ficedula strophiata,1,,
Sapphire Flycatcher,Ficedula sapphira,1,,
Little Pied Flycatcher,Ficedula westermanni,,,
Ultramarine Flycatcher,Ficedula superciliaris,1,,
Rusty-tailed Flycatcher,Ficedula ruficauda,1,,
Taiga Flycatcher,Ficedula albicilla,1,,Included as part of Red-breasted
Kashmir Flycatcher,Ficedula subrubra,,,
Red-breasted Flycatcher,Ficedula parva,1,,
Blue-fronted Redstart,Phoenicurus frontalis,,,
Plumbeous Redstart,Phoenicurus fuliginosus,,,
Rufous-backed Redstart,Phoenicurus erythronotus,,1,
White-capped Redstart,Phoenicurus leucocephalus,,,
Blue-capped Redstart,Phoenicurus coeruleocephala,1,,
Common Redstart,Phoenicurus phoenicurus,,1,
Hodgson's Redstart,Phoenicurus hodgsoni,,,
White-throated Redstart,Phoenicurus schisticeps,,,
White-winged Redstart,Phoenicurus erythrogastrus,,,
Black Redstart,Phoenicurus ochruros,,,
Daurian Redstart,Phoenicurus auroreus,,,
Chestnut-bellied Rock-Thrush,Monticola rufiventris,1,,
Blue-capped Rock-Thrush,Monticola cinclorhyncha,1,,
Rufous-tailed Rock-Thrush,Monticola saxatilis,,1,
Blue Rock-Thrush,Monticola solitarius,,,
White-browed Bushchat,Saxicola macrorhynchus,,,
White-throated Bushchat,Saxicola insignis,1,,
Siberian Stonechat,Saxicola maurus,,,
White-tailed Stonechat,Saxicola leucurus,,,
Pied Bushchat,Saxicola caprata,,,
Jerdon's Bushchat,Saxicola jerdoni,,,
Gray Bushchat,Saxicola ferreus,,,
Indian Chat,Cercomela fusca,,,
Hume's Wheatear,Oenanthe albonigra,,1,
Northern Wheatear,Oenanthe oenanthe,,,
Finsch's Wheatear,Oenanthe finschii,,1,
Variable Wheatear,Oenanthe picata,1,,
Pied Wheatear,Oenanthe pleschanka,,,Edge of range ?
Red-tailed Wheatear,Oenanthe xanthoprymna,,,
Desert Wheatear,Oenanthe deserti,,,
Isabelline Wheatear,Oenanthe isabellina,,,
Grandala,Grandala coelicolor,1,,
Long-tailed Thrush,Zoothera dixoni,1,,
Alpine Thrush,Zoothera mollissima,1,,
Himalayan Thrush,Zoothera salimalii,,,
Dark-sided Thrush,Zoothera marginata,,,
Long-billed Thrush,Zoothera monticola,,,
Scaly Thrush,Zoothera dauma,1,,
Nilgiri Thrush,Zoothera neilgherriensis,,,
Purple Cochoa,Cochoa purpurea,1,,
Green Cochoa,Cochoa viridis,,,
Siberian Thrush,Geokichla sibirica,,1,
Pied Thrush,Geokichla wardii,,,
Orange-headed Thrush,Geokichla citrina,1,,
Chinese Thrush,Otocichla mupinensis,,1,
Mistle Thrush,Turdus viscivorus,,,
Song Thrush,Turdus philomelos,,1,
Gray-winged Blackbird,Turdus boulboul,1,,
Indian Blackbird,Turdus simillimus,,,
Tickell's Thrush,Turdus unicolor,,,
Black-breasted Thrush,Turdus dissimilis,,,
Gray-sided Thrush,Turdus feae,,,
Eyebrowed Thrush,Turdus obscurus,,,
White-backed Thrush,Turdus kessleri,,1,
Tibetan Blackbird,Turdus maximus,,,
Fieldfare,Turdus pilaris,,1,
White-collared Blackbird,Turdus albocinctus,,,
Chestnut Thrush,Turdus rubrocanus,,,
Black-throated Thrush,Turdus atrogularis,,,
Red-throated Thrush,Turdus ruficollis,,,
Dusky Thrush,Turdus eunomus,,,
Naumann's Thrush,Turdus naumanni,,1,
Asian Glossy Starling,Aplonis panayensis,,,
Golden-crested Myna,Ampeliceps coronatus,,1,
Common Hill Myna,Gracula religiosa,,,
Southern Hill Myna,Gracula indica,,,
European Starling,Sturnus vulgaris,,,
Rosy Starling,Pastor roseus,1,,
Daurian Starling,Agropsar sturninus,,1,
Chestnut-cheeked Starling,Agropsar philippensis,,1,
Asian Pied Starling,Gracupica contra,,,
Brahminy Starling,Sturnia pagodarum,1,,
Chestnut-tailed Starling,Sturnia malabarica,1,,
Malabar Starling,Sturnia blythii,,,
White-headed Starling,Sturnia erythropygia,,,
White-cheeked Starling,Spodiopsar cineraceus,,1,
Common Myna,Acridotheres tristis,,,
Bank Myna,Acridotheres ginginianus,,,
Jungle Myna,Acridotheres fuscus,,,
Collared Myna,Acridotheres albocinctus,,1,
Great Myna,Acridotheres grandis,,,
Spot-winged Starling,Saroglossa spilopterus,1,,
Blue-winged Leafbird,Chloropsis cochinchinensis,,,
Jerdon's Leafbird,Chloropsis jerdoni,,,
Golden-fronted Leafbird,Chloropsis aurifrons,1,,
Orange-bellied Leafbird,Chloropsis hardwickii,,,
Thick-billed Flowerpecker,Dicaeum agile,1,,
Yellow-vented Flowerpecker,Dicaeum chrysorrheum,,,
Yellow-bellied Flowerpecker,Dicaeum melanoxanthum,,,
Pale-billed Flowerpecker,Dicaeum erythrorhynchos,,,
Nilgiri Flowerpecker,Dicaeum concolor,,,
Plain Flowerpecker,Dicaeum minullum,,,
Andaman Flowerpecker,Dicaeum virescens,,,
Fire-breasted Flowerpecker,Dicaeum ignipectus,,,
Scarlet-backed Flowerpecker,Dicaeum cruentatum,,,
Ruby-cheeked Sunbird,Chalcoparia singalensis,,,
Purple-rumped Sunbird,Leptocoma zeylonica,,,
Crimson-backed Sunbird,Leptocoma minima,,,
Van Hasselt's Sunbird,Leptocoma brasiliana,,1,Edge of range
Purple Sunbird,Cinnyris asiaticus,,,
Olive-backed Sunbird,Cinnyris jugularis,,1,Edge of range
Long-billed Sunbird,Cinnyris lotenius,,,
Fire-tailed Sunbird,Aethopyga ignicauda,1,,
Black-throated Sunbird,Aethopyga saturata,,,
Gould's Sunbird,Aethopyga gouldiae,,,
Green-tailed Sunbird,Aethopyga nipalensis,1,,
Vigors's Sunbird,Aethopyga vigorsii,,,
Crimson Sunbird,Aethopyga siparaja,,,
Little Spiderhunter,Arachnothera longirostra,1,,
Streaked Spiderhunter,Arachnothera magna,,,
Alpine Accentor,Prunella collaris,,,
Himalayan Accentor,Prunella himalayana,1,,
Robin Accentor,Prunella rubeculoides,,,
Rufous-breasted Accentor,Prunella strophiata,1,,
Brown Accentor,Prunella fulvescens,,,
Black-throated Accentor,Prunella atrogularis,1,,
Maroon-backed Accentor,Prunella immaculata,1,,
Forest Wagtail,Dendronanthus indicus,,,
Gray Wagtail,Motacilla cinerea,,,
Western Yellow Wagtail,Motacilla flava,,,
Eastern Yellow Wagtail,Motacilla tschutschensis,,1,
Citrine Wagtail,Motacilla citreola,,,
White-browed Wagtail,Motacilla maderaspatensis,1,,
White Wagtail,Motacilla alba,,,
Richard's Pipit,Anthus richardi,1,,
Paddyfield Pipit,Anthus rufulus,1,,
Long-billed Pipit,Anthus similis,1,,
Blyth's Pipit,Anthus godlewskii,1,,
Tawny Pipit,Anthus campestris,,,
Nilgiri Pipit,Anthus nilghiriensis,,,
Upland Pipit,Anthus sylvanus,1,,
Rosy Pipit,Anthus roseatus,,,
Tree Pipit,Anthus trivialis,,,
Olive-backed Pipit,Anthus hodgsoni,,,
Red-throated Pipit,Anthus cervinus,,1,
Water Pipit,Anthus spinoletta,,,
American Pipit,Anthus rubescens,,1,
Spotted Elachura,Elachura formosa,,,
Bohemian Waxwing,Bombycilla garrulus,,1,
Hypocolius,Hypocolius ampelinus,,,
Common Chaffinch,Fringilla coelebs,,1,Edge of range
Brambling,Fringilla montifringilla,,1,Edge of range
Black-and-yellow Grosbeak,Mycerobas icterioides,,,
Collared Grosbeak,Mycerobas affinis,1,,
Spot-winged Grosbeak,Mycerobas melanozanthos,1,,
White-winged Grosbeak,Mycerobas carnipes,,,
Hawfinch,Coccothraustes coccothraustes,,1,
Common Rosefinch,Carpodacus erythrinus,,,
Scarlet Finch,Carpodacus sipahi,1,,
Blyth's Rosefinch,Carpodacus grandis,,,
Himalayan Beautiful Rosefinch,Carpodacus pulcherrimus,,,
Pink-rumped Rosefinch,Carpodacus waltoni,,1,
Dark-rumped Rosefinch,Carpodacus edwardsii,,,
Pink-browed Rosefinch,Carpodacus rodochroa,,,
Spot-winged Rosefinch,Carpodacus rodopeplus,,,
Vinaceous Rosefinch,Carpodacus vinaceus,,1,
Pale Rosefinch,Carpodacus stoliczkae,,1,Edge of range
Sillem's Rosefinch,Carpodacus sillemi,,1,
Streaked Rosefinch,Carpodacus rubicilloides,,,
Great Rosefinch,Carpodacus rubicilla,,,
Red-fronted Rosefinch,Carpodacus puniceus,,,
Crimson-browed Finch,Carpodacus subhimachalus,1,,
Himalayan White-browed Rosefinch,Carpodacus thura,,,
Chinese White-browed Rosefinch,Carpodacus dubius,,1,
Brown Bullfinch,Pyrrhula nipalensis,1,,
Orange Bullfinch,Pyrrhula aurantiaca,,,
Red-headed Bullfinch,Pyrrhula erythrocephala,,,
Gray-headed Bullfinch,Pyrrhula erythaca,,,
Crimson-winged Finch,Rhodopechys sanguineus,,1,
Trumpeter Finch,Bucanetes githagineus,,,
Mongolian Finch,Bucanetes mongolicus,,,
Blanford's Rosefinch,Agraphospiza rubescens,,,
Gold-naped Finch,Pyrrhoplectes epauletta,,,
Spectacled Finch,Callacanthis burtoni,,,
Dark-breasted Rosefinch,Procarduelis nipalensis,1,,
Plain Mountain-Finch,Leucosticte nemoricola,,,
Black-headed Mountain-Finch,Leucosticte brandti,,,
Desert Finch,Rhodospiza obsoleta,,1,
Yellow-breasted Greenfinch,Chloris spinoides,,,
Black-headed Greenfinch,Chloris ambigua,,1,Edge of range
Twite,Linaria flavirostris,,,
Eurasian Linnet,Linaria cannabina,,,
Red Crossbill,Loxia curvirostra,,,
European Goldfinch,Carduelis carduelis,,,
Fire-fronted Serin,Serinus pusillus,,,
Tibetan Serin,Spinus thibetanus,,,
Eurasian Siskin,Spinus spinus,,1,
Crested Bunting,Emberiza lathami,1,,
Black-headed Bunting,Emberiza melanocephala,1,,
Red-headed Bunting,Emberiza bruniceps,1,,
Chestnut-eared Bunting,Emberiza fucata,,,
Rock Bunting,Emberiza cia,,,
Godlewski's Bunting,Emberiza godlewskii,,1,
Chestnut-breasted Bunting,Emberiza stewarti,1,,
Yellowhammer,Emberiza citrinella,,1,
Pine Bunting,Emberiza leucocephalos,,,
Gray-necked Bunting,Emberiza buchanani,1,,
Ortolan Bunting,Emberiza hortulana,,1,
Striolated Bunting,Emberiza striolata,,,
Reed Bunting,Emberiza schoeniclus,,1,
Yellow-breasted Bunting,Emberiza aureola,1,,
Little Bunting,Emberiza pusilla,,,
Black-faced Bunting,Emberiza spodocephala,,,
Chestnut Bunting,Emberiza rutila,,,
Yellow-browed Bunting,Emberiza chrysophrys,,1,
Tristram's Bunting,Emberiza tristrami,,1,
House Sparrow,Passer domesticus,,,
Spanish Sparrow,Passer hispaniolensis,,,
Sind Sparrow,Passer pyrrhonotus,1,,
Russet Sparrow,Passer cinnamomeus,,,
Eurasian Tree Sparrow,Passer montanus,,,
Chestnut-shouldered Petronia,Gymnornis xanthocollis,1,,
Rock Sparrow,Petronia petronia,,,
Pale Rockfinch,Carpospiza brachydactyla,,1,
Black-winged Snowfinch,Montifringilla adamsi,,,
White-rumped Snowfinch,Montifringilla taczanowskii,,1,
Rufous-necked Snowfinch,Montifringilla ruficollis,,,
Blanford's Snowfinch,Montifringilla blanfordi,,,
Streaked Weaver,Ploceus manyar,,,
Baya Weaver,Ploceus philippinus,,,
Yellow Weaver,Ploceus megarhynchus,,,
Bengal Weaver,Ploceus benghalensis,,,
Green Avadavat,Sporaeginthus formosus,,,
Red Avadavat,Amandava amandava,,,
Indian Silverbill,Euodice malabarica,,,
White-rumped Munia,Lonchura striata,,,
Black-throated Munia,Lonchura kelaarti,,,
Scaly-breasted Munia,Lonchura punctulata,,,
Tricolored Munia,Lonchura malacca,,,
Chestnut Munia,Lonchura atricapilla,1,,Included as part of Tricolored