"India.Checklist.Name","eBird.species.code.2019","Migratory.Status","Habitat Specialization","Endemicity"
"Fulvous Whistling Duck","fuwduc","Resident","Wetland","Non-Endemic"
"Lesser Whistling Duck","lewduc1","Resident","Wetland","Non-Endemic"
"Bar-headed Goose","bahgoo","Within-Region Migrant","Wetland","Non-Endemic"
"Greylag Goose","gragoo","Long-Distance Migrant","Wetland","Non-Endemic"
"Comb Duck","comduc2","Resident","Wetland","Non-Endemic"
"Ruddy Shelduck","rudshe","Within-Region Migrant","Wetland","Non-Endemic"
"Cotton Teal","copgoo1","Resident","Wetland","Non-Endemic"
"Garganey","gargan","Long-Distance Migrant","Wetland","Non-Endemic"
"Northern Shoveler","norsho","Long-Distance Migrant","Wetland","Non-Endemic"
"Gadwall","gadwal","Long-Distance Migrant","Wetland","Non-Endemic"
"Eurasian Wigeon","eurwig","Long-Distance Migrant","Wetland","Non-Endemic"
"Indian Spot-billed Duck","isbduc1","Resident","Wetland","Non-Endemic"
"Mallard","mallar3","Long-Distance Migrant","Wetland","Non-Endemic"
"Northern Pintail","norpin","Long-Distance Migrant","Wetland","Non-Endemic"
"Common Teal","gnwtea","Long-Distance Migrant","Wetland","Non-Endemic"
"Andaman Teal","andtea1","Resident","Wetland","South Asia, India, A & N Islands"
"White-winged Wood Duck","whwduc1","Resident","Wetland","Non-Endemic"
"Red-crested Pochard","recpoc","Long-Distance Migrant","Wetland","Non-Endemic"
"Common Pochard","compoc","Long-Distance Migrant","Wetland","Non-Endemic"
"Ferruginous Duck","ferduc","Long-Distance Migrant","Wetland","Non-Endemic"
"Tufted Duck","tufduc","Long-Distance Migrant","Wetland","Non-Endemic"
"Common Merganser","commer","Within-Region Migrant","Wetland","Non-Endemic"
"Nicobar Megapode","nicscr1","Resident","Woodland, Tropical Forest","South Asia, India, A & N Islands"
"Common Hill Partridge","hilpar1","Resident","Woodland, Temperate Forest","Himalayas & NE India"
"Chestnut-breasted Hill Partridge","chbpar2","Resident","Woodland","South Asia, Himalayas & NE India, NE India"
"Rufous-throated Hill Partridge","rutpar1","Resident","Woodland, Temperate Forest","Non-Endemic"
"White-cheeked Hill Partridge","whcpar1","Resident","Woodland","Himalayas & NE India, NE India"
"Indian Peafowl","compea","Resident","Generalist","South Asia"
"Red Spurfowl","redspu1","Resident","Woodland","South Asia, India, Mainland India"
"Painted Spurfowl","paispu1","Resident","Woodland, Scrub","South Asia, India, Mainland India"
"Rain Quail","raiqua1","Resident","Grassland","Non-Endemic"
"Chukar Partridge","chukar","Resident","Generalist","Non-Endemic"
"Himalayan Snowcock","himsno","Resident","Woodland, Temperate Forest, Grassland","Himalayas & NE India"
"Jungle Bush Quail","jubqua1","Resident","Generalist","South Asia"
"Rock Bush Quail","robqua1","Resident","Grassland","South Asia, India, Mainland India"
"Painted Bush Quail","pabqua1","Resident","Generalist","South Asia, India, Mainland India"
"Manipur Bush Quail","mabqua1","Resident","Grassland","South Asia, India, Mainland India, Assam Plains"
"Himalayan Quail","himqua1","Resident","Grassland","South Asia, India, Mainland India, Himalayas & NE India, Western Himalayas"
"Black Francolin","blkfra","Resident","Generalist","Non-Endemic"
"Painted Francolin","paifra1","Resident","Grassland","South Asia"
"Grey Francolin","gryfra","Resident","Grassland","Non-Endemic"
"Swamp Francolin","swafra1","Resident","Wetland, Grassland","South Asia"
"Mountain Bamboo Partridge","mobpar1","Resident","Generalist","Non-Endemic"
"Red Junglefowl","redjun","Resident","Woodland","Non-Endemic"
"Grey Junglefowl","grejun2","Resident","Woodland","South Asia, India, Mainland India"
"Blood Pheasant","blophe1","Resident","Woodland, Temperate Forest","Non-Endemic"
"Himalayan Monal","himmon1","Resident","Woodland, Temperate Forest","Himalayas & NE India"
"Sclater's Monal","sclmon1","Resident","Woodland, Temperate Forest, Grassland","Himalayas & NE India, NE India"
"Snow Partridge","snopar1","Resident","Woodland, Temperate Forest, Grassland","Non-Endemic"
"Western Tragopan","westra1","Resident","Woodland, Temperate Forest","South Asia, Himalayas & NE India, Western Himalayas"
"Satyr Tragopan","sattra1","Resident","Woodland, Temperate Forest","South Asia, Himalayas & NE India"
"Blyth's Tragopan","blytra1","Resident","Woodland, Temperate Forest","Himalayas & NE India, NE India"
"Cheer Pheasant","chephe1","Resident","Generalist","South Asia, Himalayas & NE India, Western Himalayas"
"Kalij Pheasant","kalphe","Resident","Woodland","Non-Endemic"
"Koklass Pheasant","kokphe1","Resident","Woodland, Temperate Forest","Non-Endemic"
"Greater Flamingo","grefla3","Within-Region Migrant","Wetland, Grassland","Non-Endemic"
"Lesser Flamingo","lesfla1","Within-Region Migrant","Wetland, Grassland","Non-Endemic"
"Little Grebe","litgre1","Resident","Wetland","Non-Endemic"
"Great Crested Grebe","grcgre1","Within-Region Migrant","Wetland","Non-Endemic"
"Rock Pigeon","rocpig","Resident","Generalist","Non-Endemic"
"Hill Pigeon","hilpig1","Resident","Generalist","Non-Endemic"
"Snow Pigeon","snopig1","Resident","Generalist","Non-Endemic"
"Yellow-eyed Pigeon","pabpig1","Long-Distance Migrant","Grassland, Scrub","Non-Endemic"
"Speckled Wood Pigeon","spwpig1","Resident","Woodland, Temperate Forest","Non-Endemic"
"Ashy Wood Pigeon","aswpig1","Resident","Woodland, Temperate Forest","Non-Endemic"
"Nilgiri Wood Pigeon","niwpig1","Resident","Woodland, Tropical Forest","South Asia, India, Mainland India, Western Ghats & SL, Western Ghats"
"Pale-capped Pigeon","pacpig1","Resident","Woodland","Non-Endemic"
"Andaman Wood Pigeon","anwpig1","Resident","Woodland, Tropical Forest","South Asia, India, A & N Islands"
"Oriental Turtle Dove","ortdov","Within-Region Migrant","Generalist","Non-Endemic"
"Eurasian Collared Dove","eucdov","Resident","Generalist","Non-Endemic"
"Red Collared Dove","recdov1","Resident","Generalist","Non-Endemic"
"Spotted Dove","spodov","Resident","Generalist","Non-Endemic"
"Laughing Dove","laudov1","Resident","Generalist","Non-Endemic"
"Barred Cuckoo Dove","bacdov1","Resident","Woodland","Non-Endemic"
"Andaman Cuckoo Dove","ancdov1","Resident","Woodland, Tropical Forest","South Asia, India, A & N Islands"
"Asian Emerald Dove","emedov2","Resident","Woodland","Non-Endemic"
"Orange-breasted Green Pigeon","orbpig1","Resident","Woodland","Non-Endemic"
"Grey-fronted Green Pigeon","pomgrp2","Resident","Woodland, Tropical Forest","South Asia, India, Mainland India, Western Ghats & SL, Western Ghats"
"Andaman Green Pigeon","pomgrp4","Resident","Woodland, Tropical Forest","South Asia, India, A & N Islands"
"Yellow-legged Green Pigeon","yefpig1","Resident","Generalist","Non-Endemic"
"Pin-tailed Green Pigeon","pitpig1","Resident","Woodland","Non-Endemic"
"Wedge-tailed Green Pigeon","wetpig1","Resident","Woodland, Temperate Forest","Non-Endemic"
"Green Imperial-Pigeon","gripig1","Resident","Woodland, Tropical Forest","Non-Endemic"
"Nicobar Imperial-Pigeon","grnimp2","Resident","Woodland, Tropical Forest","South Asia, India, A & N Islands"
"Mountain Imperial Pigeon","moipig1","Resident","Woodland, Tropical Forest","Non-Endemic"
"Tibetan Sandgrouse","tibsan1","Resident","Generalist","Non-Endemic"
"Chestnut-bellied Sandgrouse","chbsan","Resident","Grassland","Non-Endemic"
"Painted Sandgrouse","paisan1","Resident","Woodland, Scrub","South Asia"
"Great Indian Bustard","indbus1","Resident","Grassland","South Asia"
"Bengal Florican","benflo2","Resident","Wetland, Grassland","Non-Endemic"
"Lesser Florican","lesflo2","Resident","Grassland","South Asia"
"Andaman Coucal","andcou1","Resident","Generalist","A & N Islands"
"Greater Coucal","grecou1","Resident","Generalist","Non-Endemic"
"Lesser Coucal","lescou1","Resident","Wetland, Grassland","Non-Endemic"
"Sirkeer Malkoha","sirmal1","Resident","Scrub","South Asia"
"Blue-faced Malkoha","blfmal1","Resident","Woodland, Scrub","South Asia"
"Green-billed Malkoha","grbmal1","Resident","Woodland, Tropical Forest","Non-Endemic"
"Pied Cuckoo","piecuc1","Within-Region Migrant","Generalist","Non-Endemic"
"Asian Koel","asikoe2","Resident","Generalist","Non-Endemic"
"Banded Bay Cuckoo","babcuc2","Resident","Woodland","Non-Endemic"
"Plaintive Cuckoo","placuc1","Within-Region Migrant","Woodland","Non-Endemic"
"Grey-bellied Cuckoo","placuc3","Resident","Generalist","South Asia"
"Fork-tailed Drongo Cuckoo","asidrc2","Within-Region Migrant","Woodland","Non-Endemic"
"Square-tailed Drongo Cuckoo","asidrc3","S","Woodland","Non-Endemic"
"Large Hawk Cuckoo","larhac2","Within-Region Migrant","Woodland","Non-Endemic"
"Common Hawk Cuckoo","cohcuc1","Resident","Woodland","South Asia"
"Lesser Cuckoo","lescuc1","Within-Region Migrant","Woodland, Temperate Forest","Non-Endemic"
"Indian Cuckoo","indcuc1","Within-Region Migrant","Woodland","Non-Endemic"
"Himalayan Cuckoo","himcuc1","S","Woodland","Non-Endemic"
"Common Cuckoo","comcuc","S","Generalist","Non-Endemic"
"White-rumped Spinetail","whrnee1","Resident","Woodland, Tropical Forest","South Asia"
"Brown-backed Needletail","brbnee1","Resident","Woodland, Tropical Forest","Non-Endemic"
"Glossy Swiftlet","pltswi1","Resident","Generalist","Non-Endemic"
"Indian Swiftlet","indswi1","Resident","Woodland, Tropical Forest","South Asia, Western Ghats & SL"
"Himalayan Swiftlet","himswi2","Resident","Woodland, Temperate Forest","Non-Endemic"
"Alpine Swift","alpswi1","Within-Region Migrant","Woodland","Non-Endemic"
"Blyth's Swift","blyswi1","Within-Region Migrant","Woodland","Non-Endemic"
"Dark-rumped Swift","darswi1","Resident","Woodland, Temperate Forest","Non-Endemic"
"Indian House Swift","litswi1","Resident","Generalist","Non-Endemic"
"Asian Palm Swift","aspswi1","Resident","Generalist","Non-Endemic"
"Crested Treeswift","cretre1","Resident","Woodland","Non-Endemic"
"Slaty-breasted Rail","slbrai1","Resident","Wetland","Non-Endemic"
"Common Moorhen","commoo3","Within-Region Migrant","Wetland","Non-Endemic"
"Common Coot","eurcoo","Within-Region Migrant","Wetland","Non-Endemic"
"Purple Swamphen","purswa3","Resident","Wetland","Non-Endemic"
"Watercock","waterc1","S","Wetland","Non-Endemic"
"White-breasted Waterhen","whbwat1","Resident","Generalist","Non-Endemic"
"Andaman Crake","andcra1","Resident","Woodland, Tropical Forest","South Asia, India, A & N Islands"
"Slaty-legged Crake","sllcra1","Resident","Generalist","Non-Endemic"
"Ruddy-breasted Crake","rubcra1","Resident","Wetland","Non-Endemic"
"Brown Crake","brocra1","Resident","Wetland","Non-Endemic"
"Baillon's Crake","baicra1","Long-Distance Migrant","Wetland","Non-Endemic"
"Black-tailed Crake","bltcra1","Resident","Wetland, Grassland","Non-Endemic"
"Demoiselle Crane","demcra1","Long-Distance Migrant","Generalist","Non-Endemic"
"Sarus Crane","sarcra1","Resident","Wetland","Non-Endemic"
"Common Crane","comcra","Long-Distance Migrant","Generalist","Non-Endemic"
"Black-necked Crane","blncra1","S","Wetland","Non-Endemic"
"Indian Thick-knee","indthk1","Resident","Generalist","Non-Endemic"
"Great Thick-knee","grtkne1","Resident","Wetland","Non-Endemic"
"Black-winged Stilt","bkwsti","Within-Region Migrant","Wetland","Non-Endemic"
"Pied Avocet","pieavo1","Long-Distance Migrant","Wetland","Non-Endemic"
"Eurasian Oystercatcher","euroys1","Long-Distance Migrant","Wetland","Non-Endemic"
"Grey Plover","bkbplo","Long-Distance Migrant","Wetland","Non-Endemic"
"Pacific Golden Plover","pagplo","Long-Distance Migrant","Wetland","Non-Endemic"
"Northern Lapwing","norlap","Long-Distance Migrant","Wetland","Non-Endemic"
"River Lapwing","rivlap1","Resident","Wetland","Non-Endemic"
"Yellow-wattled Lapwing","yewlap2","Resident","Grassland","South Asia"
"Grey-headed Lapwing","gyhlap1","Long-Distance Migrant","Wetland","Non-Endemic"
"Red-wattled Lapwing","rewlap1","Resident","Generalist","Non-Endemic"
"Sociable Lapwing","soclap1","Long-Distance Migrant","Grassland","Non-Endemic"
"White-tailed Lapwing","whtlap1","Long-Distance Migrant","Wetland","Non-Endemic"
"Lesser Sand Plover","lesplo","Within-Region Migrant","Wetland","Non-Endemic"
"Greater Sand Plover","grsplo","Long-Distance Migrant","Wetland","Non-Endemic"
"Kentish Plover","kenplo1","Within-Region Migrant","Wetland","Non-Endemic"
"Little Ringed Plover","lirplo","Within-Region Migrant","Generalist","Non-Endemic"
"Greater Painted-snipe","grpsni1","Resident","Wetland","Non-Endemic"
"Pheasant-tailed Jacana","phtjac1","Resident","Wetland","Non-Endemic"
"Bronze-winged Jacana","brwjac1","Resident","Wetland","Non-Endemic"
"Whimbrel","whimbr","Long-Distance Migrant","Wetland","Non-Endemic"
"Eurasian Curlew","eurcur","Long-Distance Migrant","Wetland","Non-Endemic"
"Bar-tailed Godwit","batgod","Long-Distance Migrant","Wetland","Non-Endemic"
"Black-tailed Godwit","bktgod","Long-Distance Migrant","Wetland","Non-Endemic"
"Ruddy Turnstone","rudtur","Long-Distance Migrant","Wetland","Non-Endemic"
"Great Knot","grekno","Long-Distance Migrant","Wetland","Non-Endemic"
"Ruff","ruff","Long-Distance Migrant","Wetland","Non-Endemic"
"Broad-billed Sandpiper","brbsan","Long-Distance Migrant","Wetland","Non-Endemic"
"Curlew Sandpiper","cursan","Long-Distance Migrant","Wetland","Non-Endemic"
"Temminck's Stint","temsti","Long-Distance Migrant","Wetland","Non-Endemic"
"Sanderling","sander","Long-Distance Migrant","Wetland","Non-Endemic"
"Dunlin","dunlin","Long-Distance Migrant","Wetland","Non-Endemic"
"Little Stint","litsti","Long-Distance Migrant","Wetland","Non-Endemic"
"Common Snipe","comsni","Long-Distance Migrant","Wetland","Non-Endemic"
"Pintail Snipe","pitsni","Long-Distance Migrant","Wetland","Non-Endemic"
"Terek Sandpiper","tersan","Long-Distance Migrant","Wetland","Non-Endemic"
"Common Sandpiper","comsan","Long-Distance Migrant","Wetland","Non-Endemic"
"Green Sandpiper","grnsan","Long-Distance Migrant","Wetland","Non-Endemic"
"Spotted Redshank","spored","Long-Distance Migrant","Wetland","Non-Endemic"
"Common Greenshank","comgre","Long-Distance Migrant","Wetland","Non-Endemic"
"Marsh Sandpiper","marsan","Long-Distance Migrant","Wetland","Non-Endemic"
"Wood Sandpiper","woosan","Long-Distance Migrant","Wetland","Non-Endemic"
"Common Redshank","comred1","Long-Distance Migrant","Wetland","Non-Endemic"
"Yellow-legged Buttonquail","yelbut1","Resident","Generalist","Non-Endemic"
"Barred Buttonquail","barbut1","Resident","Generalist","Non-Endemic"
"Indian Courser","indcou1","Resident","Grassland","South Asia"
"Jerdon's Courser","jercou1","Resident","Woodland, Scrub","South Asia, India, Mainland India, Southern Deccan"
"Oriental Pratincole","oripra","Within-Region Migrant","Wetland","Non-Endemic"
"Little Pratincole","smapra1","Resident","Wetland","Non-Endemic"
"Slender-billed Gull","slbgul1","Resident","Wetland","Non-Endemic"
"Black-headed Gull","bkhgul","Long-Distance Migrant","Wetland","Non-Endemic"
"Brown-headed Gull","bnhgul1","Within-Region Migrant","Wetland","Non-Endemic"
"Pallas's Gull","gbhgul2","Long-Distance Migrant","Wetland","Non-Endemic"
"Lesser Black-backed Gull","lbbgul","Long-Distance Migrant","Wetland","Non-Endemic"
"Little Tern","litter1","Within-Region Migrant","Wetland","Non-Endemic"
"Gull-billed Tern","gubter1","Within-Region Migrant","Wetland","Non-Endemic"
"Caspian Tern","caster1","Resident","Wetland","Non-Endemic"
"Whiskered Tern","whiter2","Within-Region Migrant","Wetland","Non-Endemic"
"Common Tern","comter","Within-Region Migrant","Wetland","Non-Endemic"
"Black-bellied Tern","blbter1","Resident","Wetland","Non-Endemic"
"River Tern","rivter1","Resident","Wetland","Non-Endemic"
"Greater Crested Tern","grcter1","Resident","Wetland","Non-Endemic"
"Lesser Crested Tern","lecter2","Resident","Wetland","Non-Endemic"
"Indian Skimmer","indski1","Resident","Wetland","Non-Endemic"
"Asian Openbill","asiope1","Resident","Wetland","Non-Endemic"
"Black Stork","blasto1","Long-Distance Migrant","Wetland","Non-Endemic"
"Woolly-necked Stork","wonsto1","Resident","Generalist","Non-Endemic"
"Black-necked Stork","blnsto1","Resident","Wetland","Non-Endemic"
"Lesser Adjutant","lesadj1","Resident","Wetland","Non-Endemic"
"Greater Adjutant","greadj1","Resident","Generalist","Non-Endemic"
"Painted Stork","paisto1","Resident","Wetland","Non-Endemic"
"Oriental Darter","darter2","Resident","Wetland","Non-Endemic"
"Little Cormorant","litcor1","Resident","Wetland","Non-Endemic"
"Great Cormorant","grecor","Within-Region Migrant","Wetland","Non-Endemic"
"Indian Cormorant","indcor1","Resident","Wetland","Non-Endemic"
"Great White Pelican","grwpel1","Long-Distance Migrant","Wetland","Non-Endemic"
"Spot-billed Pelican","spbpel1","Resident","Wetland","Non-Endemic"
"Dalmatian Pelican","dalpel1","Long-Distance Migrant","Wetland","Non-Endemic"
"Yellow Bittern","yelbit","Within-Region Migrant","Wetland","Non-Endemic"
"Cinnamon Bittern","cinbit1","Within-Region Migrant","Wetland","Non-Endemic"
"Black Bittern","blabit1","Within-Region Migrant","Wetland","Non-Endemic"
"Grey Heron","graher1","Resident","Wetland","Non-Endemic"
"White-bellied Heron","whbher2","Resident","Wetland","Non-Endemic"
"Purple Heron","purher1","Resident","Wetland","Non-Endemic"
"Great Egret","greegr","Resident","Wetland","Non-Endemic"
"Intermediate Egret","integr","Resident","Wetland","Non-Endemic"
"Little Egret","litegr","Resident","Wetland","Non-Endemic"
"Western Reef Egret","werher","Within-Region Migrant","Wetland","Non-Endemic"
"Cattle Egret","categr","Resident","Wetland","Non-Endemic"
"Indian Pond Heron","inpher1","Resident","Generalist","Non-Endemic"
"Striated Heron","strher","Resident","Wetland","Non-Endemic"
"Black-crowned Night Heron","bcnher","Resident","Wetland","Non-Endemic"
"Malayan Night Heron","manher1","Resident","Woodland, Tropical Forest","Non-Endemic"
"Glossy Ibis","gloibi","Resident","Wetland","Non-Endemic"
"Black-headed Ibis","blhibi1","Resident","Wetland","Non-Endemic"
"Indian Black Ibis","renibi1","Resident","Generalist","South Asia"
"Eurasian Spoonbill","eurspo1","Within-Region Migrant","Wetland","Non-Endemic"
"Osprey","osprey","Long-Distance Migrant","Wetland","Non-Endemic"
"Black-winged Kite","bkskit1","Resident","Grassland","Non-Endemic"
"Bearded Vulture","lammer1","Resident","Generalist","Non-Endemic"
"Egyptian Vulture","egyvul1","Resident","Generalist","Non-Endemic"
"Oriental Honey Buzzard","orihob2","Resident","Woodland","Non-Endemic"
"Jerdon's Baza","jerbaz1","Resident","Woodland, Tropical Forest","Non-Endemic"
"Black Baza","blabaz1","Within-Region Migrant","Woodland, Tropical Forest","Non-Endemic"
"Red-headed Vulture","rehvul1","Resident","Scrub","Non-Endemic"
"Cinereous Vulture","cinvul1","Long-Distance Migrant","Generalist","Non-Endemic"
"White-rumped Vulture","whrvul1","Resident","Generalist","Non-Endemic"
"Indian Vulture","indvul1","Resident","Scrub","South Asia"
"Slender-billed Vulture","slbvul1","Resident","Scrub","Non-Endemic"
"Himalayan Vulture","himgri1","Within-Region Migrant","Generalist","Non-Endemic"
"Griffon Vulture","eurgri1","Long-Distance Migrant","Grassland","Non-Endemic"
"Nicobar Serpent Eagle","nicsee1","Resident","Woodland, Tropical Forest","South Asia, India, A & N Islands"
"Crested Serpent Eagle","crseag1","Resident","Woodland","Non-Endemic"
"Andaman Serpent Eagle","anseag1","Resident","Woodland, Tropical Forest","South Asia, India, A & N Islands"
"Short-toed Snake Eagle","shteag1","Resident","Generalist","Non-Endemic"
"Changeable Hawk Eagle","y00839","Resident","Woodland","Non-Endemic"
"Mountain Hawk-Eagle","mouhae1","Resident","Woodland","Non-Endemic"
"Legge's Hawk-Eagle","mouhae2","Resident","Woodland, Tropical Forest","South Asia"
"Rufous-bellied Eagle","rubeag2","Resident","Woodland, Tropical Forest","Non-Endemic"
"Black Eagle","blaeag1","Resident","Woodland","Non-Endemic"
"Indian Spotted Eagle","inseag1","Resident","Grassland","Non-Endemic"
"Greater Spotted Eagle","grseag1","Long-Distance Migrant","Generalist","Non-Endemic"
"Booted Eagle","booeag1","Long-Distance Migrant","Generalist","Non-Endemic"
"Tawny Eagle","taweag1","Resident","Generalist","Non-Endemic"
"Steppe Eagle","steeag1","Long-Distance Migrant","Generalist","Non-Endemic"
"Eastern Imperial Eagle","impeag1","Long-Distance Migrant","Grassland","Non-Endemic"
"Golden Eagle","goleag","Resident","Generalist","Non-Endemic"
"Bonelli's Eagle","boneag2","Resident","Woodland, Scrub","Non-Endemic"
"White-eyed Buzzard","whebuz1","Within-Region Migrant","Generalist","Non-Endemic"
"Western Marsh Harrier","wemhar1","Long-Distance Migrant","Generalist","Non-Endemic"
"Pallid Harrier","palhar1","Long-Distance Migrant","Grassland","Non-Endemic"
"Montagu's Harrier","monhar1","Long-Distance Migrant","Grassland","Non-Endemic"
"Crested Goshawk","cregos1","Resident","Woodland","Non-Endemic"
"Shikra","shikra1","Resident","Generalist","Non-Endemic"
"Nicobar Sparrowhawk","nicspa1","Resident","Woodland, Tropical Forest","South Asia, India, A & N Islands"
"Besra","besra1","Resident","Woodland","Non-Endemic"
"Eurasian Sparrowhawk","eurspa1","Within-Region Migrant","Generalist","Non-Endemic"
"Black Kite","blakit1","Within-Region Migrant","Generalist","Non-Endemic"
"Brahminy Kite","brakit1","Resident","Wetland","Non-Endemic"
"Pallas's Fish Eagle","pafeag1","Within-Region Migrant","Wetland","Non-Endemic"
"White-bellied Sea Eagle","wbseag1","Resident","Wetland","Non-Endemic"
"Lesser Fish Eagle","lefeag1","Resident","Wetland","Non-Endemic"
"Grey-headed Fish Eagle","gyhfie1","Resident","Wetland","Non-Endemic"
"Common Buzzard","combuz1","Long-Distance Migrant","Grassland, Scrub","Non-Endemic"
"Himalayan Buzzard","combuz9","Resident","Generalist","Non-Endemic"
"Long-legged Buzzard","lolbuz1","Long-Distance Migrant","Generalist","Non-Endemic"
"Dusky Eagle Owl","dueowl1","Resident","Generalist","Non-Endemic"
"Brown Fish Owl","brfowl1","Resident","Generalist","Non-Endemic"
"Collared Owlet","colowl1","Resident","Woodland, Temperate Forest","Non-Endemic"
"Asian Barred Owlet","asbowl1","Resident","Generalist","Non-Endemic"
"Jungle Owlet","junowl1","Resident","Woodland","South Asia"
"Forest Owlet","forowl1","Resident","Woodland, Scrub","South Asia, India, Mainland India, Central India"
"Short-eared Owl","sheowl","Long-Distance Migrant","Generalist","Non-Endemic"
"Malabar Trogon","maltro1","Resident","Woodland, Tropical Forest","South Asia"
"Red-headed Trogon","rehtro1","Resident","Woodland","Non-Endemic"
"Ward's Trogon","wartro1","Resident","Woodland, Temperate Forest","Himalayas & NE India, NE India"
"Common Hoopoe","hoopoe","Within-Region Migrant","Grassland, Scrub","Non-Endemic"
"Great Hornbill","grehor1","Resident","Woodland, Tropical Forest","Non-Endemic"
"Austen's Brown Hornbill","brnhor1","Resident","Woodland, Tropical Forest","Non-Endemic"
"Indian Grey Hornbill","inghor2","Resident","Generalist","South Asia"
"Malabar Grey Hornbill","maghor2","Resident","Woodland","South Asia, India, Mainland India, Western Ghats & SL, Western Ghats"
"Malabar Pied Hornbill","maphor1","Resident","Woodland","South Asia"
"Oriental Pied Hornbill","orphor1","Resident","Woodland","Non-Endemic"
"Rufous-necked Hornbill","runhor1","Resident","Woodland","Non-Endemic"
"Wreathed Hornbill","wrehor1","Resident","Woodland","Non-Endemic"
"Narcondam Hornbill","narhor1","Resident","Woodland, Tropical Forest","South Asia, India, A & N Islands"
"Common Kingfisher","comkin1","Resident","Wetland","Non-Endemic"
"Blue-eared Kingfisher","blekin1","Resident","Woodland, Tropical Forest","Non-Endemic"
"Oriental Dwarf Kingfisher","bkbkin1","Within-Region Migrant","Woodland, Tropical Forest","Non-Endemic"
"Stork-billed Kingfisher","stbkin1","Resident","Wetland","Non-Endemic"
"White-throated Kingfisher","whtkin2","Resident","Generalist","Non-Endemic"
"Black-capped Kingfisher","blckin1","Resident","Wetland","Non-Endemic"
"Collared Kingfisher","colkin1","Resident","Generalist","Non-Endemic"
"Crested Kingfisher","crekin1","Resident","Wetland","Non-Endemic"
"Pied Kingfisher","piekin1","Resident","Wetland","Non-Endemic"
"Blue-bearded Bee-eater","bbbeat1","Resident","Woodland","Non-Endemic"
"Green Bee-eater","grbeat1","Resident","Generalist","Non-Endemic"
"Blue-cheeked Bee-eater","bcbeat1","S","Generalist","Non-Endemic"
"Blue-tailed Bee-eater","btbeat1","Within-Region Migrant","Generalist","Non-Endemic"
"Chestnut-headed Bee-eater","chbeat1","Within-Region Migrant","Woodland","Non-Endemic"
"European Roller","eurrol1","Long-Distance Migrant","Grassland","Non-Endemic"
"Indian Roller","indrol2","Resident","Generalist","Non-Endemic"
"Dollarbird","dollar1","Resident","Woodland, Tropical Forest","Non-Endemic"
"Malabar Barbet","crfbar1","Resident","Woodland, Tropical Forest","South Asia, India, Mainland India, Western Ghats & SL, Western Ghats"
"Coppersmith Barbet","copbar1","Resident","Woodland","Non-Endemic"
"Blue-eared Barbet","blebar1","Resident","Woodland, Tropical Forest","Non-Endemic"
"Great Barbet","grebar1","Resident","Woodland","Non-Endemic"
"Lineated Barbet","linbar1","Resident","Woodland","Non-Endemic"
"Brown-headed Barbet","brhbar1","Resident","Generalist","South Asia"
"White-cheeked Barbet","whcbar1","Resident","Generalist","South Asia, India, Mainland India"
"Golden-throated Barbet","gotbar2","Resident","Woodland","Non-Endemic"
"Blue-throated Barbet","bltbar2","Resident","Woodland","Non-Endemic"
"Yellow-rumped Honeyguide","yerhon1","Resident","Woodland, Temperate Forest","Himalayas & NE India"
"Eurasian Wryneck","eurwry","Long-Distance Migrant","Generalist","Non-Endemic"
"Speckled Piculet","spepic1","Resident","Woodland","Non-Endemic"
"White-browed Piculet","whbpic3","Resident","Woodland","Non-Endemic"
"Heart-spotted Woodpecker","heswoo1","Resident","Woodland, Tropical Forest","Non-Endemic"
"Brown-capped Pygmy Woodpecker","bncwoo3","Resident","Woodland","South Asia"
"Grey-capped Pygmy Woodpecker","gycwoo1","Resident","Woodland","Non-Endemic"
"Yellow-fronted Pied Woodpecker","yecwoo1","Resident","Woodland","Non-Endemic"
"Brown-fronted Pied Woodpecker","brfwoo1","Resident","Woodland","Himalayas & NE India"
"Rufous-bellied Woodpecker","rubwoo1","Resident","Woodland, Temperate Forest","Non-Endemic"
"Fulvous-breasted Pied Woodpecker","fubwoo2","Resident","Woodland","Non-Endemic"
"Darjeeling Pied Woodpecker","darwoo1","Resident","Woodland, Temperate Forest","Non-Endemic"
"Himalayan Pied Woodpecker","himwoo1","Resident","Woodland, Temperate Forest","Himalayas & NE India"
"Bay Woodpecker","baywoo1","Resident","Woodland","Non-Endemic"
"Greater Golden-backed Woodpecker","grefla1","Resident","Woodland, Tropical Forest","Non-Endemic"
"White-naped Woodpecker","whnwoo1","Resident","Woodland, Scrub","South Asia"
"Rufous Woodpecker","rufwoo2","Resident","Woodland","Non-Endemic"
"Pale-headed Woodpecker","pahwoo1","Resident","Woodland, Tropical Forest","Non-Endemic"
"Himalayan Golden-backed Woodpecker","himfla1","Resident","Woodland, Tropical Forest","Himalayas & NE India"
"Common Golden-backed Woodpecker","comfla1","Resident","Woodland, Tropical Forest","Non-Endemic"
"Lesser Golden-backed Woodpecker","bkrfla1","Resident","Generalist","South Asia"
"Lesser Yellow-naped Woodpecker","lesyel1","Resident","Woodland","Non-Endemic"
"Streak-throated Woodpecker","sttwoo1","Resident","Woodland","Non-Endemic"
"Scaly-bellied Woodpecker","scbwoo1","Resident","Woodland","Himalayas & NE India"
"Grey-headed Woodpecker","gyfwoo1","Resident","Woodland, Temperate Forest","Non-Endemic"
"Greater Yellow-naped Woodpecker","greyel1","Resident","Woodland","Non-Endemic"
"Great Slaty Woodpecker","grswoo1","Resident","Woodland, Tropical Forest","Non-Endemic"
"White-bellied Woodpecker","whbwoo2","Resident","Woodland, Tropical Forest","Non-Endemic"
"Andaman Woodpecker","andwoo1","Resident","Woodland, Tropical Forest","South Asia, India, A & N Islands"
"Collared Falconet","colfal1","Resident","Woodland","Non-Endemic"
"Common Kestrel","eurkes","Within-Region Migrant","Generalist","Non-Endemic"
"Red-necked Falcon","renfal1","Resident","Grassland","Non-Endemic"
"Amur Falcon","amufal1","Long-Distance Migrant","Generalist","Non-Endemic"
"Eurasian Hobby","eurhob","Within-Region Migrant","Generalist","Non-Endemic"
"Laggar Falcon","lagfal1","Resident","Grassland","Non-Endemic"
"Peregrine Falcon","perfal","Within-Region Migrant","Generalist","Non-Endemic"
"Alexandrine Parakeet","alepar2","Resident","Woodland","Non-Endemic"
"Rose-ringed Parakeet","rorpar","Resident","Generalist","Non-Endemic"
"Slaty-headed Parakeet","slhpar1","Resident","Woodland","South Asia, Himalayas & NE India"
"Plum-headed Parakeet","plhpar1","Resident","Woodland","South Asia"
"Malabar Parakeet","malpar1","Resident","Woodland","South Asia, India, Mainland India, Western Ghats & SL, Western Ghats"
"Red-breasted Parakeet","rebpar4","Resident","Woodland, Tropical Forest","Non-Endemic"
"Nicobar Parakeet","nicpar1","Resident","Woodland, Tropical Forest","South Asia, India, A & N Islands"
"Long-tailed Parakeet","lotpar2","Resident","Woodland","South Asia, India, A & N Islands"
"Vernal Hanging Parrot","vehpar1","Resident","Woodland","Non-Endemic"
"Long-tailed Broadbill","lotbro1","Resident","Woodland","Non-Endemic"
"Blue-naped Pitta","blnpit1","Resident","Woodland","Non-Endemic"
"Indian Pitta","indpit1","Within-Region Migrant","Woodland","South Asia"
"Malabar Woodshrike","malwoo1","Resident","Woodland, Tropical Forest","South Asia, India, Mainland India, Western Ghats & SL, Western Ghats"
"Large Woodshrike","larwoo1","Resident","Woodland, Tropical Forest","Non-Endemic"
"Common Woodshrike","comwoo1","Resident","Woodland","Non-Endemic"
"Bar-winged Flycatcher-shrike","bwfshr1","Resident","Woodland","Non-Endemic"
"Ashy Woodswallow","ashwoo2","Resident","Generalist","Non-Endemic"
"Common Iora","comior1","Resident","Woodland","Non-Endemic"
"Marshall's Iora","whtior1","Resident","Woodland, Scrub","South Asia"
"White-bellied Minivet","whbmin3","Resident","Woodland, Scrub","South Asia, India, Mainland India"
"Small Minivet","smamin1","Resident","Woodland","Non-Endemic"
"Short-billed Minivet","shbmin2","Resident","Woodland","Non-Endemic"
"Long-tailed Minivet","lotmin1","Resident","Woodland","Non-Endemic"
"Orange Minivet","scamin3","Resident","Woodland, Tropical Forest","South Asia, Western Ghats & SL"
"Scarlet Minivet","scamin1","Resident","Woodland","Non-Endemic"
"Large Cuckooshrike","larcus1","Resident","Woodland","Non-Endemic"
"Andaman Cuckooshrike","andcus1","Resident","Woodland, Tropical Forest","South Asia, India, A & N Islands"
"Black-winged Cuckooshrike","bkwcus1","Within-Region Migrant","Woodland","Non-Endemic"
"Black-headed Cuckooshrike","bkhcus1","Within-Region Migrant","Woodland","South Asia"
"Isabelline Shrike","isashr1","Long-Distance Migrant","Generalist","Non-Endemic"
"Brown Shrike","brnshr","Long-Distance Migrant","Woodland","Non-Endemic"
"Bay-backed Shrike","babshr1","Resident","Generalist","Non-Endemic"
"Long-tailed Shrike","lotshr1","Within-Region Migrant","Generalist","Non-Endemic"
"Grey-backed Shrike","gybshr1","Within-Region Migrant","Generalist","Non-Endemic"
"Great Grey Shrike","norshr1","Within-Region Migrant","Generalist","Non-Endemic"
"Black-headed Shrike-babbler","bhsbab1","Resident","Woodland, Temperate Forest","Himalayas & NE India, NE India"
"Himalayan Shrike-babbler","himshb1","Resident","Woodland, Temperate Forest","Himalayas & NE India"
"Green Shrike-babbler","grsbab1","Resident","Woodland","Non-Endemic"
"White-bellied Erpornis","whbyuh1","Resident","Woodland","Non-Endemic"
"Indian Golden Oriole","ingori1","Within-Region Migrant","Generalist","Non-Endemic"
"Black-naped Oriole","blnori1","Long-Distance Migrant","Woodland","Non-Endemic"
"Black-hooded Oriole","blhori1","Resident","Woodland","Non-Endemic"
"Maroon Oriole","marori2","Resident","Woodland","Non-Endemic"
"Black Drongo","bladro1","Resident","Generalist","Non-Endemic"
"Ashy Drongo","ashdro1","Within-Region Migrant","Woodland","Non-Endemic"
"White-bellied Drongo","whbdro1","Resident","Woodland","South Asia"
"Bronzed Drongo","brodro1","Resident","Woodland","Non-Endemic"
"Lesser Racket-tailed Drongo","lrtdro1","Resident","Woodland, Tropical Forest","Non-Endemic"
"Hair-crested Drongo","hacdro1","Within-Region Migrant","Woodland","Non-Endemic"
"Andaman Drongo","anddro1","Resident","Woodland, Tropical Forest","South Asia, A & N Islands"
"Greater Racket-tailed Drongo","grtdro1","Resident","Woodland, Tropical Forest","Non-Endemic"
"White-throated Fantail","whtfan1","Resident","Woodland","Non-Endemic"
"White-spotted Fantail","spbfan1","Resident","Woodland","South Asia, India, Mainland India"
"White-browed Fantail","whbfan2","Resident","Woodland","Non-Endemic"
"Black-naped Monarch","blnmon1","Resident","Woodland","Non-Endemic"
"Indian Paradise-flycatcher","aspfly1","Within-Region Migrant","Woodland","Non-Endemic"
"Eurasian Jay","eurjay1","Resident","Woodland, Temperate Forest","Non-Endemic"
"Black-headed Jay","blhjay1","Resident","Woodland","Himalayas & NE India, Western Himalayas"
"Yellow-billed Blue Magpie","gobmag1","Resident","Woodland, Temperate Forest","Himalayas & NE India"
"Red-billed Blue Magpie","rbbmag","Resident","Generalist","Non-Endemic"
"Common Green Magpie","gremag1","Resident","Woodland","Non-Endemic"
"Rufous Treepie","ruftre2","Resident","Generalist","Non-Endemic"
"Grey Treepie","grytre1","Resident","Woodland","Non-Endemic"
"White-bellied Treepie","whbtre1","Resident","Woodland, Tropical Forest","South Asia, India, Mainland India, Western Ghats & SL, Western Ghats"
"Collared Treepie","coltre1","Resident","Woodland","Non-Endemic"
"Andaman Treepie","andtre1","Resident","Woodland, Tropical Forest","South Asia, India, A & N Islands"
"Large-spotted Nutcracker","sponut1","Resident","Woodland, Temperate Forest","Himalayas & NE India, Western Himalayas"
"Red-billed Chough","rebcho1","Resident","Generalist","Non-Endemic"
"Yellow-billed Chough","yebcho1","Resident","Generalist","Non-Endemic"
"House Crow","houcro1","Resident","Generalist","Non-Endemic"
"Large-billed Crow","labcro1","Resident","Generalist","Non-Endemic"
"Common Raven","comrav","Resident","Generalist","Non-Endemic"
"Rufous-tailed Lark","rutlar2","Resident","Generalist","South Asia"
"Ashy-crowned Sparrow Lark","ascspl1","Resident","Grassland","South Asia"
"Singing Bushlark","sinbus1","Resident","Grassland","Non-Endemic"
"Bengal Bushlark","benbus1","Resident","Generalist","South Asia"
"Jerdon's Bushlark","jerbus2","Resident","Generalist","South Asia"
"Indian Bushlark","indbus2","Resident","Grassland","South Asia"
"Greater Short-toed Lark","gstlar1","Long-Distance Migrant","Grassland","Non-Endemic"
"Sykes's Short-toed Lark","sstlar4","Long-Distance Migrant","Grassland","Non-Endemic"
"Sand Lark","sanlar1","Resident","Generalist","Non-Endemic"
"Oriental Skylark","orisky1","Resident","Generalist","Non-Endemic"
"Crested Lark","crelar2","Resident","Generalist","Non-Endemic"
"Malabar Lark","mallar1","Resident","Grassland","South Asia, India, Mainland India"
"Sykes's Lark","tawlar1","Resident","Grassland","South Asia, India, Mainland India"
"Grey-throated Martin","gytmar1","Resident","Wetland","Non-Endemic"
"Eurasian Crag Martin","eurcrm1","Within-Region Migrant","Generalist","Non-Endemic"
"Dusky Crag Martin","duscrm1","Resident","Generalist","Non-Endemic"
"Barn Swallow","barswa","Within-Region Migrant","Generalist","Non-Endemic"
"Wire-tailed Swallow","witswa1","Resident","Generalist","Non-Endemic"
"Hill Swallow","pacswa3","Resident","Generalist","South Asia, Western Ghats & SL"
"Red-rumped Swallow","rerswa1","Resident","Generalist","Non-Endemic"
"Streak-throated Swallow","sttswa2","Resident","Generalist","Non-Endemic"
"Nepal House Martin","nephom1","Within-Region Migrant","Generalist","Non-Endemic"
"Yellow-bellied Fairy-fantail","yebfan1","Resident","Woodland","Non-Endemic"
"Grey-headed Canary-flycatcher","gyhcaf1","Within-Region Migrant","Woodland","Non-Endemic"
"Fire-capped Tit","fictit1","Resident","Woodland","Non-Endemic"
"Yellow-browed Tit","yebtit3","Resident","Generalist","Non-Endemic"
"Sultan Tit","sultit1","Resident","Woodland","Non-Endemic"
"Coal Tit","coatit2","Resident","Woodland, Temperate Forest","Non-Endemic"
"Rufous-naped Tit","bkbtit2","Resident","Woodland, Temperate Forest","Non-Endemic"
"Rufous-vented Tit","ruvtit2","Resident","Woodland, Temperate Forest","Non-Endemic"
"Grey-crested Tit","gyctit1","Resident","Woodland, Temperate Forest","Non-Endemic"
"Green-backed Tit","grbtit1","Resident","Generalist","Non-Endemic"
"Cinereous Tit","gretit2","Resident","Generalist","Non-Endemic"
"White-naped Tit","whwtit2","Resident","Woodland, Scrub","South Asia, India, Mainland India"
"Himalayan Black-lored Tit","blltit1","Resident","Woodland","Himalayas & NE India"
"Indian Yellow Tit","indtit1","Resident","Woodland","South Asia, India, Mainland India"
"Yellow-cheeked Tit","yectit1","Resident","Woodland, Temperate Forest","Non-Endemic"
"Black-throated Tit","blttit2","Resident","Woodland","Non-Endemic"
"White-throated Tit","whttit1","Resident","Woodland, Temperate Forest","South Asia, Himalayas & NE India, Western Himalayas"
"Black-browed Tit","bkbtit3","Resident","Woodland, Temperate Forest","Non-Endemic"
"Indian Nuthatch","chbnut2","Resident","Woodland","South Asia"
"Chestnut-bellied Nuthatch","chbnut3","Resident","Woodland","Non-Endemic"
"Kashmir Nuthatch","kasnut1","Resident","Woodland","Himalayas & NE India, Western Himalayas"
"White-tailed Nuthatch","whtnut1","Resident","Woodland, Temperate Forest","Himalayas & NE India"
"White-cheeked Nuthatch","whcnut1","Resident","Woodland, Temperate Forest","Himalayas & NE India, Western Himalayas"
"Velvet-fronted Nuthatch","vefnut1","Resident","Woodland","Non-Endemic"
"Beautiful Nuthatch","beanut1","Resident","Woodland","Non-Endemic"
"Wallcreeper","wallcr1","Long-Distance Migrant","Generalist","Non-Endemic"
"Hodgson's Treecreeper","eurtre3","Resident","Woodland, Temperate Forest","Non-Endemic"
"Bar-tailed Treecreeper","battre1","Resident","Woodland","Non-Endemic"
"Rusty-flanked Treecreeper","ruftre4","Resident","Woodland, Temperate Forest","Himalayas & NE India"
"Sikkim Treecreeper","bnttre1","Resident","Woodland, Temperate Forest","Himalayas & NE India"
"Indian Spotted Creeper","spocre3","Resident","Woodland","South Asia, India, Central India"
"Eurasian Wren","winwre4","Resident","Generalist","Non-Endemic"
"Brown Dipper","brodip1","Resident","Wetland","Non-Endemic"
"Grey-headed Bulbul","gyhbul1","Resident","Woodland, Tropical Forest","South Asia, India, Mainland India, Western Ghats & SL, Western Ghats"
"Andaman Bulbul","andbul1","Resident","Woodland, Tropical Forest","South Asia, India, A & N Islands"
"Black-crested Bulbul","blcbul2","Resident","Woodland","Non-Endemic"
"Flame-throated Bulbul","bkcbul1","Resident","Woodland, Tropical Forest","South Asia, India, Mainland India, Western Ghats & SL, Western Ghats"
"Striated Bulbul","strbul2","Resident","Woodland","Non-Endemic"
"Red-vented Bulbul","revbul","Resident","Generalist","Non-Endemic"
"Red-whiskered Bulbul","rewbul","Resident","Generalist","Non-Endemic"
"White-eared Bulbul","whebul1","Resident","Generalist","Non-Endemic"
"Himalayan Bulbul","whcbul2","Resident","Generalist","Himalayas & NE India"
"Yellow-throated Bulbul","yetbul1","Resident","Woodland, Scrub","South Asia, India, Mainland India, Southern Deccan"
"White-browed Bulbul","whbbul2","Resident","Woodland","South Asia"
"White-throated Bulbul","whtbul1","Resident","Woodland, Tropical Forest","Non-Endemic"
"Indian Olive Bulbul","cacbul1","Resident","Woodland, Tropical Forest","Himalayas & NE India, NE India"
"Yellow-browed Bulbul","yebbul3","Resident","Woodland","South Asia"
"Black Bulbul","blabul1","Resident","Woodland","Non-Endemic"
"Square-tailed Bulbul","sqtbul1","Resident","Woodland","South Asia, Western Ghats & SL"
"Nicobar Bulbul","nicbul2","Resident","Woodland","South Asia, India, A & N Islands"
"Ashy Bulbul","ashbul1","Resident","Woodland","Non-Endemic"
"Mountain Bulbul","moubul2","Resident","Woodland","Non-Endemic"
"Scaly-breasted Wren Babbler","sbwbab1","Resident","Generalist","Non-Endemic"
"Nepal Wren Babbler","immwrb1","Resident","Generalist","Himalayas & NE India"
"Pygmy Wren Babbler","pywbab1","Resident","Woodland","Non-Endemic"
"Pale-footed Bush Warbler","pfbwar1","Resident","Generalist","Non-Endemic"
"Grey-bellied Tesia","gybtes1","Resident","Woodland","Non-Endemic"
"Slaty-bellied Tesia","slbtes1","Resident","Woodland","Non-Endemic"
"Grey-sided Bush Warbler","gysbuw1","Resident","Generalist","Non-Endemic"
"Chestnut-headed Tesia","chhtes1","Resident","Woodland","Non-Endemic"
"Yellow-bellied Warbler","yebwar1","Resident","Woodland","Non-Endemic"
"Black-faced Warbler","blfwar1","Resident","Woodland, Temperate Forest","Non-Endemic"
"Mountain Tailorbird","moutai2","Resident","Generalist","Non-Endemic"
"Broad-billed Warbler","brbwar1","Resident","Woodland","Himalayas & NE India, NE India"
"Brownish-flanked Bush Warbler","bfbwar1","Resident","Generalist","Non-Endemic"
"Hume's Bush Warbler","yebbuw2","Resident","Woodland, Temperate Forest","Himalayas & NE India"
"Aberrant Bush Warbler","abbwar1","Resident","Woodland","Non-Endemic"
"Ashy-throated Warbler","astwar2","Resident","Woodland, Temperate Forest","Non-Endemic"
"Buff-barred Warbler","bubwar1","Resident","Woodland, Temperate Forest","Non-Endemic"
"Yellow-browed Warbler","yebwar3","Long-Distance Migrant","Woodland","Non-Endemic"
"Hume's Leaf Warbler","humwar1","Within-Region Migrant","Woodland","Non-Endemic"
"Brooks's Leaf Warbler","brlwar1","Long-Distance Migrant","Woodland","Non-Endemic"
"Lemon-rumped Warbler","parwar1","Resident","Woodland","Non-Endemic"
"Tytler's Leaf Warbler","tylwar1","Within-Region Migrant","Woodland","Non-Endemic"
"Sulphur-bellied Warbler","subwar2","Within-Region Migrant","Generalist","Non-Endemic"
"Tickell's Leaf Warbler","tilwar1","Within-Region Migrant","Generalist","Non-Endemic"
"Dusky Warbler","duswar","Long-Distance Migrant","Wetland","Non-Endemic"
"Smoky Warbler","smowar1","Long-Distance Migrant","Generalist","Non-Endemic"
"Kashmir Chiffchaff","mouchi2","Resident","Generalist","Non-Endemic"
"Common Chiffchaff","comchi1","Long-Distance Migrant","Generalist","Non-Endemic"
"White-spectacled Warbler","whswar1","Resident","Woodland","Non-Endemic"
"Grey-cheeked Warbler","gycwar2","Resident","Woodland","Non-Endemic"
"Green-crowned Warbler","goswar1","Within-Region Migrant","Woodland","Non-Endemic"
"Whistler's Warbler","whiwar2","Resident","Woodland","Non-Endemic"
"Green Leaf Warbler","grnwar1","Long-Distance Migrant","Woodland","Non-Endemic"
"Greenish Leaf Warbler","grewar3","Within-Region Migrant","Woodland","Non-Endemic"
"Large-billed Leaf Warbler","lblwar1","Within-Region Migrant","Woodland","Non-Endemic"
"Chestnut-crowned Warbler","chcwar2","Resident","Woodland, Temperate Forest","Non-Endemic"
"Yellow-vented Leaf Warbler","yevwar1","Resident","Woodland","Himalayas & NE India, NE India"
"Western Crowned Leaf Warbler","weclew1","Within-Region Migrant","Woodland","Non-Endemic"
"Blyth's Leaf Warbler","blylew1","Within-Region Migrant","Woodland","Non-Endemic"
"Grey-hooded Leaf Warbler","gyhwar2","Resident","Woodland","Himalayas & NE India"
"Thick-billed Warbler","thbwar1","Long-Distance Migrant","Generalist","Non-Endemic"
"Booted Warbler","boowar1","Long-Distance Migrant","Generalist","Non-Endemic"
"Sykes's Warbler","sykwar2","Long-Distance Migrant","Scrub","Non-Endemic"
"Paddyfield Warbler","padwar1","Long-Distance Migrant","Wetland","Non-Endemic"
"Blyth's Reed Warbler","blrwar1","Long-Distance Migrant","Generalist","Non-Endemic"
"Clamorous Reed Warbler","clrwar1","Within-Region Migrant","Wetland","Non-Endemic"
"Striated Grassbird","strgra1","Resident","Wetland, Grassland","Non-Endemic"
"Broad-tailed Grassbird","brtgra2","Resident","Generalist","South Asia, India, Mainland India, Western Ghats & SL, Western Ghats"
"West Himalayan Bush Warbler","spobuw2","Resident","Generalist","Himalayas & NE India, Western Himalayas"
"Spotted Bush Warbler","spobuw3","Resident","Grassland","Non-Endemic"
"Bristled Grassbird","brigra2","Within-Region Migrant","Wetland, Grassland","South Asia"
"Common Tailorbird","comtai1","Resident","Generalist","Non-Endemic"
"Striated Prinia","strpri2","Resident","Generalist","Non-Endemic"
"Black-throated Prinia","hilpri1","Resident","Generalist","Himalayas & NE India"
"Grey-crowned Prinia","gycpri1","Resident","Generalist","South Asia, Himalayas & NE India"
"Rufous-fronted Prinia","rufpri2","Resident","Generalist","South Asia"
"Grey-breasted Prinia","gybpri1","Resident","Generalist","Non-Endemic"
"Graceful Prinia","grapri1","Resident","Generalist","Non-Endemic"
"Jungle Prinia","junpri1","Resident","Generalist","South Asia"
"Yellow-bellied Prinia","yebpri1","Resident","Wetland, Grassland","Non-Endemic"
"Ashy Prinia","ashpri1","Resident","Generalist","South Asia"
"Plain Prinia","plapri1","Resident","Generalist","Non-Endemic"
"Zitting Cisticola","zitcis1","Resident","Grassland","Non-Endemic"
"Golden-headed Cisticola","gohcis1","Resident","Grassland","Non-Endemic"
"Lesser Whitethroat","leswhi4","Within-Region Migrant","Scrub","Non-Endemic"
"Eastern Orphean Warbler","eaowar2","Long-Distance Migrant","Generalist","Non-Endemic"
"Fire-tailed Myzornis","fitmyz1","Resident","Woodland, Temperate Forest","Himalayas & NE India"
"Yellow-eyed Babbler","yeebab1","Resident","Generalist","Non-Endemic"
"Jerdon's Babbler","jerbab1","Resident","Wetland, Grassland","Non-Endemic"
"White-browed Fulvetta","whbful1","Resident","Woodland, Temperate Forest","Non-Endemic"
"White-breasted Parrotbill","ruhpar3","Resident","Generalist","Himalayas & NE India, NE India"
"Black-breasted Parrotbill","blbpar2","Resident","Wetland, Grassland","South Asia, Assam Plains"
"Lesser Rufous-headed Parrotbill","blbpar3","Resident","Woodland","Non-Endemic"
"Black-throated Parrotbill","bltpar1","Resident","Woodland, Temperate Forest","Non-Endemic"
"Striated Yuhina","stryuh1","Resident","Woodland","Non-Endemic"
"White-naped Yuhina","whnyuh1","Resident","Woodland","Himalayas & NE India, NE India"
"Whiskered Yuhina","whiyuh1","Resident","Woodland","Non-Endemic"
"Stripe-throated Yuhina","sttyuh1","Resident","Woodland, Temperate Forest","Non-Endemic"
"Rufous-vented Yuhina","ruvyuh1","Resident","Woodland, Temperate Forest","Himalayas & NE India, NE India"
"Black-chinned Yuhina","blcyuh1","Resident","Woodland","Non-Endemic"
"Oriental White-eye","indwhe1","Resident","Generalist","Non-Endemic"
"Chestnut-capped Babbler","chcbab1","Resident","Grassland","Non-Endemic"
"Pin-striped Tit Babbler","sttbab1","Resident","Generalist","Non-Endemic"
"Tawny-bellied Babbler","tabbab1","Resident","Generalist","South Asia"
"Dark-fronted Babbler","dafbab1","Resident","Woodland, Tropical Forest","South Asia, Western Ghats & SL"
"Golden Babbler","golbab1","Resident","Woodland","Non-Endemic"
"Black-chinned Babbler","blcbab2","Resident","Generalist","Himalayas & NE India"
"Rufous-capped Babbler","rucbab1","Resident","Woodland","Non-Endemic"
"Buff-chested Babbler","bucbab1","Resident","Generalist","Non-Endemic"
"Rufous-throated Wren Babbler","rtwbab1","Resident","Woodland, Temperate Forest","South Asia, Himalayas & NE India, NE India"
"Mishmi Wren Babbler","miswrb1","Resident","Woodland, Temperate Forest","South Asia, India, Mainland India, Himalayas & NE India, NE India"
"Bar-winged Wren Babbler","bwwbab1","Resident","Woodland, Temperate Forest","Non-Endemic"
"Naga Wren Babbler","ltwbab1","Resident","Generalist","South Asia, India, Mainland India, Himalayas & NE India, NE India"
"Tawny-breasted Wren Babbler","tbwbab1","Resident","Generalist","South Asia, India, Mainland India, Himalayas & NE India, NE India"
"Slender-billed Scimitar Babbler","sbsbab1","Resident","Woodland","Non-Endemic"
"Streak-breasted Scimitar Babbler","sbsbab3","Resident","Generalist","Non-Endemic"
"Indian Scimitar Babbler","insbab1","Resident","Woodland, Tropical Forest","South Asia, India, Mainland India"
"White-browed Scimitar Babbler","wbsbab1","Resident","Generalist","Non-Endemic"
"Rusty-cheeked Scimitar Babbler","rcsbab1","Resident","Woodland","Non-Endemic"
"Spot-breasted Scimitar Babbler","spbscb1","Resident","Generalist","Himalayas & NE India, NE India"
"Snowy-throated Babbler","sntbab1","Resident","Woodland, Tropical Forest","Himalayas & NE India, NE India"
"Sikkim Wedge-billed Babbler","wbwbab1","Resident","Woodland, Temperate Forest","Himalayas & NE India, NE India"
"Cachar Wedge-billed Babbler","chbbab1","Resident","Woodland","Himalayas & NE India, NE India"
"White-hooded Babbler","whhbab2","Resident","Woodland, Tropical Forest","Non-Endemic"
"Yellow-throated Fulvetta","yetful1","Resident","Woodland","Himalayas & NE India, NE India"
"Rufous-throated Fulvetta","rutful1","Resident","Woodland, Tropical Forest","Non-Endemic"
"Rufous-vented Grass Babbler","ruvpri1","Resident","Wetland, Grassland","South Asia, Indus Plains"
"Swamp Grass Babbler","swapri1","Resident","Wetland, Grassland","South Asia, Assam Plains"
"Puff-throated Babbler","putbab1","Resident","Woodland","Non-Endemic"
"Marsh Babbler","marbab2","Resident","Wetland, Grassland","South Asia, Assam Plains"
"Long-billed Wren Babbler","lbwbab1","Resident","Woodland","Himalayas & NE India, NE India"
"Abbott's Babbler","abbbab1","Resident","Woodland, Tropical Forest","Non-Endemic"
"Indian Grass Babbler","rurgra1","Resident","Wetland, Grassland","South Asia"
"Ludlow's Fulvetta","ludful1","Resident","Woodland, Temperate Forest","Himalayas & NE India, NE India"
"Quaker Tit Babbler","brcful1","Resident","Woodland, Tropical Forest","Non-Endemic"
"Nepal Tit Babbler","nepful1","Resident","Woodland","Non-Endemic"
"Striated Laughingthrush","strlau2","Resident","Woodland","Himalayas & NE India"
"Himalayan Cutia","cutia1","Resident","Woodland, Temperate Forest","Non-Endemic"
"Common Babbler","combab3","Resident","Generalist","South Asia"
"Striated Babbler","strbab1","Resident","Wetland, Grassland","Non-Endemic"
"Slender-billed Babbler","slbbab1","Resident","Wetland, Grassland","South Asia, Assam Plains"
"Large Grey Babbler","lagbab2","Resident","Generalist","South Asia"
"Rufous Babbler","rufbab3","Resident","Generalist","South Asia, India, Mainland India, Western Ghats & SL, Western Ghats"
"Jungle Babbler","junbab2","Resident","Generalist","South Asia"
"Yellow-billed Babbler","yebbab1","Resident","Generalist","South Asia"
"White-crested Laughingthrush","whclau2","Resident","Woodland","Non-Endemic"
"Lesser Necklaced Laughingthrush","lenlau1","Resident","Woodland","Non-Endemic"
"Spot-breasted Laughingthrush","spblau1","Resident","Woodland, Tropical Forest","Himalayas & NE India, NE India"
"Moustached Laughingthrush","moulau1","Resident","Generalist","Himalayas & NE India, NE India"
"Rufous-chinned Laughingthrush","ruclau1","Resident","Woodland","Himalayas & NE India"
"Greater Necklaced Laughingthrush","gnlthr","Resident","Woodland, Tropical Forest","Non-Endemic"
"White-throated Laughingthrush","whtlau1","Resident","Woodland, Temperate Forest","Non-Endemic"
"Rufous-necked Laughingthrush","runlau1","Resident","Generalist","Non-Endemic"
"Chestnut-backed Laughingthrush","chblau1","Resident","Generalist","Himalayas & NE India, NE India"
"Yellow-throated Laughingthrush","yetlau1","Resident","Generalist","Himalayas & NE India, NE India"
"Wayanad Laughingthrush","wynlau1","Resident","Woodland, Tropical Forest","South Asia, India, Mainland India, Western Ghats & SL, Western Ghats"
"Rufous-vented Laughingthrush","ruvlau1","Resident","Woodland, Tropical Forest","Himalayas & NE India, NE India"
"Grey-sided Laughingthrush","gyslau","Resident","Woodland","Himalayas & NE India, NE India"
"Streaked Laughingthrush","strlau1","Resident","Generalist","Himalayas & NE India"
"Bhutan Laughingthrush","bhulau1","Resident","Generalist","Himalayas & NE India, NE India"
"Striped Laughingthrush","strlau3","Resident","Generalist","Himalayas & NE India, NE India"
"Scaly Laughingthrush","scalau1","Resident","Woodland, Temperate Forest","Non-Endemic"
"Brown-capped Laughingthrush","brclau1","Resident","Woodland, Temperate Forest","Himalayas & NE India, NE India"
"Blue-winged Laughingthrush","blwlau1","Resident","Woodland","Himalayas & NE India, NE India"
"Variegated Laughingthrush","varlau1","Resident","Woodland","Himalayas & NE India"
"Chestnut-crowned Laughingthrush","chclau2","Resident","Woodland, Temperate Forest","Himalayas & NE India"
"Assam Laughingthrush","asslau1","Resident","Woodland, Temperate Forest","Himalayas & NE India, NE India"
"Banasura Laughingthrush","bkclau1","Resident","Woodland, Tropical Forest","South Asia, India, Mainland India, Western Ghats & SL, Western Ghats"
"Nilgiri Laughingthrush","bkclau2","Resident","Woodland","South Asia, India, Mainland India, Western Ghats & SL, Western Ghats"
"Palani Laughingthrush","kerlau2","Resident","Woodland","South Asia, India, Mainland India, Western Ghats & SL, Western Ghats"
"Ashambu Laughingthrush","kerlau3","Resident","Woodland, Tropical Forest","South Asia, India, Mainland India, Western Ghats & SL, Western Ghats"
"Rufous Sibia","rufsib1","Resident","Woodland","Himalayas & NE India"
"Grey Sibia","grysib1","Resident","Woodland","Himalayas & NE India, NE India"
"Beautiful Sibia","beasib1","Resident","Woodland","Himalayas & NE India, NE India"
"Silver-eared Mesia","siemes1","Resident","Woodland","Non-Endemic"
"Red-billed Leiothrix","reblei","Resident","Woodland","Non-Endemic"
"Red-tailed Minla","retmin1","Resident","Woodland","Non-Endemic"
"Rufous-backed Sibia","rubsib1","Resident","Woodland","Non-Endemic"
"Bugun Liocichla","buglio1","Resident","Generalist","South Asia, India, Mainland India, Himalayas & NE India, NE India"
"Red-faced Liocichla","reflio2","Resident","Generalist","Non-Endemic"
"Hoary-throated Barwing","hotbar1","Resident","Woodland, Temperate Forest","Himalayas & NE India, NE India"
"Streak-throated Barwing","sttbar1","Resident","Woodland, Temperate Forest","Himalayas & NE India, NE India"
"Rusty-fronted Barwing","rufbar1","Resident","Woodland, Temperate Forest","Himalayas & NE India, NE India"
"Blue-winged Minla","blwmin1","Resident","Woodland","Non-Endemic"
"Chestnut-tailed Minla","chtmin1","Resident","Woodland, Temperate Forest","Non-Endemic"
"Asian Fairy-bluebird","asfblu1","Resident","Woodland, Tropical Forest","Non-Endemic"
"Dark-sided Flycatcher","dasfly","Within-Region Migrant","Woodland, Temperate Forest","Non-Endemic"
"Asian Brown Flycatcher","asbfly","Within-Region Migrant","Woodland","Non-Endemic"
"Brown-breasted Flycatcher","brbfly2","Long-Distance Migrant","Woodland","Non-Endemic"
"Indian Robin","indrob1","Resident","Generalist","South Asia"
"Oriental Magpie Robin","magrob","Resident","Generalist","Non-Endemic"
"White-rumped Shama","whrsha","Resident","Woodland","Non-Endemic"
"Andaman Shama","andsha1","Resident","Woodland","South Asia, India, A & N Islands"
"White-gorgeted Flycatcher","whgfly1","Resident","Woodland","Non-Endemic"
"Nilgiri Sholakili","whbsho1","Resident","Woodland","South Asia, India, Mainland India, Western Ghats & SL, Western Ghats"
"White-bellied Sholakili","whbsho3","Resident","Woodland","South Asia, India, Mainland India, Western Ghats & SL, Western Ghats"
"White-bellied Blue Flycatcher","wbbfly1","Resident","Woodland, Tropical Forest","South Asia, India, Mainland India, Western Ghats & SL, Western Ghats"
"Pale-chinned Flycatcher","pacblf1","Resident","Woodland, Tropical Forest","Non-Endemic"
"Blue-throated Flycatcher","butfly1","Within-Region Migrant","Woodland","Non-Endemic"
"Large Blue Flycatcher","larblf1","S","Woodland, Temperate Forest","Non-Endemic"
"Tickell's Blue Flycatcher","tibfly3","Resident","Woodland","South Asia"
"Nicobar Jungle Flycatcher","nicjuf1","Resident","Woodland, Tropical Forest","South Asia, India, A & N Islands"
"Large Niltava","larnil1","Resident","Woodland","Non-Endemic"
"Small Niltava","smanil1","Resident","Generalist","Non-Endemic"
"Rufous-bellied Niltava","rubnil1","Resident","Woodland","Non-Endemic"
"Nilgiri Flycatcher","nilfly2","Resident","Woodland","South Asia, India, Mainland India, Western Ghats & SL, Western Ghats"
"Verditer Flycatcher","verfly4","Within-Region Migrant","Woodland","Non-Endemic"
"Rusty-bellied Shortwing","rubsho1","Resident","Generalist","Himalayas & NE India, NE India"
"Gould's Shortwing","gousho1","Resident","Woodland, Temperate Forest","Himalayas & NE India, NE India"
"Lesser Shortwing","lessho1","Resident","Generalist","Non-Endemic"
"Indian Blue Robin","inbrob1","Within-Region Migrant","Woodland","Non-Endemic"
"Bluethroat","blueth","Within-Region Migrant","Wetland","Non-Endemic"
"Malabar Whistling Thrush","mawthr1","Resident","Generalist","South Asia, India, Mainland India"
"Blue Whistling Thrush","blwthr1","Resident","Generalist","Non-Endemic"
"Little Forktail","litfor1","Resident","Generalist","Non-Endemic"
"Spotted Forktail","spofor1","Resident","Generalist","Non-Endemic"
"Black-backed Forktail","blbfor1","Resident","Generalist","Non-Endemic"
"Slaty-backed Forktail","slbfor1","Resident","Generalist","Non-Endemic"
"Siberian Rubythroat","sibrub","Long-Distance Migrant","Wetland","Non-Endemic"
"Himalayan Rubythroat","himrub1","Resident","Generalist","Non-Endemic"
"Chinese Rubythroat","chirub1","Within-Region Migrant","Generalist","Non-Endemic"
"White-tailed Robin","whtrob2","Resident","Woodland","Non-Endemic"
"Blue-fronted Robin","blfrob1","Resident","Woodland, Temperate Forest","Non-Endemic"
"Himalayan Bush Robin","himblu1","Resident","Woodland","Non-Endemic"
"Rufous-breasted Bush Robin","rbbrob1","Resident","Woodland, Temperate Forest","Himalayas & NE India"
"Golden Bush Robin","gobrob1","Resident","Generalist","Non-Endemic"
"Black-and-orange Flycatcher","barfly1","Resident","Woodland","South Asia, India, Mainland India, Western Ghats & SL, Western Ghats"
"Slaty-blue Flycatcher","slbfly2","Resident","Generalist","Non-Endemic"
"Snowy-browed Flycatcher","snbfly1","Resident","Woodland","Non-Endemic"
"Pygmy Blue Flycatcher","pybfly1","Resident","Generalist","Non-Endemic"
"Rufous-gorgeted Flycatcher","rugfly1","Resident","Generalist","Non-Endemic"
"Sapphire Flycatcher","sapfly1","Resident","Woodland","Non-Endemic"
"Little Pied Flycatcher","lipfly1","Resident","Woodland","Non-Endemic"
"Ultramarine Flycatcher","ultfly1","Within-Region Migrant","Woodland","Non-Endemic"
"Rusty-tailed Flycatcher","rutfly6","Within-Region Migrant","Woodland","Non-Endemic"
"Taiga Flycatcher","taifly1","Long-Distance Migrant","Woodland","Non-Endemic"
"Kashmir Flycatcher","kasfly1","Within-Region Migrant","Woodland","South Asia"
"Red-breasted Flycatcher","rebfly","Long-Distance Migrant","Woodland","Non-Endemic"
"Blue-fronted Redstart","blfred1","Resident","Generalist","Non-Endemic"
"Plumbeous Water Redstart","plured1","Resident","Wetland","Non-Endemic"
"White-capped Water Redstart","whcred1","Resident","Generalist","Non-Endemic"
"Blue-capped Redstart","bucred1","Resident","Woodland","Non-Endemic"
"White-winged Redstart","whwred2","Resident","Generalist","Non-Endemic"
"Black Redstart","blared1","Within-Region Migrant","Generalist","Non-Endemic"
"Chestnut-bellied Rock Thrush","cbrthr1","Resident","Woodland","Non-Endemic"
"Blue-capped Rock Thrush","bcrthr1","Within-Region Migrant","Generalist","Non-Endemic"
"Blue Rock Thrush","burthr","Within-Region Migrant","Generalist","Non-Endemic"
"Stoliczka's Bushchat","whbbus4","Resident","Generalist","South Asia"
"Hodgson's Bushchat","whtbus1","Long-Distance Migrant","Wetland, Grassland","Non-Endemic"
"Siberian Stonechat","sibsto1","Within-Region Migrant","Generalist","Non-Endemic"
"Pied Bushchat","piebus1","Within-Region Migrant","Generalist","Non-Endemic"
"Grey Bushchat","grybus1","Resident","Generalist","Non-Endemic"
"Brown Rock Chat","indcha1","Resident","Generalist","South Asia"
"Variable Wheatear","varwhe1","Long-Distance Migrant","Generalist","Non-Endemic"
"Desert Wheatear","deswhe1","Within-Region Migrant","Generalist","Non-Endemic"
"Isabelline Wheatear","isawhe1","Long-Distance Migrant","Grassland","Non-Endemic"
"Grandala","granda1","Resident","Generalist","Non-Endemic"
"Long-tailed Thrush","lotthr1","Resident","Generalist","Non-Endemic"
"Alpine Thrush","alpthr1","Resident","Generalist","Non-Endemic"
"Dark-sided Thrush","dasthr1","Resident","Woodland","Himalayas & NE India"
"Long-billed Thrush","lobthr1","Resident","Woodland","Himalayas & NE India"
"Scaly Thrush","scathr8","Resident","Woodland","Non-Endemic"
"Nilgiri Thrush","scathr4","Resident","Woodland, Tropical Forest","South Asia, India, Mainland India, Western Ghats & SL, Western Ghats"
"Purple Cochoa","purcoc1","Within-Region Migrant","Woodland","Non-Endemic"
"Pied Thrush","piethr1","Within-Region Migrant","Woodland","South Asia"
"Orange-headed Thrush","orhthr1","Within-Region Migrant","Woodland","Non-Endemic"
"Mistle Thrush","misthr1","Resident","Generalist","Non-Endemic"
"Grey-winged Blackbird","gywbla1","Resident","Woodland","Non-Endemic"
"Indian Blackbird","eurbla2","Within-Region Migrant","Generalist","South Asia"
"Tickell's Thrush","ticthr1","Within-Region Migrant","Woodland","South Asia"
"Tibetan Blackbird","tibbla1","Within-Region Migrant","Generalist","Himalayas & NE India"
"White-collared Blackbird","whcbla1","Resident","Woodland, Temperate Forest","Himalayas & NE India"
"Common Hill Myna","hilmyn","Resident","Woodland","Non-Endemic"
"Southern Hill Myna","sohmyn1","Resident","Woodland","South Asia, Western Ghats & SL"
"Common Starling","eursta","Within-Region Migrant","Generalist","Non-Endemic"
"Rosy Starling","rossta2","Long-Distance Migrant","Generalist","Non-Endemic"
"Asian Pied Starling","aspsta2","Resident","Generalist","Non-Endemic"
"Brahminy Starling","brasta1","Resident","Generalist","Non-Endemic"
"Chestnut-tailed Starling","chtsta2","Resident","Woodland","Non-Endemic"
"Malabar Starling","malsta1","Resident","Woodland","South Asia, India, Mainland India, Western Ghats & SL, Western Ghats"
"White-headed Starling","whhsta2","Resident","Generalist","South Asia, India, A & N Islands"
"Common Myna","commyn","Resident","Generalist","Non-Endemic"
"Bank Myna","banmyn1","Resident","Generalist","South Asia"
"Jungle Myna","junmyn1","Resident","Generalist","Non-Endemic"
"Great Myna","whvmyn1","Resident","Generalist","Non-Endemic"
"Spot-winged Starling","spwsta1","Within-Region Migrant","Woodland","Non-Endemic"
"Jerdon's Leafbird","jerlea1","Resident","Woodland","South Asia"
"Golden-fronted Leafbird","goflea1","Resident","Woodland","Non-Endemic"
"Orange-bellied Leafbird","orblea1","Resident","Woodland","Non-Endemic"
"Thick-billed Flowerpecker","thbflo1","Resident","Generalist","Non-Endemic"
"Pale-billed Flowerpecker","pabflo1","Resident","Generalist","South Asia"
"Nilgiri Flowerpecker","plaflo1","Resident","Generalist","South Asia, India, Mainland India, Western Ghats & SL, Western Ghats"
"Plain Flowerpecker","plaflo2","Resident","Woodland","Non-Endemic"
"Andaman Flowerpecker","andflo1","Resident","Woodland, Tropical Forest","South Asia, India, A & N Islands"
"Fire-breasted Flowerpecker","fibflo2","Resident","Woodland","Non-Endemic"
"Scarlet-backed Flowerpecker","scbflo1","Resident","Woodland","Non-Endemic"
"Ruby-cheeked Sunbird","rucsun2","Resident","Woodland, Tropical Forest","Non-Endemic"
"Purple-rumped Sunbird","pursun3","Resident","Generalist","South Asia"
"Crimson-backed Sunbird","crbsun2","Resident","Woodland","South Asia, India, Mainland India, Western Ghats & SL, Western Ghats"
"Purple Sunbird","pursun4","Resident","Generalist","Non-Endemic"
"Loten's Sunbird","lobsun2","Resident","Woodland","South Asia"
"Fire-tailed Sunbird","fitsun1","Resident","Woodland","Non-Endemic"
"Black-throated Sunbird","bltsun1","Resident","Woodland","Non-Endemic"
"Mrs Gould's Sunbird","gousun1","Resident","Woodland","Non-Endemic"
"Green-tailed Sunbird","grtsun1","Resident","Woodland","Non-Endemic"
"Vigors's Sunbird","wecsun1","Resident","Generalist","South Asia, India, Mainland India, Western Ghats & SL, Western Ghats"
"Crimson Sunbird","eacsun1","Resident","Generalist","Non-Endemic"
"Little Spiderhunter","litspi1","Resident","Woodland","Non-Endemic"
"Streaked Spiderhunter","strspi1","Resident","Woodland","Non-Endemic"
"Alpine Accentor","alpacc1","Resident","Generalist","Non-Endemic"
"Altai Accentor","himacc1","Long-Distance Migrant","Generalist","Non-Endemic"
"Robin Accentor","robacc1","Resident","Generalist","Non-Endemic"
"Rufous-breasted Accentor","rubacc1","Resident","Generalist","Non-Endemic"
"Black-throated Accentor","bltacc1","Long-Distance Migrant","Generalist","Non-Endemic"
"Maroon-backed Accentor","mabacc1","Resident","Woodland, Temperate Forest","Non-Endemic"
"Forest Wagtail","forwag1","Long-Distance Migrant","Woodland","Non-Endemic"
"Grey Wagtail","grywag","Within-Region Migrant","Generalist","Non-Endemic"
"Western Yellow Wagtail","eaywag1","Long-Distance Migrant","Generalist","Non-Endemic"
"Citrine Wagtail","citwag","Within-Region Migrant","Generalist","Non-Endemic"
"White-browed Wagtail","whbwag1","Resident","Generalist","Non-Endemic"
"White Wagtail","whiwag","Long-Distance Migrant","Wetland","Non-Endemic"
"Richard's Pipit","ricpip1","Long-Distance Migrant","Grassland","Non-Endemic"
"Paddyfield Pipit","oripip1","Resident","Grassland","Non-Endemic"
"Long-billed Pipit","lobpip1","Long-Distance Migrant","Generalist","Non-Endemic"
"Blyth's Pipit","blypip1","Long-Distance Migrant","Grassland","Non-Endemic"
"Tawny Pipit","tawpip1","Long-Distance Migrant","Grassland","Non-Endemic"
"Nilgiri Pipit","nilpip1","Resident","Grassland","South Asia, India, Mainland India, Western Ghats & SL, Western Ghats"
"Upland Pipit","uplpip1","Resident","Generalist","Non-Endemic"
"Rosy Pipit","rospip1","Within-Region Migrant","Generalist","Non-Endemic"
"Tree Pipit","trepip","Within-Region Migrant","Generalist","Non-Endemic"
"Olive-backed Pipit","olbpip","Within-Region Migrant","Generalist","Non-Endemic"
"Black-and-yellow Grosbeak","baygro1","Resident","Woodland, Temperate Forest","Himalayas & NE India, Western Himalayas"
"Collared Grosbeak","colgro1","Resident","Woodland, Temperate Forest","Non-Endemic"
"Spot-winged Grosbeak","spwgro1","Resident","Woodland, Temperate Forest","Non-Endemic"
"Common Rosefinch","comros","Within-Region Migrant","Generalist","Non-Endemic"
"Scarlet Finch","scafin1","Resident","Woodland","Non-Endemic"
"Blyth's Rosefinch","blyros1","Resident","Generalist","Himalayas & NE India"
"Pink-browed Rosefinch","pibros2","Resident","Generalist","Himalayas & NE India"
"Spot-winged Rosefinch","spwros2","Resident","Generalist","Himalayas & NE India"
"Crimson-browed Finch","crbfin3","Resident","Generalist","Non-Endemic"
"Himalayan White-browed Rosefinch","whbros1","Resident","Woodland, Temperate Forest","Himalayas & NE India"
"Brown Bullfinch","brobul1","Resident","Woodland, Temperate Forest","Non-Endemic"
"Orange Bullfinch","orabul1","Resident","Woodland, Temperate Forest","South Asia, Himalayas & NE India, Western Himalayas"
"Red-headed Bullfinch","rehbul1","Resident","Woodland, Temperate Forest","Himalayas & NE India"
"Gold-naped Finch","gonfin1","Resident","Generalist","Himalayas & NE India"
"Spectacled Finch","spefin1","Resident","Woodland, Temperate Forest","Himalayas & NE India, Western Himalayas"
"Dark-breasted Rosefinch","dabros1","Resident","Generalist","Non-Endemic"
"Plain Mountain Finch","plmfin1","Resident","Generalist","Non-Endemic"
"Yellow-breasted Greenfinch","yebgre4","Resident","Generalist","Himalayas & NE India"
"European Goldfinch","eurgol","Resident","Generalist","Non-Endemic"
"Fire-fronted Serin","fifser1","Resident","Generalist","Non-Endemic"
"Crested Bunting","crebun1","Within-Region Migrant","Generalist","Non-Endemic"
"Black-headed Bunting","blhbun1","Long-Distance Migrant","Grassland","Non-Endemic"
"Red-headed Bunting","rehbun1","Long-Distance Migrant","Grassland","Non-Endemic"
"Rock Bunting","rocbun1","Resident","Generalist","Non-Endemic"
"White-capped Bunting","chbbun1","Within-Region Migrant","Generalist","Non-Endemic"
"Grey-necked Bunting","gyhbun1","Long-Distance Migrant","Scrub","Non-Endemic"
"Yellow-breasted Bunting","yebbun","Long-Distance Migrant","Generalist","Non-Endemic"
"House Sparrow","houspa","Within-Region Migrant","Generalist","Non-Endemic"
"Sind Sparrow","sinspa1","Resident","Generalist","South Asia, Indus Plains"
"Russet Sparrow","russpa2","Resident","Generalist","Non-Endemic"
"Eurasian Tree Sparrow","eutspa","Resident","Generalist","Non-Endemic"
"Yellow-throated Sparrow","chspet1","Resident","Woodland","Non-Endemic"
"Streaked Weaver","strwea2","Resident","Wetland, Grassland","Non-Endemic"
"Baya Weaver","baywea1","Resident","Generalist","Non-Endemic"
"Finn's Weaver","yelwea1","Resident","Wetland, Grassland","South Asia"
"Black-breasted Weaver","benwea1","Resident","Wetland, Grassland","South Asia"
"Green Munia","grnava1","Resident","Generalist","South Asia, India, Mainland India, Central India"
"Red Munia","redava","Resident","Generalist","Non-Endemic"
"Indian Silverbill","indsil","Resident","Generalist","Non-Endemic"
"White-rumped Munia","whrmun","Resident","Generalist","Non-Endemic"
"Black-throated Munia","bltmun1","Resident","Generalist","South Asia"
"Scaly-breasted Munia","nutman","Resident","Generalist","Non-Endemic"
"Tricoloured Munia","trimun","Resident","Grassland","South Asia"
"Chestnut Munia","chemun","Resident","Generalist","Non-Endemic"
